-- phpMyAdmin SQL Dump
-- version 5.2.0
-- https://www.phpmyadmin.net/
--
-- 主機： localhost
-- 產生時間： 2023-03-28 04:36:21
-- 伺服器版本： 10.4.27-MariaDB
-- PHP 版本： 7.4.33

SET SQL_MODE = "NO_AUTO_VALUE_ON_ZERO";
START TRANSACTION;
SET time_zone = "+00:00";


/*!40101 SET @OLD_CHARACTER_SET_CLIENT=@@CHARACTER_SET_CLIENT */;
/*!40101 SET @OLD_CHARACTER_SET_RESULTS=@@CHARACTER_SET_RESULTS */;
/*!40101 SET @OLD_COLLATION_CONNECTION=@@COLLATION_CONNECTION */;
/*!40101 SET NAMES utf8mb4 */;

--
-- 資料庫： `farmerwww`
--

-- --------------------------------------------------------

--
-- 資料表結構 `admins`
--

CREATE TABLE `admins` (
  `sid` int(11) NOT NULL,
  `account` varchar(255) NOT NULL,
  `password_hash` varchar(255) NOT NULL
) ENGINE=InnoDB DEFAULT CHARSET=utf8mb4 COLLATE=utf8mb4_general_ci;

--
-- 傾印資料表的資料 `admins`
--

INSERT INTO `admins` (`sid`, `account`, `password_hash`) VALUES
(1, 'farmerwww', '$2y$10$M4k9h2k0bS6paJHtI5h4f.9G.evVWs3f5ZeRa3DmQdWK6FeNDxnRu'),
(2, 'farmerwww2', '$2a$10$amY362KDvpIiy2pc./tYs.2fKEzX10TIK8uHS4YMccG2sP/YyWTYW'),
(3, 'test', '$2y$10$AxVh/N0hup8AvNKS.SdJR.DAP7EXSb5OwEcpnb38wmp8mbifcSQfW');

-- --------------------------------------------------------

--
-- 資料表結構 `all_category`
--

CREATE TABLE `all_category` (
  `sid` int(11) NOT NULL,
  `name` varchar(255) NOT NULL
) ENGINE=InnoDB DEFAULT CHARSET=utf8 COLLATE=utf8_general_ci;

--
-- 傾印資料表的資料 `all_category`
--

INSERT INTO `all_category` (`sid`, `name`) VALUES
(1, 'lesson'),
(2, 'product');

-- --------------------------------------------------------

--
-- 資料表結構 `awards`
--

CREATE TABLE `awards` (
  `sid` int(11) NOT NULL,
  `awards_name` varchar(255) NOT NULL,
  `awards_value` int(1) NOT NULL,
  `awards_discription` varchar(255) NOT NULL,
  `awards_img` varchar(30) NOT NULL
) ENGINE=InnoDB DEFAULT CHARSET=utf8mb4 COLLATE=utf8mb4_general_ci;

--
-- 傾印資料表的資料 `awards`
--

INSERT INTO `awards` (`sid`, `awards_name`, `awards_value`, `awards_discription`, `awards_img`) VALUES
(1, '小農好朋友', 5, '歡迎加入小農大家庭', '1'),
(2, '小農認證夥伴', 5, '註冊並完成驗證，開啟小農遊新旅程', '2'),
(3, '小農探險家', 10, '第一次報名小農遊系列課程', '3'),
(4, '農學小聰明', 10, '已經報名過二種以上的小農遊課程囉! 加油! 成為小博士', '4'),
(5, '農學小博士', 15, '參加全部類型的小農遊課程，成為最棒的小博士', '5'),
(6, '健康新主張', 5, '第一次購買小農遊Go物合作生鮮商品', '6'),
(7, '小農好食在', 15, '在小農Go物購買過水果、蔬菜，是健康飲食的好朋友喔!', '7'),
(8, '來自小農的感謝', 15, '購買過小農Go物所有類型的合作農產品，謝謝支持辛苦的小農!', '8'),
(9, '幸運兔兔好朋友', 15, '成功通過小農遊的秘密小遊戲! 幸運好禮送給您!', '9'),
(10, '小農遊最麻吉', 10, '完成所有小農遊稱號挑戰，是最棒的小農好朋友', '10'),
(11, '小農尋寶專家', 1, '發現小農遊網站裡面的神祕小祕密', '11'),
(12, '百香果大王', 10, '你是百香果真愛吧!在小農遊網站購買10次百香果', '12');

-- --------------------------------------------------------

--
-- 資料表結構 `awards_details`
--

CREATE TABLE `awards_details` (
  `sid` int(11) NOT NULL,
  `member_sid` int(11) NOT NULL,
  `awards_sid` int(11) NOT NULL,
  `awards_created_date` timestamp NOT NULL DEFAULT current_timestamp() ON UPDATE current_timestamp()
) ENGINE=InnoDB DEFAULT CHARSET=utf8mb4 COLLATE=utf8mb4_general_ci;

--
-- 傾印資料表的資料 `awards_details`
--

INSERT INTO `awards_details` (`sid`, `member_sid`, `awards_sid`, `awards_created_date`) VALUES
(4, 1, 1, '2023-02-23 01:25:28'),
(5, 1, 2, '2023-02-23 01:25:28'),
(6, 1, 3, '2023-02-23 01:25:28'),
(7, 1, 4, '2023-02-23 01:25:28'),
(8, 1, 5, '2023-02-23 01:25:28'),
(9, 1, 6, '2023-02-23 01:25:28'),
(10, 1, 7, '2023-02-23 01:25:28'),
(11, 1, 8, '2023-02-23 01:25:28'),
(12, 2, 1, '2023-03-20 01:50:30'),
(13, 2, 2, '2023-03-20 01:50:41'),
(14, 2, 3, '2023-03-20 01:50:48'),
(15, 2, 12, '2023-03-20 02:13:46'),
(16, 2, 12, '2023-03-20 02:13:46'),
(17, 143, 1, '2023-03-20 04:02:46'),
(18, 143, 12, '2023-03-20 04:03:11'),
(19, 143, 12, '2023-03-20 04:03:11'),
(20, 144, 1, '2023-03-20 06:16:35'),
(21, 145, 1, '2023-03-20 06:51:35'),
(24, 146, 1, '2023-03-22 02:02:20'),
(32, 147, 9, '2023-03-22 06:12:45'),
(35, 148, 1, '2023-03-24 02:33:35'),
(36, 149, 1, '2023-03-24 02:52:07'),
(37, 146, 9, '2023-03-24 03:53:15'),
(40, 6, 9, '2023-03-24 04:25:37'),
(41, 1, 9, '2023-03-24 04:56:42'),
(42, 150, 1, '2023-03-24 05:18:55'),
(43, 150, 12, '2023-03-24 06:31:18'),
(45, 6, 12, '2023-03-24 06:46:24'),
(46, 6, 12, '2023-03-24 06:46:24'),
(47, 7, 12, '2023-03-24 06:48:11'),
(48, 7, 12, '2023-03-24 06:48:11'),
(49, 151, 1, '2023-03-24 07:04:50'),
(50, 152, 1, '2023-03-24 07:19:29'),
(51, 152, 9, '2023-03-24 07:27:57'),
(52, 153, 1, '2023-03-24 08:22:29'),
(53, 155, 1, '2023-03-24 08:44:14'),
(54, 155, 12, '2023-03-24 09:07:54'),
(55, 155, 9, '2023-03-24 09:12:15'),
(56, 156, 1, '2023-03-24 09:39:26'),
(57, 156, 12, '2023-03-24 09:58:17'),
(58, 156, 12, '2023-03-24 09:58:17'),
(59, 156, 9, '2023-03-24 10:00:35'),
(60, 12, 9, '2023-03-25 05:34:38'),
(61, 157, 1, '2023-03-27 02:45:41'),
(62, 158, 1, '2023-03-27 03:49:30'),
(63, 159, 1, '2023-03-27 06:14:50'),
(64, 159, 12, '2023-03-27 06:43:24'),
(65, 159, 12, '2023-03-27 06:43:24'),
(66, 159, 9, '2023-03-27 06:47:24');

-- --------------------------------------------------------

--
-- 資料表結構 `bookmark_lesson`
--

CREATE TABLE `bookmark_lesson` (
  `sid` int(11) NOT NULL,
  `member_sid` int(11) NOT NULL,
  `lesson_sid` int(11) NOT NULL
) ENGINE=InnoDB DEFAULT CHARSET=utf8mb4 COLLATE=utf8mb4_general_ci;

--
-- 傾印資料表的資料 `bookmark_lesson`
--

INSERT INTO `bookmark_lesson` (`sid`, `member_sid`, `lesson_sid`) VALUES
(3, 143, 3),
(11, 146, 1),
(12, 6, 2),
(14, 155, 2),
(17, 156, 2),
(18, 156, 11);

-- --------------------------------------------------------

--
-- 資料表結構 `bookmark_product`
--

CREATE TABLE `bookmark_product` (
  `sid` int(11) NOT NULL,
  `member_sid` int(11) NOT NULL,
  `product_sid` int(11) NOT NULL
) ENGINE=InnoDB DEFAULT CHARSET=utf8mb4 COLLATE=utf8mb4_general_ci;

--
-- 傾印資料表的資料 `bookmark_product`
--

INSERT INTO `bookmark_product` (`sid`, `member_sid`, `product_sid`) VALUES
(1, 132, 99),
(2, 132, 41),
(3, 132, 67),
(10, 143, 89),
(15, 143, 99),
(16, 143, 4),
(17, 143, 41),
(20, 143, 163),
(21, 143, 67),
(22, 143, 61),
(23, 143, 119),
(26, 143, 164),
(32, 146, 99),
(33, 146, 4),
(34, 146, 41),
(35, 146, 18),
(36, 146, 112),
(37, 146, 163),
(38, 146, 67),
(39, 146, 61),
(41, 150, 99),
(42, 7, 99),
(43, 6, 70),
(44, 6, 42),
(45, 155, 64),
(47, 155, 99),
(49, 155, 109),
(50, 156, 99),
(52, 156, 1),
(53, 156, 90),
(58, 159, 99),
(59, 159, 41),
(60, 159, 18),
(61, 159, 163),
(64, 159, 1),
(65, 159, 4);

-- --------------------------------------------------------

--
-- 資料表結構 `comment_lesson`
--

CREATE TABLE `comment_lesson` (
  `sid` int(11) NOT NULL,
  `order_lesson_details_sid` int(11) NOT NULL,
  `member_sid` int(11) DEFAULT NULL,
  `lesson_sid` int(11) DEFAULT NULL,
  `comment_value` int(11) DEFAULT NULL,
  `comment_content` varchar(255) DEFAULT NULL,
  `comment_publish_date` date DEFAULT current_timestamp(),
  `comment_re` varchar(255) DEFAULT NULL,
  `comment_update_date` date DEFAULT NULL
) ENGINE=InnoDB DEFAULT CHARSET=utf8 COLLATE=utf8_general_ci;

--
-- 傾印資料表的資料 `comment_lesson`
--

INSERT INTO `comment_lesson` (`sid`, `order_lesson_details_sid`, `member_sid`, `lesson_sid`, `comment_value`, `comment_content`, `comment_publish_date`, `comment_re`, `comment_update_date`) VALUES
(1, 0, 57, 1, 4, '價格優惠，課程完整仔細，會再來玩', '2022-03-10', NULL, NULL),
(2, 0, 22, 1, 5, '價格優惠，課程完整仔細，很滿足', '2022-04-15', NULL, NULL),
(3, 0, 23, 1, 4, 'CP值很高，課程完整仔細，推推推！', '2023-02-16', NULL, NULL),
(4, 0, 21, 1, 4, '價格優惠，課程完整仔細，值得購買', '2022-11-06', NULL, NULL),
(5, 0, 13, 1, 4, '課程品質超優，課程完整仔細，值得等待！', '2022-03-09', NULL, NULL),
(6, 0, 1, 1, 5, '品質還不錯，想再來玩，絕對值得再次來玩', '2022-08-12', NULL, NULL),
(7, 0, 43, 1, 4, '超級好玩的啦，想再來玩，有機會還是會再繼續', '2022-06-19', NULL, NULL),
(8, 0, 6, 1, 4, '價格優惠，課程完整仔細，推推推！', '2022-10-12', NULL, NULL),
(9, 0, 61, 1, 5, '價格優惠，課程完整仔細，值得等待！', '2023-02-01', NULL, NULL),
(10, 0, 79, 1, 5, '品質還不錯，課程完整仔細，不錯喔', '2022-12-10', NULL, NULL),
(11, 0, 30, 1, 4, '價格優惠，課程完整仔細，價位可以接受', '2022-04-16', NULL, NULL),
(12, 0, 25, 1, 4, '課程品質超優，課程完整仔細，已來玩多次', '2022-09-06', NULL, NULL),
(13, 0, 24, 1, 5, '品質還不錯，課程完整仔細，不錯喔', '2022-05-16', NULL, NULL),
(14, 0, 6, 1, 4, '課程品質超優，課程完整仔細，果然沒讓我失望', '2022-08-27', NULL, NULL),
(15, 0, 60, 1, 2, 'CP值很高，課程完整仔細，不錯喔', '2022-03-31', NULL, NULL),
(16, 0, 78, 1, 5, '價格優惠，課程完整仔細，果然沒讓我失望', '2023-02-26', NULL, NULL),
(17, 0, 51, 1, 5, '體驗真的不錯，很好玩，想再來玩，非常值得推薦', '2022-10-06', NULL, NULL),
(18, 0, 20, 1, 3, '體驗真的不錯，很好玩，想再來玩，推推推！', '2023-01-13', NULL, NULL),
(19, 0, 71, 1, 5, '體驗真的不錯，很好玩，課程完整仔細，有機會還是會再繼續', '2022-03-26', NULL, NULL),
(20, 0, 23, 1, 4, '課程品質超優，課程完整仔細，推推推！', '2022-06-13', NULL, NULL),
(21, 0, 52, 2, 5, '真是太滿意了，想再來玩，非常值得推薦', '2022-12-17', NULL, NULL),
(22, 0, 48, 2, 3, '價格優惠，課程完整仔細，果然沒讓我失望', '2022-08-31', NULL, NULL),
(23, 0, 40, 2, 5, '品質還不錯，課程完整仔細，有機會還是會再繼續', '2022-10-25', NULL, NULL),
(24, 0, 17, 2, 4, '價格優惠，課程完整仔細，很滿足', '2022-05-20', NULL, NULL),
(25, 0, 38, 2, 2, '服務品質一級棒，課程完整仔細，不錯喔', '2022-11-04', NULL, NULL),
(26, 0, 31, 2, 3, '課程品質超優，課程完整仔細，不錯喔', '2022-03-26', NULL, NULL),
(27, 0, 6, 2, 3, '品質還不錯，課程完整仔細，果然沒讓我失望', '2022-04-25', NULL, NULL),
(28, 0, 23, 2, 3, '真是太滿意了，課程完整仔細，會再來玩', '2022-04-30', NULL, NULL),
(29, 0, 40, 2, 3, 'CP值很高，課程完整仔細，非常值得推薦', '2022-09-17', NULL, NULL),
(30, 0, 23, 2, 2, '服務品質一級棒，課程完整仔細，值得等待！', '2022-04-28', NULL, NULL),
(31, 0, 39, 2, 5, '體驗真的不錯，很好玩，課程完整仔細，有機會還是會再繼續', '2022-03-02', NULL, NULL),
(32, 0, 14, 2, 4, '超級好玩的啦，想再來玩，價位可以接受', '2023-01-05', NULL, NULL),
(33, 0, 34, 2, 3, '品質還不錯，想再來玩，非常值得推薦', '2022-04-24', NULL, NULL),
(34, 0, 80, 2, 2, 'CP值很高，課程完整仔細，會再來玩', '2022-10-20', NULL, NULL),
(35, 0, 30, 2, 5, '體驗真的不錯，很好玩，課程完整仔細，值得購買', '2022-11-14', NULL, NULL),
(36, 0, 20, 2, 2, '服務品質一級棒，課程完整仔細，有機會還是會再繼續', '2022-09-08', NULL, NULL),
(37, 0, 40, 2, 3, '服務品質一級棒，課程完整仔細，值得購買', '2022-10-18', NULL, NULL),
(38, 0, 29, 2, 4, '價格優惠，想再來玩，不錯喔', '2022-11-22', NULL, NULL),
(39, 0, 16, 2, 2, '價格優惠，課程完整仔細，值得等待！', '2022-11-09', NULL, NULL),
(40, 0, 22, 2, 2, '服務品質一級棒，想再來玩，非常值得推薦', '2022-04-20', NULL, NULL),
(41, 0, 14, 3, 3, '服務品質一級棒，課程完整仔細，已來玩多次', '2022-02-02', NULL, NULL),
(42, 0, 13, 3, 4, '體驗真的不錯，很好玩，想再來玩，推推推！', '2022-11-16', NULL, NULL),
(43, 0, 32, 3, 3, '課程品質超優，課程完整仔細，值得購買', '2022-04-13', NULL, NULL),
(44, 0, 46, 3, 3, 'CP值很高，課程完整仔細，值得等待！', '2022-11-20', NULL, NULL),
(45, 0, 3, 3, 4, '超級好玩的啦，課程完整仔細，絕對值得再次來玩', '2022-09-28', NULL, NULL),
(46, 0, 60, 3, 5, 'CP值很高，課程完整仔細，果然沒讓我失望', '2022-12-01', NULL, NULL),
(47, 0, 76, 3, 2, '服務品質一級棒，課程完整仔細，非常值得推薦', '2022-06-27', NULL, NULL),
(48, 0, 6, 3, 5, '價格優惠，想再來玩，已來玩多次', '2022-01-29', NULL, NULL),
(49, 0, 70, 3, 3, '價格優惠，想再來玩，非常值得推薦', '2023-02-03', NULL, NULL),
(50, 0, 26, 3, 3, 'CP值很高，想再來玩，不錯喔', '2023-01-06', NULL, NULL),
(51, 0, 9, 3, 2, '體驗真的不錯，很好玩，課程完整仔細，非常值得推薦', '2022-10-10', NULL, NULL),
(52, 0, 33, 3, 3, '價格優惠，想再來玩，已來玩多次', '2023-01-16', NULL, NULL),
(53, 0, 30, 3, 5, '品質還不錯，想再來玩，非常值得推薦', '2022-12-13', NULL, NULL),
(54, 0, 41, 3, 4, '服務品質一級棒，課程完整仔細，非常值得推薦', '2022-10-01', NULL, NULL),
(55, 0, 42, 3, 4, '體驗真的不錯，很好玩，想再來玩，值得購買', '2022-08-28', NULL, NULL),
(56, 0, 1, 3, 4, '服務品質一級棒，想再來玩，很滿足', '2022-05-02', NULL, NULL),
(57, 0, 12, 3, 3, '真是太滿意了，想再來玩，值得購買', '2022-05-10', NULL, NULL),
(58, 0, 21, 3, 5, 'CP值很高，課程完整仔細，非常值得推薦', '2023-02-26', NULL, NULL),
(59, 0, 33, 3, 4, 'CP值很高，課程完整仔細，推推推！', '2022-09-02', NULL, NULL),
(60, 0, 52, 3, 2, '品質還不錯，課程完整仔細，會再來玩', '2022-05-10', NULL, NULL),
(61, 0, 10, 4, 3, 'CP值很高，課程完整仔細，有機會還是會再繼續', '2022-02-06', NULL, NULL),
(62, 0, 68, 4, 2, '品質還不錯，課程完整仔細，非常值得推薦', '2022-07-04', NULL, NULL),
(63, 0, 67, 4, 5, '價格優惠，課程完整仔細，已來玩多次', '2022-02-28', NULL, NULL),
(64, 0, 10, 4, 2, '品質還不錯，想再來玩，會再來玩', '2023-01-11', NULL, NULL),
(65, 0, 72, 4, 3, '服務品質一級棒，想再來玩，會再來玩', '2023-02-24', NULL, NULL),
(66, 0, 5, 4, 2, '價格優惠，課程完整仔細，值得購買', '2022-03-04', NULL, NULL),
(67, 0, 13, 4, 5, 'CP值很高，課程完整仔細，非常值得推薦', '2022-01-13', NULL, NULL),
(68, 0, 79, 4, 2, '價格優惠，課程完整仔細，絕對值得再次來玩', '2022-07-25', NULL, NULL),
(69, 0, 1, 4, 5, '課程品質超優，課程完整仔細，很滿足', '2022-01-07', NULL, NULL),
(70, 0, 65, 4, 2, 'CP值很高，想再來玩，絕對值得再次來玩', '2023-01-27', NULL, NULL),
(71, 0, 12, 4, 3, '課程品質超優，課程完整仔細，會再來玩', '2022-08-28', NULL, NULL),
(72, 0, 42, 4, 3, 'CP值很高，課程完整仔細，值得購買', '2022-09-01', NULL, NULL),
(73, 0, 22, 4, 2, '服務品質一級棒，課程完整仔細，推推推！', '2022-07-10', NULL, NULL),
(74, 0, 16, 4, 3, '品質還不錯，想再來玩，絕對值得再次來玩', '2022-10-08', NULL, NULL),
(75, 0, 20, 4, 3, '體驗真的不錯，很好玩，想再來玩，值得等待！', '2022-08-05', NULL, NULL),
(76, 0, 46, 4, 2, '課程品質超優，課程完整仔細，有機會還是會再繼續', '2022-07-09', NULL, NULL),
(77, 0, 53, 4, 5, '真是太滿意了，課程完整仔細，很滿足', '2023-02-15', NULL, NULL),
(78, 0, 14, 4, 2, '品質還不錯，課程完整仔細，已來玩多次', '2022-03-02', NULL, NULL),
(79, 0, 11, 4, 2, '服務品質一級棒，課程完整仔細，很滿足', '2022-08-21', NULL, NULL),
(80, 0, 65, 4, 2, '服務品質一級棒，課程完整仔細，果然沒讓我失望', '2022-04-27', NULL, NULL),
(81, 0, 20, 5, 2, '超級好玩的啦，課程完整仔細，果然沒讓我失望', '2022-08-31', NULL, NULL),
(82, 0, 31, 5, 2, '價格優惠，課程完整仔細，會再來玩', '2022-07-11', NULL, NULL),
(83, 0, 25, 5, 3, '課程品質超優，想再來玩，推推推！', '2022-02-20', NULL, NULL),
(84, 0, 36, 5, 3, '服務品質一級棒，課程完整仔細，推推推！', '2022-08-10', NULL, NULL),
(85, 0, 4, 5, 4, '品質還不錯，想再來玩，價位可以接受', '2022-11-07', NULL, NULL),
(86, 0, 10, 5, 5, '品質還不錯，課程完整仔細，果然沒讓我失望', '2022-02-02', NULL, NULL),
(87, 0, 30, 5, 4, '超級好玩的啦，課程完整仔細，值得等待！', '2022-09-05', NULL, NULL),
(88, 0, 49, 5, 3, '體驗真的不錯，很好玩，課程完整仔細，果然沒讓我失望', '2023-02-17', NULL, NULL),
(89, 0, 23, 5, 5, '品質還不錯，課程完整仔細，非常值得推薦', '2022-08-27', NULL, NULL),
(90, 0, 45, 5, 3, '品質還不錯，想再來玩，非常值得推薦', '2023-02-23', NULL, NULL),
(91, 0, 15, 5, 2, 'CP值很高，課程完整仔細，不錯喔', '2023-02-05', NULL, NULL),
(92, 0, 21, 5, 3, '價格優惠，課程完整仔細，推推推！', '2023-01-09', NULL, NULL),
(93, 0, 32, 5, 5, '真是太滿意了，課程完整仔細，價位可以接受', '2022-12-31', NULL, NULL),
(94, 0, 44, 5, 4, '價格優惠，想再來玩，絕對值得再次來玩', '2022-11-26', NULL, NULL),
(95, 0, 71, 5, 5, '真是太滿意了，課程完整仔細，不錯喔', '2022-07-23', NULL, NULL),
(96, 0, 42, 5, 2, '價格優惠，課程完整仔細，有機會還是會再繼續', '2022-09-10', NULL, NULL),
(97, 0, 3, 5, 3, '真是太滿意了，課程完整仔細，絕對值得再次來玩', '2023-01-14', NULL, NULL),
(98, 0, 39, 5, 5, '品質還不錯，課程完整仔細，值得等待！', '2022-05-04', NULL, NULL),
(99, 0, 46, 5, 5, '真是太滿意了，課程完整仔細，會再來玩', '2022-05-11', NULL, NULL),
(100, 0, 60, 5, 5, '體驗真的不錯，很好玩，課程完整仔細，值得購買', '2023-01-23', NULL, NULL),
(101, 0, 62, 6, 4, '真是太滿意了，課程完整仔細，價位可以接受', '2022-04-19', NULL, NULL),
(102, 0, 4, 6, 5, '真是太滿意了，課程完整仔細，不錯喔', '2022-06-20', NULL, NULL),
(103, 0, 64, 6, 2, '超級好玩的啦，課程完整仔細，值得等待！', '2022-04-17', NULL, NULL),
(104, 0, 38, 6, 4, '品質還不錯，想再來玩，已來玩多次', '2023-01-10', NULL, NULL),
(105, 0, 3, 6, 5, '品質還不錯，課程完整仔細，絕對值得再次來玩', '2023-02-19', NULL, NULL),
(106, 0, 52, 6, 3, '課程品質超優，想再來玩，值得購買', '2022-06-17', NULL, NULL),
(107, 0, 39, 6, 2, '真是太滿意了，課程完整仔細，已來玩多次', '2022-12-29', NULL, NULL),
(108, 0, 21, 6, 3, '真是太滿意了，想再來玩，推推推！', '2022-08-22', NULL, NULL),
(109, 0, 33, 6, 5, '課程品質超優，想再來玩，很滿足', '2022-04-02', NULL, NULL),
(110, 0, 42, 6, 2, '真是太滿意了，課程完整仔細，很滿足', '2022-05-27', NULL, NULL),
(111, 0, 24, 6, 5, '真是太滿意了，課程完整仔細，不錯喔', '2022-04-21', NULL, NULL),
(112, 0, 24, 6, 5, '真是太滿意了，課程完整仔細，果然沒讓我失望', '2022-12-02', NULL, NULL),
(113, 0, 80, 6, 3, '服務品質一級棒，課程完整仔細，推推推！', '2022-03-26', NULL, NULL),
(114, 0, 66, 6, 5, '價格優惠，課程完整仔細，價位可以接受', '2022-09-19', NULL, NULL),
(115, 0, 31, 6, 3, '體驗真的不錯，很好玩，課程完整仔細，已來玩多次', '2023-02-26', NULL, NULL),
(116, 0, 3, 6, 2, '體驗真的不錯，很好玩，課程完整仔細，價位可以接受', '2022-04-25', NULL, NULL),
(117, 0, 69, 6, 4, '價格優惠，課程完整仔細，值得購買', '2022-05-01', NULL, NULL),
(118, 0, 80, 6, 3, '課程品質超優，課程完整仔細，絕對值得再次來玩', '2022-01-29', NULL, NULL),
(119, 0, 31, 6, 2, '服務品質一級棒，課程完整仔細，會再來玩', '2022-11-18', NULL, NULL),
(120, 0, 71, 6, 2, '課程品質超優，課程完整仔細，值得購買', '2023-02-03', NULL, NULL),
(121, 0, 44, 7, 5, '真是太滿意了，想再來玩，值得等待！', '2022-07-07', NULL, NULL),
(122, 0, 18, 7, 4, '課程品質超優，課程完整仔細，值得等待！', '2022-03-05', NULL, NULL),
(123, 0, 14, 7, 3, '價格優惠，課程完整仔細，會再來玩', '2022-12-03', NULL, NULL),
(124, 0, 34, 7, 4, '超級好玩的啦，課程完整仔細，果然沒讓我失望', '2023-02-05', NULL, NULL),
(125, 0, 12, 7, 3, '超級好玩的啦，想再來玩，很滿足', '2022-10-22', NULL, NULL),
(126, 0, 33, 7, 5, '真是太滿意了，課程完整仔細，有機會還是會再繼續', '2022-08-18', NULL, NULL),
(127, 0, 74, 7, 3, '體驗真的不錯，很好玩，課程完整仔細，值得購買', '2022-07-01', NULL, NULL),
(128, 0, 72, 7, 2, '價格優惠，課程完整仔細，絕對值得再次來玩', '2022-07-17', NULL, NULL),
(129, 0, 39, 7, 4, '課程品質超優，課程完整仔細，絕對值得再次來玩', '2022-11-03', NULL, NULL),
(130, 0, 55, 7, 3, '服務品質一級棒，課程完整仔細，價位可以接受', '2022-11-12', NULL, NULL),
(131, 0, 24, 7, 4, 'CP值很高，想再來玩，會再來玩', '2022-02-25', NULL, NULL),
(132, 0, 21, 7, 5, '超級好玩的啦，想再來玩，值得購買', '2022-12-08', NULL, NULL),
(133, 0, 33, 7, 2, '品質還不錯，課程完整仔細，不錯喔', '2022-12-28', NULL, NULL),
(134, 0, 1, 7, 3, '品質還不錯，課程完整仔細，果然沒讓我失望', '2022-05-02', NULL, NULL),
(135, 0, 60, 7, 4, '真是太滿意了，課程完整仔細，果然沒讓我失望', '2022-04-30', NULL, NULL),
(136, 0, 11, 7, 3, '品質還不錯，課程完整仔細，已來玩多次', '2022-07-12', NULL, NULL),
(137, 0, 67, 7, 4, '課程品質超優，課程完整仔細，有機會還是會再繼續', '2022-05-28', NULL, NULL),
(138, 0, 34, 7, 5, '課程品質超優，課程完整仔細，非常值得推薦', '2022-06-09', NULL, NULL),
(139, 0, 42, 7, 3, '價格優惠，想再來玩，果然沒讓我失望', '2022-02-15', NULL, NULL),
(140, 0, 39, 7, 2, '超級好玩的啦，想再來玩，很滿足', '2022-06-04', NULL, NULL),
(141, 0, 46, 8, 2, 'CP值很高，課程完整仔細，有機會還是會再繼續', '2022-07-16', NULL, NULL),
(142, 0, 68, 8, 4, 'CP值很高，課程完整仔細，推推推！', '2022-06-12', NULL, NULL),
(143, 0, 74, 8, 3, '價格優惠，想再來玩，絕對值得再次來玩', '2022-01-20', NULL, NULL),
(144, 0, 65, 8, 3, 'CP值很高，課程完整仔細，推推推！', '2022-02-08', NULL, NULL),
(145, 0, 41, 8, 3, '品質還不錯，課程完整仔細，非常值得推薦', '2022-03-31', NULL, NULL),
(146, 0, 11, 8, 3, '課程品質超優，課程完整仔細，價位可以接受', '2023-02-18', NULL, NULL),
(147, 0, 21, 8, 3, '課程品質超優，課程完整仔細，已來玩多次', '2022-06-13', NULL, NULL),
(148, 0, 62, 8, 3, '價格優惠，課程完整仔細，值得等待！', '2022-06-03', NULL, NULL),
(149, 0, 73, 8, 2, '課程品質超優，課程完整仔細，已來玩多次', '2022-11-22', NULL, NULL),
(150, 0, 69, 8, 4, '品質還不錯，想再來玩，非常值得推薦', '2022-08-13', NULL, NULL),
(151, 0, 71, 8, 5, 'CP值很高，課程完整仔細，會再來玩', '2022-08-27', NULL, NULL),
(152, 0, 43, 8, 3, '品質還不錯，課程完整仔細，已來玩多次', '2023-02-10', NULL, NULL),
(153, 0, 52, 8, 3, '超級好玩的啦，課程完整仔細，會再來玩', '2022-06-22', NULL, NULL),
(154, 0, 36, 8, 4, '超級好玩的啦，課程完整仔細，絕對值得再次來玩', '2022-11-15', NULL, NULL),
(155, 0, 57, 8, 2, '超級好玩的啦，課程完整仔細，值得等待！', '2022-09-27', NULL, NULL),
(156, 0, 22, 8, 4, '超級好玩的啦，課程完整仔細，果然沒讓我失望', '2023-01-08', NULL, NULL),
(157, 0, 9, 8, 3, '價格優惠，課程完整仔細，不錯喔', '2022-12-14', NULL, NULL),
(158, 0, 9, 8, 5, '真是太滿意了，想再來玩，非常值得推薦', '2022-12-15', NULL, NULL),
(159, 0, 76, 8, 2, '課程品質超優，課程完整仔細，非常值得推薦', '2022-08-17', NULL, NULL),
(160, 0, 23, 8, 3, '品質還不錯，想再來玩，推推推！', '2022-07-05', NULL, NULL),
(161, 0, 10, 9, 4, '價格優惠，課程完整仔細，非常值得推薦', '2023-01-13', NULL, NULL),
(162, 0, 14, 9, 3, '體驗真的不錯，很好玩，課程完整仔細，不錯喔', '2022-10-14', NULL, NULL),
(163, 0, 80, 9, 2, '品質還不錯，想再來玩，值得等待！', '2022-11-21', NULL, NULL),
(164, 0, 69, 9, 2, '真是太滿意了，課程完整仔細，果然沒讓我失望', '2022-09-23', NULL, NULL),
(165, 0, 17, 9, 4, 'CP值很高，課程完整仔細，價位可以接受', '2022-07-15', NULL, NULL),
(166, 0, 74, 9, 5, '服務品質一級棒，課程完整仔細，很滿足', '2022-05-14', NULL, NULL),
(167, 0, 8, 9, 2, '超級好玩的啦，課程完整仔細，已來玩多次', '2022-07-23', NULL, NULL),
(168, 0, 48, 9, 2, '品質還不錯，想再來玩，絕對值得再次來玩', '2022-08-31', NULL, NULL),
(169, 0, 1, 9, 2, '價格優惠，想再來玩，值得購買', '2022-01-29', NULL, NULL),
(170, 0, 24, 9, 3, '價格優惠，課程完整仔細，已來玩多次', '2022-09-18', NULL, NULL),
(171, 0, 67, 9, 4, '價格優惠，課程完整仔細，絕對值得再次來玩', '2022-11-06', NULL, NULL),
(172, 0, 53, 9, 3, '品質還不錯，課程完整仔細，非常值得推薦', '2022-07-26', NULL, NULL),
(173, 0, 5, 9, 4, '價格優惠，課程完整仔細，絕對值得再次來玩', '2022-05-14', NULL, NULL),
(174, 0, 77, 9, 5, 'CP值很高，課程完整仔細，絕對值得再次來玩', '2022-03-17', NULL, NULL),
(175, 0, 37, 9, 3, '服務品質一級棒，課程完整仔細，絕對值得再次來玩', '2022-12-23', NULL, NULL),
(176, 0, 80, 9, 5, '品質還不錯，想再來玩，果然沒讓我失望', '2022-05-03', NULL, NULL),
(177, 0, 11, 9, 2, '價格優惠，課程完整仔細，非常值得推薦', '2022-11-12', NULL, NULL),
(178, 0, 13, 9, 5, '服務品質一級棒，課程完整仔細，會再來玩', '2022-12-29', NULL, NULL),
(179, 0, 22, 9, 2, '服務品質一級棒，課程完整仔細，很滿足', '2022-03-29', NULL, NULL),
(180, 0, 35, 9, 3, '真是太滿意了，課程完整仔細，已來玩多次', '2022-03-20', NULL, NULL),
(181, 0, 20, 10, 2, '體驗真的不錯，很好玩，課程完整仔細，很滿足', '2022-08-15', NULL, NULL),
(182, 0, 27, 10, 3, '服務品質一級棒，想再來玩，非常值得推薦', '2022-02-18', NULL, NULL),
(183, 0, 9, 10, 4, '價格優惠，課程完整仔細，推推推！', '2022-07-02', NULL, NULL),
(184, 0, 10, 10, 5, '價格優惠，課程完整仔細，很滿足', '2022-12-06', NULL, NULL),
(185, 0, 51, 10, 5, '課程品質超優，課程完整仔細，會再來玩', '2023-01-24', NULL, NULL),
(186, 0, 71, 10, 5, '體驗真的不錯，很好玩，課程完整仔細，不錯喔', '2022-06-18', NULL, NULL),
(187, 0, 66, 10, 3, '體驗真的不錯，很好玩，課程完整仔細，值得購買', '2023-01-28', NULL, NULL),
(188, 0, 46, 10, 3, '價格優惠，課程完整仔細，值得購買', '2022-07-10', NULL, NULL),
(189, 0, 4, 10, 2, 'CP值很高，課程完整仔細，不錯喔', '2022-12-02', NULL, NULL),
(190, 0, 47, 10, 5, 'CP值很高，課程完整仔細，推推推！', '2023-01-17', NULL, NULL),
(191, 0, 55, 10, 4, '價格優惠，課程完整仔細，非常值得推薦', '2022-01-03', NULL, NULL),
(192, 0, 79, 10, 2, '價格優惠，課程完整仔細，果然沒讓我失望', '2023-02-25', NULL, NULL),
(193, 0, 57, 10, 4, '真是太滿意了，課程完整仔細，會再來玩', '2022-11-10', NULL, NULL),
(194, 0, 74, 10, 2, '價格優惠，課程完整仔細，很滿足', '2022-11-14', NULL, NULL),
(195, 0, 44, 10, 4, '體驗真的不錯，很好玩，想再來玩，會再來玩', '2022-08-02', NULL, NULL),
(196, 0, 15, 10, 4, 'CP值很高，課程完整仔細，絕對值得再次來玩', '2022-08-20', NULL, NULL),
(197, 0, 75, 10, 5, '課程品質超優，課程完整仔細，不錯喔', '2022-10-24', NULL, NULL),
(198, 0, 71, 10, 3, '體驗真的不錯，很好玩，課程完整仔細，推推推！', '2022-01-09', NULL, NULL),
(199, 0, 19, 10, 4, '品質還不錯，課程完整仔細，值得等待！', '2022-07-22', NULL, NULL),
(200, 0, 67, 10, 3, '品質還不錯，課程完整仔細，值得等待！', '2022-01-22', NULL, NULL),
(201, 0, 15, 11, 5, '課程品質超優，課程完整仔細，推推推！', '2022-06-07', NULL, NULL),
(202, 0, 15, 11, 4, '價格優惠，課程完整仔細，會再來玩', '2022-10-21', NULL, NULL),
(203, 0, 16, 11, 2, '品質還不錯，課程完整仔細，推推推！', '2022-01-29', NULL, NULL),
(204, 0, 22, 11, 5, '體驗真的不錯，很好玩，課程完整仔細，已來玩多次', '2022-04-19', NULL, NULL),
(205, 0, 3, 11, 2, 'CP值很高，課程完整仔細，會再來玩', '2022-09-09', NULL, NULL),
(206, 0, 19, 11, 4, '價格優惠，課程完整仔細，很滿足', '2022-03-12', NULL, NULL),
(207, 0, 72, 11, 2, '超級好玩的啦，想再來玩，已來玩多次', '2022-08-01', NULL, NULL),
(208, 0, 62, 11, 3, 'CP值很高，課程完整仔細，果然沒讓我失望', '2022-08-01', NULL, NULL),
(209, 0, 7, 11, 5, '真是太滿意了，課程完整仔細，價位可以接受', '2023-02-04', NULL, NULL),
(210, 0, 23, 11, 3, '品質還不錯，想再來玩，會再來玩', '2022-10-03', NULL, NULL),
(211, 0, 50, 11, 3, 'CP值很高，想再來玩，絕對值得再次來玩', '2023-01-27', NULL, NULL),
(212, 0, 16, 11, 5, '課程品質超優，課程完整仔細，值得等待！', '2022-08-08', NULL, NULL),
(213, 0, 4, 11, 2, '超級好玩的啦，課程完整仔細，果然沒讓我失望', '2022-05-11', NULL, NULL),
(214, 0, 24, 11, 5, '體驗真的不錯，很好玩，課程完整仔細，很滿足', '2022-09-20', NULL, NULL),
(215, 0, 48, 11, 3, '品質還不錯，課程完整仔細，值得等待！', '2022-06-18', NULL, NULL),
(216, 0, 35, 11, 4, '真是太滿意了，課程完整仔細，值得等待！', '2022-05-05', NULL, NULL),
(217, 0, 52, 11, 2, '真是太滿意了，課程完整仔細，價位可以接受', '2022-09-13', NULL, NULL),
(218, 0, 46, 11, 5, '價格優惠，課程完整仔細，已來玩多次', '2022-11-24', NULL, NULL),
(219, 0, 17, 11, 3, '價格優惠，課程完整仔細，值得購買', '2023-01-11', NULL, NULL),
(220, 0, 12, 11, 5, '體驗真的不錯，很好玩，想再來玩，推推推！', '2022-02-22', NULL, NULL),
(222, 12, 2, 1, 5, '讚讚超好玩', '2023-03-21', NULL, NULL),
(223, 15, 146, 2, 5, '好玩', '2023-03-22', NULL, NULL);

-- --------------------------------------------------------

--
-- 資料表結構 `comment_product`
--

CREATE TABLE `comment_product` (
  `sid` int(11) NOT NULL,
  `order_product_details_sid` int(11) NOT NULL,
  `member_sid` int(11) DEFAULT NULL,
  `product_sid` int(11) DEFAULT NULL,
  `comment_value` int(11) DEFAULT NULL,
  `comment_content` varchar(255) DEFAULT NULL,
  `comment_publish_date` date DEFAULT current_timestamp(),
  `comment_re` varchar(255) DEFAULT NULL,
  `comment_update_date` date DEFAULT NULL
) ENGINE=InnoDB DEFAULT CHARSET=utf8 COLLATE=utf8_general_ci;

--
-- 傾印資料表的資料 `comment_product`
--

INSERT INTO `comment_product` (`sid`, `order_product_details_sid`, `member_sid`, `product_sid`, `comment_value`, `comment_content`, `comment_publish_date`, `comment_re`, `comment_update_date`) VALUES
(1, 0, 55, 1, 5, '品質很好，包裝呵護食品包裝良好，推推推！', '2023-01-20', NULL, NULL),
(2, 0, 99, 1, 4, '雖然有一顆爛的，其他品質都不錯，出貨非快速，有機會還是會再繼續回購的', '2022-10-29', NULL, NULL),
(3, 0, 46, 1, 4, '品質還不錯，送貨很快速，已回購數次', '2022-07-24', NULL, NULL),
(4, 0, 77, 1, 5, '甜度不錯，出貨速度快，物超所值，價位可以接受', '2023-01-16', NULL, NULL),
(5, 0, 46, 1, 4, '夠新鮮，好吃，價格很便宜，絕對值得再次回購', '2022-06-13', NULL, NULL),
(6, 0, 5, 1, 4, '甜度不錯，包裝完整，品項齊全，非常值得推薦', '2022-06-17', NULL, NULL),
(7, 0, 38, 1, 4, '水果香甜可口，價格很便宜，絕對值得再次回購', '2022-07-13', NULL, NULL),
(8, 0, 79, 1, 4, '外表有些磕碰傷，但無損口感，包裝完整服務也很好，期待開吃', '2022-07-14', NULL, NULL),
(9, 0, 51, 1, 4, '沒有很甜但也還行，送貨很快速，很滿足', '2022-06-13', NULL, NULL),
(10, 0, 63, 1, 5, '香氣很足，送貨包裝非常完整，好吃會一直回購', '2022-03-06', NULL, NULL),
(11, 0, 32, 1, 5, '價格優惠，包裝完整服務也很好，值得等待！', '2022-12-19', NULL, NULL),
(12, 0, 57, 1, 4, '外表有些磕碰傷，但無損口感，包裝完整服務也很好，絕對值得再次回購', '2022-12-02', NULL, NULL),
(13, 0, 68, 1, 4, '普普通通，包裝保護很完整，會再來買', '2022-12-22', NULL, NULL),
(14, 0, 60, 1, 5, '真是太滿意了，包裝呵護食品包裝良好，價位可以接受', '2022-04-18', NULL, NULL),
(15, 0, 47, 1, 5, '沒有很甜但也還行，包裝完整服務也很好，非常值得推薦', '2022-02-20', NULL, NULL),
(16, 0, 26, 1, 4, '水果CP值及服務品質一級棒，價格很便宜，還行吧', '2022-10-05', NULL, NULL),
(17, 0, 96, 1, 4, '外表有些磕碰傷，但無損口感，冷藏配送超新鮮，值得等待！', '2022-11-18', NULL, NULL),
(18, 0, 23, 1, 5, '超級好吃的啦，出貨迅速，包裝完善，非常值得推薦', '2023-02-19', NULL, NULL),
(19, 0, 84, 1, 4, '一開箱香氣撲面而來，怎麼會這麼香，冷藏配送超新鮮，有需要會再回購', '2022-03-10', NULL, NULL),
(20, 0, 53, 1, 5, '吃起來有點澀，甜度稍低，出貨速度快，物超所值，吃一口就想回購', '2022-04-06', NULL, NULL),
(21, 0, 36, 2, 5, '外表很漂亮但口感還好，送貨包裝非常完整，推推推！', '2022-08-01', NULL, NULL),
(22, 0, 83, 2, 4, '雖然有一顆爛的，其他品質都不錯，包裝完整仔細，已回購數次', '2023-01-27', NULL, NULL),
(23, 0, 35, 2, 4, '皮較粗糙一點，價格很便宜，推推推！', '2022-09-27', NULL, NULL),
(24, 0, 97, 2, 4, '水果香甜可口，出貨迅速，包裝完善，非常值得推薦', '2022-02-20', NULL, NULL),
(25, 0, 84, 2, 5, '沒有很甜但也還行，送貨很快速，有機會還是會再繼續回購的', '2022-03-16', NULL, NULL),
(26, 0, 11, 2, 4, '很甜很好吃，包裝完整服務也很好，會再來買', '2022-09-15', NULL, NULL),
(27, 0, 23, 2, 5, '非常大顆非常漂亮非常好吃，價格很便宜，有需要會再回購', '2022-07-28', NULL, NULL),
(28, 0, 21, 2, 4, '一開箱香氣撲面而來，怎麼會這麼香，出貨非快速，期待開吃', '2023-01-14', NULL, NULL),
(29, 0, 56, 2, 4, '甜到糖尿病，沒有任何受損，不錯不錯，值得購買', '2022-04-11', NULL, NULL),
(30, 0, 79, 2, 4, '香氣很足，包裝完整服務也很好，還行吧', '2022-06-03', NULL, NULL),
(31, 0, 87, 2, 4, '超級好吃的啦，包裝完整且仔細，期待開吃', '2022-08-21', NULL, NULL),
(32, 0, 93, 2, 4, '價格優惠，包裝完整仔細，值得長期購買', '2022-11-10', NULL, NULL),
(33, 0, 26, 2, 4, '外表很漂亮但口感還好，沒有任何受損，不錯不錯，值得購買', '2023-02-11', NULL, NULL),
(34, 0, 88, 2, 4, '超級好吃的啦，包裝完整且仔細，值得長期購買', '2022-05-22', NULL, NULL),
(35, 0, 88, 2, 5, '雖然有一顆爛的，其他品質都不錯，出貨迅速，包裝完善，值得長期購買', '2022-02-04', NULL, NULL),
(36, 0, 99, 2, 4, '品質還不錯，宅配到家的服務方便，非常值得推薦', '2022-11-18', NULL, NULL),
(37, 0, 17, 2, 5, '夠新鮮，好吃，出貨非快速，價位可以接受', '2022-09-19', NULL, NULL),
(38, 0, 99, 2, 5, '價格優惠，包裝保護很完整，值得購買', '2022-08-15', NULL, NULL),
(39, 0, 64, 2, 4, '外表有些磕碰傷，但無損口感，包裝完整且仔細，絕對值得再次回購', '2022-07-05', NULL, NULL),
(40, 0, 86, 2, 5, '略酸，但口感不錯，冷藏配送超新鮮，值得購買', '2022-08-04', NULL, NULL),
(41, 0, 52, 3, 4, '皮較粗糙一點，出貨速度快，物超所值，好吃會一直回購', '2022-11-24', NULL, NULL),
(42, 0, 52, 3, 5, '水果香甜可口，價格很便宜，有機會還是會再繼續回購的', '2023-01-11', NULL, NULL),
(43, 0, 78, 3, 4, '普普通通，沒有任何受損，不錯不錯，還行吧', '2022-07-01', NULL, NULL),
(44, 0, 36, 3, 5, '品質還不錯，價格很便宜，值得長期購買', '2022-02-04', NULL, NULL),
(45, 0, 96, 3, 5, '沒有太嚴重的果損，包裝完整服務也很好，有機會還是會再繼續回購的', '2022-10-31', NULL, NULL),
(46, 0, 46, 3, 5, '沒有太嚴重的果損，送貨很快速，會再來買', '2023-02-15', NULL, NULL),
(47, 0, 17, 3, 5, '味濃郁清甜好好吃，包裝完整且仔細，值得等待！', '2023-02-26', NULL, NULL),
(48, 0, 40, 3, 4, '沒有太嚴重的果損，送貨包裝非常完整，有機會還是會再繼續回購的', '2022-07-26', NULL, NULL),
(49, 0, 68, 3, 4, '飽滿濃郁，出貨速度快，物超所值，有需要會再回購', '2022-09-27', NULL, NULL),
(50, 0, 53, 3, 5, '皮較粗糙一點，出貨速度快，物超所值，有機會還是會再繼續回購的', '2023-01-19', NULL, NULL),
(51, 0, 75, 3, 4, '超級好吃的啦，冷藏配送超新鮮，好吃會一直回購', '2022-03-27', NULL, NULL),
(52, 0, 97, 3, 5, '外表很漂亮但口感還好，出貨速度快，物超所值，期待開吃', '2022-12-11', NULL, NULL),
(53, 0, 82, 3, 5, '飽滿濃郁，送貨包裝非常完整，還行吧', '2022-12-08', NULL, NULL),
(54, 0, 32, 3, 5, '水果香甜可口，包裝完整且仔細，價位可以接受', '2023-02-02', NULL, NULL),
(55, 0, 70, 3, 4, '吃起來有點澀，甜度稍低，送貨包裝非常完整，會再來買', '2022-06-12', NULL, NULL),
(56, 0, 72, 3, 4, '超級好吃的啦，宅配到家的服務方便，還行吧', '2023-02-24', NULL, NULL),
(57, 0, 98, 3, 4, '雖然有一顆爛的，其他品質都不錯，包裝完整仔細，期待開吃', '2022-09-24', NULL, NULL),
(58, 0, 27, 3, 5, '外表很漂亮但口感還好，送貨很快速，有機會還是會再繼續回購的', '2022-04-04', NULL, NULL),
(59, 0, 31, 3, 4, '香氣很足，包裝完整且仔細，有需要會再回購', '2022-09-25', NULL, NULL),
(60, 0, 94, 3, 5, '吃起來有點澀，甜度稍低，價格很便宜，非常值得推薦', '2023-02-14', NULL, NULL),
(61, 0, 2, 4, 4, '味道酸酸甜甜剛剛好，送貨很快速，已回購數次', '2022-07-15', NULL, NULL),
(62, 0, 70, 4, 5, '雖然有一顆爛的，其他品質都不錯，出貨迅速，包裝完善，果然沒讓我失望', '2022-03-14', NULL, NULL),
(63, 0, 53, 4, 5, '吃起來有點澀，甜度稍低，冷藏配送超新鮮，非常值得推薦', '2022-02-16', NULL, NULL),
(64, 0, 55, 4, 5, '水果也都很新鮮，送貨很快速，好吃會一直回購', '2022-01-06', NULL, NULL),
(65, 0, 86, 4, 4, '味道酸酸甜甜剛剛好，包裝完整，品項齊全，期待開吃', '2022-03-22', NULL, NULL),
(66, 0, 12, 4, 4, '夠新鮮，好吃，包裝完整仔細，很滿足', '2022-08-30', NULL, NULL),
(67, 0, 97, 4, 5, '口感真的不錯，很好吃，送貨很快速，價位可以接受', '2023-01-12', NULL, NULL),
(68, 0, 88, 4, 4, '真的好大顆，冰過後再吃脆硬甜，包裝完整仔細，有需要會再回購', '2022-03-24', NULL, NULL),
(69, 0, 47, 4, 5, '味濃郁清甜好好吃，沒有任何受損，不錯不錯，會再來買', '2022-02-11', NULL, NULL),
(70, 0, 31, 4, 4, '沒有太嚴重的果損，包裝完整仔細，期待開吃', '2023-02-22', NULL, NULL),
(71, 0, 75, 4, 5, '外表有些磕碰傷，但無損口感，價格很便宜，好吃會一直回購', '2022-06-30', NULL, NULL),
(72, 0, 20, 4, 4, '真是太滿意了，價格很便宜，果然沒讓我失望', '2023-02-28', NULL, NULL),
(73, 0, 19, 4, 4, 'CP值很高，送貨包裝非常完整，很滿足', '2022-04-08', NULL, NULL),
(74, 0, 9, 4, 4, '外表色澤飽滿，令人垂涎欲滴，口水直流，包裝完整且仔細，絕對值得再次回購', '2022-02-03', NULL, NULL),
(75, 0, 87, 4, 5, '一開箱香氣撲面而來，怎麼會這麼香，包裝完整且仔細，推推推！', '2023-01-17', NULL, NULL),
(76, 0, 49, 4, 4, '非常大顆非常漂亮非常好吃，包裝完整，品項齊全，絕對值得再次回購', '2022-10-24', NULL, NULL),
(77, 0, 16, 4, 5, '買點好東西寄回老家孝敬父母，包裝完整服務也很好，有機會還是會再繼續回購的', '2022-06-16', NULL, NULL),
(78, 0, 14, 4, 5, '普普通通，送貨包裝非常完整，已回購數次', '2023-01-28', NULL, NULL),
(79, 0, 63, 4, 4, '水果也都很新鮮，出貨迅速，包裝完善，值得長期購買', '2022-01-04', NULL, NULL),
(80, 0, 63, 4, 4, '略酸，但口感不錯，送貨包裝非常完整，期待開吃', '2023-01-03', NULL, NULL),
(81, 0, 69, 5, 4, '很甜很好吃，包裝完整服務也很好，值得長期購買', '2022-02-15', NULL, NULL),
(82, 0, 37, 5, 4, '外表很漂亮但口感還好，宅配到家的服務方便，果然沒讓我失望', '2022-03-04', NULL, NULL),
(83, 0, 1, 5, 4, 'CP值很高，包裝完整服務也很好，非常值得推薦', '2022-03-27', NULL, NULL),
(84, 0, 76, 5, 4, '水果香甜可口，出貨非快速，有需要會再回購', '2023-02-13', NULL, NULL),
(85, 0, 47, 5, 5, '非常大顆非常漂亮非常好吃，宅配到家的服務方便，值得購買', '2022-04-27', NULL, NULL),
(86, 0, 93, 5, 5, '品質很好，送貨包裝非常完整，絕對值得再次回購', '2022-05-04', NULL, NULL),
(87, 0, 22, 5, 4, '商品品質超優，出貨迅速，包裝完善，價位可以接受', '2022-05-02', NULL, NULL),
(88, 0, 2, 5, 4, 'CP值很高，包裝呵護食品包裝良好，價位可以接受', '2023-01-30', NULL, NULL),
(89, 0, 55, 5, 5, '外表很漂亮但口感還好，送貨包裝非常完整，果然沒讓我失望', '2022-06-19', NULL, NULL),
(90, 0, 55, 5, 5, '沒有太嚴重的果損，出貨速度快，物超所值，值得長期購買', '2022-02-05', NULL, NULL),
(91, 0, 37, 5, 4, '夠新鮮，好吃，宅配到家的服務方便，有需要會再回購', '2022-10-09', NULL, NULL),
(92, 0, 15, 5, 4, '夠新鮮，好吃，包裝完整服務也很好，有需要會再回購', '2023-02-22', NULL, NULL),
(93, 0, 99, 5, 4, '甜到糖尿病，出貨迅速，包裝完善，很滿足', '2022-11-30', NULL, NULL),
(94, 0, 51, 5, 5, '香氣很足，出貨速度快，物超所值，果然沒讓我失望', '2022-04-14', NULL, NULL),
(95, 0, 58, 5, 4, '飽滿濃郁，沒有任何受損，不錯不錯，有需要會再回購', '2022-01-20', NULL, NULL),
(96, 0, 26, 5, 5, '味濃郁清甜好好吃，包裝保護很完整，推推推！', '2022-11-20', NULL, NULL),
(97, 0, 86, 5, 4, '飽滿濃郁，出貨速度快，物超所值，很滿足', '2023-01-25', NULL, NULL),
(98, 0, 53, 5, 4, '口感真的不錯，很好吃，出貨速度快，物超所值，好吃會一直回購', '2022-12-01', NULL, NULL),
(99, 0, 50, 5, 5, '香氣很足，包裝完整服務也很好，很滿足', '2022-10-18', NULL, NULL),
(100, 0, 86, 5, 5, '買點好東西寄回老家孝敬父母，包裝完整仔細，果然沒讓我失望', '2022-06-20', NULL, NULL),
(101, 0, 50, 6, 4, '甜度不錯，包裝呵護食品包裝良好，非常值得推薦', '2022-11-29', NULL, NULL),
(102, 0, 50, 6, 5, '吃起來有點澀，甜度稍低，冷藏配送超新鮮，還行吧', '2022-02-05', NULL, NULL),
(103, 0, 2, 6, 4, '味道酸酸甜甜剛剛好，包裝完整且仔細，有需要會再回購', '2022-09-08', NULL, NULL),
(104, 0, 13, 6, 5, '沒有很甜但也還行，價格很便宜，值得等待！', '2022-07-11', NULL, NULL),
(105, 0, 14, 6, 4, '價格優惠，出貨非快速，會再來買', '2022-03-18', NULL, NULL),
(106, 0, 17, 6, 5, '商品品質超優，冷藏配送超新鮮，還行吧', '2022-11-02', NULL, NULL),
(107, 0, 66, 6, 5, '口感真的不錯，很好吃，出貨迅速，包裝完善，很滿足', '2022-07-09', NULL, NULL),
(108, 0, 11, 6, 4, '普普通通，宅配到家的服務方便，已回購數次', '2022-08-16', NULL, NULL),
(109, 0, 29, 6, 5, '水果香甜可口，出貨速度快，物超所值，推推推！', '2022-06-08', NULL, NULL),
(110, 0, 41, 6, 5, '買點好東西寄回老家孝敬父母，包裝呵護食品包裝良好，吃一口就想回購', '2022-02-07', NULL, NULL),
(111, 0, 82, 6, 5, '真的好大顆，冰過後再吃脆硬甜，包裝保護很完整，會再來買', '2022-09-19', NULL, NULL),
(112, 0, 15, 6, 5, '香氣很足，包裝呵護食品包裝良好，絕對值得再次回購', '2022-09-24', NULL, NULL),
(113, 0, 68, 6, 4, '真的好大顆，冰過後再吃脆硬甜，包裝完整服務也很好，值得長期購買', '2022-01-03', NULL, NULL),
(114, 0, 65, 6, 4, '香氣很足，出貨速度快，物超所值，很滿足', '2022-11-20', NULL, NULL),
(115, 0, 4, 6, 5, '甜到糖尿病，包裝完整且仔細，推推推！', '2022-06-19', NULL, NULL),
(116, 0, 24, 6, 5, '品質很好，包裝完整仔細，有機會還是會再繼續回購的', '2022-01-26', NULL, NULL),
(117, 0, 66, 6, 5, '水果CP值及服務品質一級棒，包裝完整且仔細，值得長期購買', '2022-06-19', NULL, NULL),
(118, 0, 36, 6, 4, '飽滿濃郁，出貨非快速，很滿足', '2023-01-11', NULL, NULL),
(119, 0, 4, 6, 5, '一開箱香氣撲面而來，怎麼會這麼香，沒有任何受損，不錯不錯，很滿足', '2022-03-31', NULL, NULL),
(120, 0, 21, 6, 4, '味道酸酸甜甜剛剛好，包裝保護很完整，有機會還是會再繼續回購的', '2022-12-06', NULL, NULL),
(121, 0, 22, 7, 4, 'CP值很高，包裝完整服務也很好，價位可以接受', '2022-12-24', NULL, NULL),
(122, 0, 85, 7, 4, '水果也都很新鮮，出貨速度快，物超所值，推推推！', '2022-04-18', NULL, NULL),
(123, 0, 42, 7, 5, '甜度不錯，包裝呵護食品包裝良好，有需要會再回購', '2022-05-17', NULL, NULL),
(124, 0, 13, 7, 5, '香氣很足，出貨非快速，還行吧', '2022-08-22', NULL, NULL),
(125, 0, 66, 7, 4, '買點好東西寄回老家孝敬父母，包裝完整且仔細，非常值得推薦', '2022-03-01', NULL, NULL),
(126, 0, 56, 7, 4, '價格優惠，出貨迅速，包裝完善，好吃會一直回購', '2022-10-16', NULL, NULL),
(127, 0, 64, 7, 4, '買點好東西寄回老家孝敬父母，出貨非快速，值得長期購買', '2022-10-27', NULL, NULL),
(128, 0, 60, 7, 5, '雖然有一顆爛的，其他品質都不錯，包裝保護很完整，推推推！', '2023-02-23', NULL, NULL),
(129, 0, 8, 7, 4, '夠新鮮，好吃，包裝呵護食品包裝良好，有需要會再回購', '2022-07-20', NULL, NULL),
(130, 0, 71, 7, 5, '品質很好，送貨很快速，已回購數次', '2023-01-08', NULL, NULL),
(131, 0, 38, 7, 5, '外表有些磕碰傷，但無損口感，送貨很快速，值得長期購買', '2022-08-21', NULL, NULL),
(132, 0, 36, 7, 4, '普普通通，包裝保護很完整，非常值得推薦', '2022-10-04', NULL, NULL),
(133, 0, 72, 7, 4, '水果CP值及服務品質一級棒，包裝呵護食品包裝良好，會再來買', '2022-10-01', NULL, NULL),
(134, 0, 5, 7, 5, '很甜很好吃，出貨非快速，果然沒讓我失望', '2022-07-23', NULL, NULL),
(135, 0, 91, 7, 4, '超級好吃的啦，出貨迅速，包裝完善，果然沒讓我失望', '2022-02-19', NULL, NULL),
(136, 0, 43, 7, 4, '很甜很好吃，包裝完整且仔細，期待開吃', '2022-10-16', NULL, NULL),
(137, 0, 24, 7, 4, '皮較粗糙一點，包裝完整服務也很好，非常值得推薦', '2022-08-15', NULL, NULL),
(138, 0, 29, 7, 4, '很甜很好吃，出貨非快速，會再來買', '2022-02-10', NULL, NULL),
(139, 0, 1, 7, 4, '普普通通，冷藏配送超新鮮，吃一口就想回購', '2023-02-26', NULL, NULL),
(140, 0, 77, 7, 4, 'CP值很高，冷藏配送超新鮮，有需要會再回購', '2022-06-19', NULL, NULL),
(141, 0, 37, 8, 5, '品質還不錯，價格很便宜，已回購數次', '2022-05-13', NULL, NULL),
(142, 0, 66, 8, 5, '香氣很足，沒有任何受損，不錯不錯，期待開吃', '2022-02-21', NULL, NULL),
(143, 0, 97, 8, 5, 'CP值很高，包裝完整仔細，價位可以接受', '2022-07-16', NULL, NULL),
(144, 0, 85, 8, 5, '沒有很甜但也還行，出貨非快速，很滿足', '2022-09-22', NULL, NULL),
(145, 0, 16, 8, 5, '商品品質超優，送貨包裝非常完整，吃一口就想回購', '2022-07-10', NULL, NULL),
(146, 0, 80, 8, 5, '吃起來有點澀，甜度稍低，包裝完整仔細，絕對值得再次回購', '2023-01-09', NULL, NULL),
(147, 0, 12, 8, 5, '真的好大顆，冰過後再吃脆硬甜，出貨迅速，包裝完善，已回購數次', '2022-12-31', NULL, NULL),
(148, 0, 24, 8, 4, '外表很漂亮但口感還好，包裝呵護食品包裝良好，有機會還是會再繼續回購的', '2022-08-14', NULL, NULL),
(149, 0, 30, 8, 5, '甜度不錯，沒有任何受損，不錯不錯，價位可以接受', '2022-07-30', NULL, NULL),
(150, 0, 60, 8, 4, '品質很好，包裝呵護食品包裝良好，吃一口就想回購', '2022-07-29', NULL, NULL),
(151, 0, 69, 8, 4, '外表很漂亮但口感還好，包裝呵護食品包裝良好，還行吧', '2022-11-03', NULL, NULL),
(152, 0, 19, 8, 4, '很甜很好吃，沒有任何受損，不錯不錯，絕對值得再次回購', '2022-05-31', NULL, NULL),
(153, 0, 79, 8, 5, '吃起來有點澀，甜度稍低，送貨包裝非常完整，非常值得推薦', '2022-09-16', NULL, NULL),
(154, 0, 65, 8, 5, '外表有些磕碰傷，但無損口感，出貨速度快，物超所值，價位可以接受', '2022-08-12', NULL, NULL),
(155, 0, 71, 8, 5, '一開箱香氣撲面而來，怎麼會這麼香，包裝完整服務也很好，推推推！', '2022-01-08', NULL, NULL),
(156, 0, 7, 8, 5, '真是太滿意了，送貨包裝非常完整，期待開吃', '2022-11-21', NULL, NULL),
(157, 0, 92, 8, 5, '夠新鮮，好吃，價格很便宜，好吃會一直回購', '2022-05-30', NULL, NULL),
(158, 0, 59, 8, 4, '口感真的不錯，很好吃，價格很便宜，絕對值得再次回購', '2022-04-29', NULL, NULL),
(159, 0, 9, 8, 5, '超級好吃的啦，包裝完整服務也很好，值得購買', '2022-10-28', NULL, NULL),
(160, 0, 39, 8, 5, '一開箱香氣撲面而來，怎麼會這麼香，冷藏配送超新鮮，已回購數次', '2022-03-30', NULL, NULL),
(161, 0, 85, 9, 4, '真的好大顆，冰過後再吃脆硬甜，價格很便宜，有需要會再回購', '2022-01-24', NULL, NULL),
(162, 0, 100, 9, 4, '買點好東西寄回老家孝敬父母，送貨包裝非常完整，好吃會一直回購', '2022-11-06', NULL, NULL),
(163, 0, 5, 9, 5, '非常大顆非常漂亮非常好吃，出貨速度快，物超所值，很滿足', '2022-11-11', NULL, NULL),
(164, 0, 32, 9, 5, '超級好吃的啦，送貨很快速，會再來買', '2022-08-08', NULL, NULL),
(165, 0, 60, 9, 4, 'CP值很高，宅配到家的服務方便，期待開吃', '2022-05-14', NULL, NULL),
(166, 0, 66, 9, 5, '普普通通，送貨包裝非常完整，期待開吃', '2022-03-07', NULL, NULL),
(167, 0, 50, 9, 4, '一開箱香氣撲面而來，怎麼會這麼香，送貨包裝非常完整，果然沒讓我失望', '2022-01-03', NULL, NULL),
(168, 0, 58, 9, 4, '甜度不錯，宅配到家的服務方便，好吃會一直回購', '2022-02-11', NULL, NULL),
(169, 0, 59, 9, 4, '很甜很好吃，宅配到家的服務方便，價位可以接受', '2022-03-02', NULL, NULL),
(170, 0, 20, 9, 4, '甜度不錯，包裝呵護食品包裝良好，有機會還是會再繼續回購的', '2022-11-07', NULL, NULL),
(171, 0, 58, 9, 5, '皮較粗糙一點，出貨非快速，值得購買', '2022-07-30', NULL, NULL),
(172, 0, 77, 9, 4, '水果CP值及服務品質一級棒，沒有任何受損，不錯不錯，值得等待！', '2023-01-18', NULL, NULL),
(173, 0, 69, 9, 5, '略酸，但口感不錯，包裝完整且仔細，值得等待！', '2023-02-23', NULL, NULL),
(174, 0, 66, 9, 5, '沒有太嚴重的果損，包裝完整，品項齊全，很滿足', '2023-01-11', NULL, NULL),
(175, 0, 75, 9, 5, '甜到糖尿病，出貨速度快，物超所值，有機會還是會再繼續回購的', '2022-03-11', NULL, NULL),
(176, 0, 60, 9, 5, '皮較粗糙一點，送貨很快速，非常值得推薦', '2022-08-30', NULL, NULL),
(177, 0, 1, 9, 4, '外表色澤飽滿，令人垂涎欲滴，口水直流，包裝呵護食品包裝良好，好吃會一直回購', '2022-01-09', NULL, NULL),
(178, 0, 93, 9, 5, '沒有很甜但也還行，包裝完整服務也很好，值得長期購買', '2022-11-07', NULL, NULL),
(179, 0, 68, 9, 4, '買點好東西寄回老家孝敬父母，沒有任何受損，不錯不錯，會再來買', '2022-02-16', NULL, NULL),
(180, 0, 45, 9, 5, '買點好東西寄回老家孝敬父母，價格很便宜，絕對值得再次回購', '2022-09-01', NULL, NULL),
(181, 0, 55, 10, 5, 'CP值很高，包裝完整，品項齊全，還行吧', '2022-09-23', NULL, NULL),
(182, 0, 62, 10, 5, '很甜很好吃，包裝完整仔細，價位可以接受', '2022-04-18', NULL, NULL),
(183, 0, 73, 10, 4, '味濃郁清甜好好吃，宅配到家的服務方便，非常值得推薦', '2022-06-15', NULL, NULL),
(184, 0, 50, 10, 5, '水果也都很新鮮，出貨速度快，物超所值，已回購數次', '2022-08-11', NULL, NULL),
(185, 0, 54, 10, 5, '味濃郁清甜好好吃，價格很便宜，值得等待！', '2022-08-02', NULL, NULL),
(186, 0, 86, 10, 5, '真是太滿意了，沒有任何受損，不錯不錯，價位可以接受', '2022-06-07', NULL, NULL),
(187, 0, 35, 10, 4, '香氣很足，包裝完整，品項齊全，期待開吃', '2022-08-02', NULL, NULL),
(188, 0, 64, 10, 5, '真的好大顆，冰過後再吃脆硬甜，包裝完整服務也很好，價位可以接受', '2022-05-17', NULL, NULL),
(189, 0, 72, 10, 5, '口感真的不錯，很好吃，出貨非快速，果然沒讓我失望', '2022-01-19', NULL, NULL),
(190, 0, 41, 10, 4, '雖然有一顆爛的，其他品質都不錯，包裝保護很完整，好吃會一直回購', '2022-10-10', NULL, NULL),
(191, 0, 91, 10, 5, '外表色澤飽滿，令人垂涎欲滴，口水直流，包裝完整服務也很好，會再來買', '2022-05-09', NULL, NULL),
(192, 0, 52, 10, 5, '很甜很好吃，冷藏配送超新鮮，有機會還是會再繼續回購的', '2022-10-14', NULL, NULL),
(193, 0, 69, 10, 5, '一開箱香氣撲面而來，怎麼會這麼香，出貨迅速，包裝完善，已回購數次', '2022-12-19', NULL, NULL),
(194, 0, 9, 10, 4, '外表色澤飽滿，令人垂涎欲滴，口水直流，送貨包裝非常完整，吃一口就想回購', '2022-11-24', NULL, NULL),
(195, 0, 59, 10, 4, '沒有很甜但也還行，出貨速度快，物超所值，很滿足', '2022-04-15', NULL, NULL),
(196, 0, 1, 10, 4, '一開箱香氣撲面而來，怎麼會這麼香，出貨速度快，物超所值，還行吧', '2022-12-13', NULL, NULL),
(197, 0, 36, 10, 5, '水果也都很新鮮，價格很便宜，絕對值得再次回購', '2022-07-20', NULL, NULL),
(198, 0, 83, 10, 5, '皮較粗糙一點，出貨非快速，推推推！', '2022-09-07', NULL, NULL),
(199, 0, 33, 10, 5, '沒有太嚴重的果損，宅配到家的服務方便，有需要會再回購', '2022-04-01', NULL, NULL),
(200, 0, 95, 10, 5, '沒有太嚴重的果損，包裝完整服務也很好，推推推！', '2022-03-03', NULL, NULL),
(201, 0, 36, 11, 4, '外表有些磕碰傷，但無損口感，送貨包裝非常完整，果然沒讓我失望', '2022-03-26', NULL, NULL),
(202, 0, 94, 11, 5, '真是太滿意了，包裝呵護食品包裝良好，非常值得推薦', '2022-09-19', NULL, NULL),
(203, 0, 75, 11, 5, 'CP值很高，宅配到家的服務方便，絕對值得再次回購', '2022-11-28', NULL, NULL),
(204, 0, 94, 11, 4, '很甜很好吃，冷藏配送超新鮮，期待開吃', '2023-01-11', NULL, NULL),
(205, 0, 61, 11, 5, '很甜很好吃，送貨包裝非常完整，絕對值得再次回購', '2022-10-26', NULL, NULL),
(206, 0, 91, 11, 4, 'CP值很高，出貨非快速，已回購數次', '2022-02-27', NULL, NULL),
(207, 0, 15, 11, 5, '夠新鮮，好吃，包裝保護很完整，會再來買', '2022-08-07', NULL, NULL),
(208, 0, 15, 11, 4, '甜度不錯，包裝完整，品項齊全，很滿足', '2022-08-05', NULL, NULL),
(209, 0, 4, 11, 4, '味道酸酸甜甜剛剛好，包裝呵護食品包裝良好，好吃會一直回購', '2022-06-30', NULL, NULL),
(210, 0, 12, 11, 4, '品質很好，出貨速度快，物超所值，吃一口就想回購', '2022-01-20', NULL, NULL),
(211, 0, 4, 11, 5, '夠新鮮，好吃，包裝完整且仔細，好吃會一直回購', '2022-01-13', NULL, NULL),
(212, 0, 72, 11, 5, '一開箱香氣撲面而來，怎麼會這麼香，冷藏配送超新鮮，期待開吃', '2022-08-08', NULL, NULL),
(213, 0, 78, 11, 4, '很甜很好吃，包裝完整，品項齊全，非常值得推薦', '2022-12-24', NULL, NULL),
(214, 0, 59, 11, 4, '很甜很好吃，沒有任何受損，不錯不錯，推推推！', '2022-11-07', NULL, NULL),
(215, 0, 46, 11, 5, '味濃郁清甜好好吃，出貨迅速，包裝完善，非常值得推薦', '2022-08-30', NULL, NULL),
(216, 0, 68, 11, 4, 'CP值很高，包裝完整服務也很好，已回購數次', '2022-05-20', NULL, NULL),
(217, 0, 27, 11, 4, '飽滿濃郁，出貨速度快，物超所值，值得長期購買', '2022-04-18', NULL, NULL),
(218, 0, 93, 11, 4, '吃起來有點澀，甜度稍低，出貨迅速，包裝完善，非常值得推薦', '2022-07-30', NULL, NULL),
(219, 0, 99, 11, 4, '很甜很好吃，包裝完整服務也很好，果然沒讓我失望', '2022-03-22', NULL, NULL),
(220, 0, 22, 11, 5, '甜度不錯，冷藏配送超新鮮，值得長期購買', '2022-07-07', NULL, NULL),
(221, 0, 36, 12, 4, '品質還不錯，冷藏配送超新鮮，好吃會一直回購', '2022-01-27', NULL, NULL),
(222, 0, 36, 12, 5, '味道酸酸甜甜剛剛好，出貨迅速，包裝完善，有機會還是會再繼續回購的', '2022-12-10', NULL, NULL),
(223, 0, 37, 12, 4, '真是太滿意了，包裝完整，品項齊全，值得等待！', '2022-08-18', NULL, NULL),
(224, 0, 13, 12, 5, '香氣很足，包裝完整仔細，很滿足', '2022-12-28', NULL, NULL),
(225, 0, 60, 12, 5, '很甜很好吃，包裝完整且仔細，還行吧', '2022-01-24', NULL, NULL),
(226, 0, 76, 12, 5, '外表很漂亮但口感還好，送貨包裝非常完整，很滿足', '2022-04-30', NULL, NULL),
(227, 0, 41, 12, 5, '真是太滿意了，送貨包裝非常完整，價位可以接受', '2022-03-02', NULL, NULL),
(228, 0, 99, 12, 4, '價格優惠，包裝完整且仔細，值得長期購買', '2022-10-22', NULL, NULL),
(229, 0, 99, 12, 5, '味道酸酸甜甜剛剛好，包裝完整且仔細，有需要會再回購', '2022-01-27', NULL, NULL),
(230, 0, 96, 12, 5, '買點好東西寄回老家孝敬父母，送貨包裝非常完整，會再來買', '2022-06-30', NULL, NULL),
(231, 0, 71, 12, 4, '水果也都很新鮮，包裝完整，品項齊全，期待開吃', '2023-01-18', NULL, NULL),
(232, 0, 83, 12, 4, '水果CP值及服務品質一級棒，包裝保護很完整，值得長期購買', '2022-02-17', NULL, NULL),
(233, 0, 99, 12, 4, '味道酸酸甜甜剛剛好，宅配到家的服務方便，很滿足', '2022-12-10', NULL, NULL),
(234, 0, 43, 12, 4, '非常大顆非常漂亮非常好吃，送貨很快速，已回購數次', '2022-04-15', NULL, NULL),
(235, 0, 65, 12, 4, '香氣很足，送貨很快速，有機會還是會再繼續回購的', '2022-01-11', NULL, NULL),
(236, 0, 91, 12, 5, '真是太滿意了，包裝完整仔細，值得購買', '2022-01-07', NULL, NULL),
(237, 0, 80, 12, 4, '很甜很好吃，冷藏配送超新鮮，已回購數次', '2022-03-06', NULL, NULL),
(238, 0, 92, 12, 4, '水果香甜可口，包裝保護很完整，值得等待！', '2022-09-02', NULL, NULL),
(239, 0, 100, 12, 5, '略酸，但口感不錯，包裝呵護食品包裝良好，還行吧', '2022-02-04', NULL, NULL),
(240, 0, 2, 12, 4, '味濃郁清甜好好吃，宅配到家的服務方便，好吃會一直回購', '2022-04-11', NULL, NULL),
(241, 0, 92, 13, 4, '吃起來有點澀，甜度稍低，沒有任何受損，不錯不錯，期待開吃', '2022-06-29', NULL, NULL),
(242, 0, 13, 13, 4, '沒有太嚴重的果損，包裝完整且仔細，值得購買', '2022-10-27', NULL, NULL),
(243, 0, 4, 13, 5, '雖然有一顆爛的，其他品質都不錯，包裝完整，品項齊全，好吃會一直回購', '2022-09-30', NULL, NULL),
(244, 0, 98, 13, 4, '很甜很好吃，冷藏配送超新鮮，還行吧', '2022-09-15', NULL, NULL),
(245, 0, 78, 13, 5, '很甜很好吃，宅配到家的服務方便，已回購數次', '2022-04-28', NULL, NULL),
(246, 0, 58, 13, 4, '外表色澤飽滿，令人垂涎欲滴，口水直流，出貨速度快，物超所值，價位可以接受', '2022-10-03', NULL, NULL),
(247, 0, 77, 13, 5, '水果香甜可口，出貨非快速，期待開吃', '2023-02-11', NULL, NULL),
(248, 0, 78, 13, 4, '外表有些磕碰傷，但無損口感，出貨速度快，物超所值，會再來買', '2022-11-26', NULL, NULL),
(249, 0, 77, 13, 5, '外表色澤飽滿，令人垂涎欲滴，口水直流，包裝完整且仔細，有需要會再回購', '2022-11-18', NULL, NULL),
(250, 0, 33, 13, 4, '夠新鮮，好吃，包裝完整，品項齊全，價位可以接受', '2022-09-28', NULL, NULL),
(251, 0, 72, 13, 4, '真的好大顆，冰過後再吃脆硬甜，出貨速度快，物超所值，有機會還是會再繼續回購的', '2022-07-18', NULL, NULL),
(252, 0, 16, 13, 4, '口感真的不錯，很好吃，價格很便宜，期待開吃', '2022-07-20', NULL, NULL),
(253, 0, 20, 13, 5, '外表很漂亮但口感還好，包裝呵護食品包裝良好，會再來買', '2022-07-13', NULL, NULL),
(254, 0, 42, 13, 5, '水果CP值及服務品質一級棒，包裝呵護食品包裝良好，會再來買', '2022-03-09', NULL, NULL),
(255, 0, 47, 13, 4, '外表有些磕碰傷，但無損口感，出貨速度快，物超所值，會再來買', '2022-08-26', NULL, NULL),
(256, 0, 81, 13, 4, '很甜很好吃，送貨包裝非常完整，推推推！', '2022-10-18', NULL, NULL),
(257, 0, 5, 13, 4, 'CP值很高，包裝完整且仔細，吃一口就想回購', '2022-10-27', NULL, NULL),
(258, 0, 50, 13, 5, '水果CP值及服務品質一級棒，冷藏配送超新鮮，果然沒讓我失望', '2022-08-03', NULL, NULL),
(259, 0, 52, 13, 5, '品質很好，冷藏配送超新鮮，值得購買', '2022-08-17', NULL, NULL),
(260, 0, 31, 13, 5, '雖然有一顆爛的，其他品質都不錯，出貨迅速，包裝完善，很滿足', '2022-02-17', NULL, NULL),
(261, 0, 40, 14, 4, '飽滿濃郁，冷藏配送超新鮮，很滿足', '2022-05-28', NULL, NULL),
(262, 0, 12, 14, 5, '真的好大顆，冰過後再吃脆硬甜，包裝完整且仔細，期待開吃', '2022-07-14', NULL, NULL),
(263, 0, 64, 14, 4, 'CP值很高，沒有任何受損，不錯不錯，已回購數次', '2022-04-04', NULL, NULL),
(264, 0, 85, 14, 4, '外表很漂亮但口感還好，送貨包裝非常完整，會再來買', '2022-11-27', NULL, NULL),
(265, 0, 21, 14, 4, '水果CP值及服務品質一級棒，送貨很快速，推推推！', '2022-01-23', NULL, NULL),
(266, 0, 99, 14, 4, '甜到糖尿病，沒有任何受損，不錯不錯，很滿足', '2022-09-05', NULL, NULL),
(267, 0, 14, 14, 5, '非常大顆非常漂亮非常好吃，冷藏配送超新鮮，有需要會再回購', '2022-03-07', NULL, NULL),
(268, 0, 21, 14, 5, '一開箱香氣撲面而來，怎麼會這麼香，包裝完整服務也很好，果然沒讓我失望', '2023-02-05', NULL, NULL),
(269, 0, 28, 14, 5, '皮較粗糙一點，包裝呵護食品包裝良好，吃一口就想回購', '2022-05-25', NULL, NULL),
(270, 0, 64, 14, 5, '超級好吃的啦，送貨很快速，很滿足', '2022-10-29', NULL, NULL),
(271, 0, 50, 14, 5, '買點好東西寄回老家孝敬父母，宅配到家的服務方便，值得等待！', '2022-08-12', NULL, NULL),
(272, 0, 47, 14, 5, '雖然有一顆爛的，其他品質都不錯，出貨非快速，果然沒讓我失望', '2022-12-06', NULL, NULL),
(273, 0, 5, 14, 4, '皮較粗糙一點，包裝保護很完整，已回購數次', '2022-11-06', NULL, NULL),
(274, 0, 61, 14, 5, '香氣很足，包裝保護很完整，非常值得推薦', '2022-08-30', NULL, NULL),
(275, 0, 26, 14, 4, '普普通通，冷藏配送超新鮮，值得長期購買', '2022-08-18', NULL, NULL),
(276, 0, 17, 14, 4, '雖然有一顆爛的，其他品質都不錯，包裝完整，品項齊全，還行吧', '2022-12-02', NULL, NULL),
(277, 0, 61, 14, 5, '真的好大顆，冰過後再吃脆硬甜，包裝完整，品項齊全，有機會還是會再繼續回購的', '2022-12-13', NULL, NULL),
(278, 0, 79, 14, 5, '商品品質超優，包裝呵護食品包裝良好，值得等待！', '2022-10-02', NULL, NULL),
(279, 0, 40, 14, 4, '很甜很好吃，價格很便宜，吃一口就想回購', '2022-04-03', NULL, NULL),
(280, 0, 46, 14, 5, '一開箱香氣撲面而來，怎麼會這麼香，沒有任何受損，不錯不錯，有機會還是會再繼續回購的', '2022-07-16', NULL, NULL),
(281, 0, 83, 15, 5, '口感真的不錯，很好吃，送貨包裝非常完整，價位可以接受', '2022-12-20', NULL, NULL),
(282, 0, 42, 15, 4, '價格優惠，價格很便宜，值得購買', '2022-06-21', NULL, NULL),
(283, 0, 85, 15, 5, '甜到糖尿病，送貨包裝非常完整，還行吧', '2022-09-25', NULL, NULL),
(284, 0, 7, 15, 4, '商品品質超優，送貨包裝非常完整，絕對值得再次回購', '2022-09-06', NULL, NULL),
(285, 0, 6, 15, 4, '夠新鮮，好吃，送貨包裝非常完整，推推推！', '2022-05-19', NULL, NULL),
(286, 0, 39, 15, 4, 'CP值很高，沒有任何受損，不錯不錯，非常值得推薦', '2022-06-06', NULL, NULL),
(287, 0, 59, 15, 4, '外表色澤飽滿，令人垂涎欲滴，口水直流，送貨包裝非常完整，值得購買', '2022-12-17', NULL, NULL),
(288, 0, 55, 15, 5, '水果香甜可口，送貨包裝非常完整，還行吧', '2022-03-20', NULL, NULL),
(289, 0, 64, 15, 4, '飽滿濃郁，送貨包裝非常完整，值得購買', '2022-10-12', NULL, NULL),
(290, 0, 3, 15, 5, '香氣很足，包裝完整仔細，好吃會一直回購', '2022-02-10', NULL, NULL),
(291, 0, 94, 15, 4, '超級好吃的啦，包裝完整仔細，非常值得推薦', '2022-07-02', NULL, NULL),
(292, 0, 47, 15, 4, '夠新鮮，好吃，出貨速度快，物超所值，絕對值得再次回購', '2022-09-23', NULL, NULL),
(293, 0, 47, 15, 5, '品質還不錯，出貨迅速，包裝完善，絕對值得再次回購', '2022-11-24', NULL, NULL),
(294, 0, 43, 15, 5, '口感真的不錯，很好吃，包裝呵護食品包裝良好，已回購數次', '2022-12-16', NULL, NULL),
(295, 0, 15, 15, 4, '沒有很甜但也還行，包裝保護很完整，推推推！', '2022-07-14', NULL, NULL),
(296, 0, 8, 15, 4, '夠新鮮，好吃，沒有任何受損，不錯不錯，期待開吃', '2022-11-27', NULL, NULL),
(297, 0, 74, 15, 5, '品質很好，出貨非快速，有機會還是會再繼續回購的', '2022-01-25', NULL, NULL),
(298, 0, 18, 15, 5, '商品品質超優，出貨迅速，包裝完善，推推推！', '2022-02-08', NULL, NULL),
(299, 0, 29, 15, 5, '品質還不錯，包裝完整且仔細，有需要會再回購', '2023-01-20', NULL, NULL),
(300, 0, 28, 15, 4, '口感真的不錯，很好吃，包裝呵護食品包裝良好，非常值得推薦', '2022-11-26', NULL, NULL),
(301, 0, 75, 16, 5, 'CP值很高，價格很便宜，價位可以接受', '2022-06-11', NULL, NULL),
(302, 0, 44, 16, 4, '非常大顆非常漂亮非常好吃，冷藏配送超新鮮，很滿足', '2022-01-07', NULL, NULL),
(303, 0, 13, 16, 4, '甜度不錯，送貨很快速，期待開吃', '2022-10-10', NULL, NULL),
(304, 0, 44, 16, 4, '皮較粗糙一點，送貨很快速，絕對值得再次回購', '2022-06-09', NULL, NULL),
(305, 0, 100, 16, 5, '飽滿濃郁，包裝完整服務也很好，好吃會一直回購', '2022-02-16', NULL, NULL),
(306, 0, 56, 16, 5, '沒有太嚴重的果損，冷藏配送超新鮮，好吃會一直回購', '2022-09-06', NULL, NULL),
(307, 0, 37, 16, 5, '沒有很甜但也還行，出貨速度快，物超所值，價位可以接受', '2022-02-24', NULL, NULL),
(308, 0, 7, 16, 4, '沒有太嚴重的果損，出貨迅速，包裝完善，吃一口就想回購', '2022-07-28', NULL, NULL),
(309, 0, 69, 16, 5, '甜度不錯，出貨速度快，物超所值，推推推！', '2022-09-02', NULL, NULL),
(310, 0, 6, 16, 5, '很甜很好吃，出貨迅速，包裝完善，會再來買', '2022-04-02', NULL, NULL),
(311, 0, 20, 16, 5, '夠新鮮，好吃，沒有任何受損，不錯不錯，非常值得推薦', '2022-03-04', NULL, NULL),
(312, 0, 66, 16, 4, '水果CP值及服務品質一級棒，包裝完整，品項齊全，推推推！', '2022-09-07', NULL, NULL),
(313, 0, 80, 16, 5, '真的好大顆，冰過後再吃脆硬甜，宅配到家的服務方便，很滿足', '2022-01-03', NULL, NULL),
(314, 0, 60, 16, 5, '甜到糖尿病，宅配到家的服務方便，果然沒讓我失望', '2023-01-30', NULL, NULL),
(315, 0, 60, 16, 4, '皮較粗糙一點，送貨很快速，值得購買', '2022-03-14', NULL, NULL),
(316, 0, 75, 16, 4, '口感真的不錯，很好吃，包裝完整仔細，已回購數次', '2022-12-11', NULL, NULL),
(317, 0, 91, 16, 4, '雖然有一顆爛的，其他品質都不錯，出貨速度快，物超所值，很滿足', '2023-02-27', NULL, NULL),
(318, 0, 19, 16, 5, '夠新鮮，好吃，包裝完整，品項齊全，好吃會一直回購', '2022-01-02', NULL, NULL),
(319, 0, 56, 16, 4, '非常大顆非常漂亮非常好吃，包裝完整，品項齊全，非常值得推薦', '2022-12-02', NULL, NULL),
(320, 0, 26, 16, 5, '飽滿濃郁，送貨很快速，很滿足', '2022-11-01', NULL, NULL),
(321, 0, 3, 17, 4, '外表有些磕碰傷，但無損口感，包裝完整且仔細，值得購買', '2022-10-30', NULL, NULL),
(322, 0, 78, 17, 5, '味道酸酸甜甜剛剛好，價格很便宜，非常值得推薦', '2022-09-18', NULL, NULL),
(323, 0, 42, 17, 4, '品質還不錯，包裝呵護食品包裝良好，絕對值得再次回購', '2022-05-08', NULL, NULL),
(324, 0, 85, 17, 5, '味道酸酸甜甜剛剛好，冷藏配送超新鮮，期待開吃', '2022-03-27', NULL, NULL),
(325, 0, 48, 17, 4, '真的好大顆，冰過後再吃脆硬甜，包裝保護很完整，會再來買', '2022-12-24', NULL, NULL),
(326, 0, 36, 17, 4, '外表有些磕碰傷，但無損口感，價格很便宜，果然沒讓我失望', '2022-08-07', NULL, NULL),
(327, 0, 33, 17, 4, '夠新鮮，好吃，包裝完整仔細，非常值得推薦', '2023-01-11', NULL, NULL),
(328, 0, 76, 17, 4, '真是太滿意了，包裝完整服務也很好，推推推！', '2022-02-18', NULL, NULL),
(329, 0, 39, 17, 4, '夠新鮮，好吃，送貨很快速，期待開吃', '2022-12-24', NULL, NULL),
(330, 0, 90, 17, 5, '略酸，但口感不錯，出貨非快速，有機會還是會再繼續回購的', '2022-08-09', NULL, NULL),
(331, 0, 12, 17, 4, '外表有些磕碰傷，但無損口感，包裝完整，品項齊全，好吃會一直回購', '2022-07-05', NULL, NULL),
(332, 0, 34, 17, 4, '沒有很甜但也還行，送貨很快速，絕對值得再次回購', '2022-09-08', NULL, NULL),
(333, 0, 56, 17, 4, '沒有太嚴重的果損，價格很便宜，非常值得推薦', '2022-06-13', NULL, NULL),
(334, 0, 90, 17, 4, '沒有很甜但也還行，送貨包裝非常完整，有需要會再回購', '2022-01-11', NULL, NULL),
(335, 0, 72, 17, 4, '商品品質超優，冷藏配送超新鮮，會再來買', '2022-02-17', NULL, NULL),
(336, 0, 93, 17, 5, '甜度不錯，送貨包裝非常完整，價位可以接受', '2022-12-03', NULL, NULL),
(337, 0, 78, 17, 4, '一開箱香氣撲面而來，怎麼會這麼香，出貨速度快，物超所值，會再來買', '2022-06-08', NULL, NULL),
(338, 0, 53, 17, 4, 'CP值很高，宅配到家的服務方便，有機會還是會再繼續回購的', '2022-08-21', NULL, NULL),
(339, 0, 54, 17, 4, '飽滿濃郁，包裝完整，品項齊全，值得購買', '2022-11-08', NULL, NULL),
(340, 0, 2, 17, 4, '夠新鮮，好吃，包裝完整且仔細，絕對值得再次回購', '2023-01-01', NULL, NULL),
(341, 0, 36, 18, 4, '香氣很足，包裝完整且仔細，值得購買', '2022-01-07', NULL, NULL),
(342, 0, 87, 18, 4, '外表有些磕碰傷，但無損口感，包裝完整服務也很好，非常值得推薦', '2022-07-13', NULL, NULL),
(343, 0, 18, 18, 5, '真是太滿意了，出貨非快速，推推推！', '2022-10-15', NULL, NULL),
(344, 0, 58, 18, 4, '超級好吃的啦，包裝完整，品項齊全，已回購數次', '2022-03-22', NULL, NULL),
(345, 0, 86, 18, 5, '商品品質超優，價格很便宜，吃一口就想回購', '2023-01-16', NULL, NULL),
(346, 0, 30, 18, 4, '外表很漂亮但口感還好，出貨非快速，值得長期購買', '2022-04-07', NULL, NULL),
(347, 0, 29, 18, 4, '味道酸酸甜甜剛剛好，送貨包裝非常完整，值得等待！', '2022-02-04', NULL, NULL),
(348, 0, 92, 18, 4, '品質還不錯，包裝完整仔細，推推推！', '2022-09-23', NULL, NULL),
(349, 0, 27, 18, 5, '一開箱香氣撲面而來，怎麼會這麼香，包裝呵護食品包裝良好，值得長期購買', '2022-12-23', NULL, NULL),
(350, 0, 7, 18, 5, '夠新鮮，好吃，包裝完整服務也很好，推推推！', '2022-06-15', NULL, NULL),
(351, 0, 17, 18, 5, '飽滿濃郁，冷藏配送超新鮮，很滿足', '2022-06-23', NULL, NULL),
(352, 0, 79, 18, 5, '吃起來有點澀，甜度稍低，送貨很快速，有機會還是會再繼續回購的', '2022-11-18', NULL, NULL),
(353, 0, 95, 18, 4, '沒有太嚴重的果損，出貨迅速，包裝完善，值得購買', '2022-04-10', NULL, NULL),
(354, 0, 87, 18, 5, '價格優惠，出貨非快速，值得等待！', '2022-08-11', NULL, NULL),
(355, 0, 73, 18, 5, '很甜很好吃，出貨速度快，物超所值，吃一口就想回購', '2023-01-18', NULL, NULL),
(356, 0, 47, 18, 5, '很甜很好吃，價格很便宜，推推推！', '2022-03-16', NULL, NULL),
(357, 0, 80, 18, 4, '味濃郁清甜好好吃，價格很便宜，好吃會一直回購', '2023-02-05', NULL, NULL),
(358, 0, 33, 18, 5, '外表色澤飽滿，令人垂涎欲滴，口水直流，價格很便宜，非常值得推薦', '2022-04-08', NULL, NULL),
(359, 0, 90, 18, 4, '沒有太嚴重的果損，送貨包裝非常完整，吃一口就想回購', '2022-10-16', NULL, NULL),
(360, 0, 72, 18, 4, '買點好東西寄回老家孝敬父母，包裝呵護食品包裝良好，果然沒讓我失望', '2022-03-08', NULL, NULL),
(361, 0, 59, 19, 5, '真的好大顆，冰過後再吃脆硬甜，包裝完整仔細，絕對值得再次回購', '2022-07-12', NULL, NULL),
(362, 0, 82, 19, 5, '味道酸酸甜甜剛剛好，包裝完整服務也很好，期待開吃', '2022-05-02', NULL, NULL),
(363, 0, 53, 19, 4, '甜度不錯，包裝完整仔細，還行吧', '2022-12-07', NULL, NULL),
(364, 0, 75, 19, 4, '吃起來有點澀，甜度稍低，沒有任何受損，不錯不錯，有機會還是會再繼續回購的', '2022-02-23', NULL, NULL),
(365, 0, 61, 19, 5, '吃起來有點澀，甜度稍低，價格很便宜，果然沒讓我失望', '2022-12-21', NULL, NULL),
(366, 0, 92, 19, 5, '沒有太嚴重的果損，出貨非快速，有需要會再回購', '2023-02-07', NULL, NULL),
(367, 0, 67, 19, 4, '香氣很足，包裝完整服務也很好，好吃會一直回購', '2022-04-04', NULL, NULL),
(368, 0, 38, 19, 4, '甜到糖尿病，包裝呵護食品包裝良好，果然沒讓我失望', '2022-07-02', NULL, NULL),
(369, 0, 47, 19, 5, '味道酸酸甜甜剛剛好，沒有任何受損，不錯不錯，會再來買', '2022-04-19', NULL, NULL),
(370, 0, 42, 19, 4, '雖然有一顆爛的，其他品質都不錯，包裝保護很完整，吃一口就想回購', '2022-07-11', NULL, NULL),
(371, 0, 59, 19, 5, '味道酸酸甜甜剛剛好，送貨包裝非常完整，值得長期購買', '2022-12-14', NULL, NULL),
(372, 0, 15, 19, 4, '飽滿濃郁，包裝完整仔細，值得長期購買', '2022-06-01', NULL, NULL),
(373, 0, 7, 19, 5, '甜度不錯，宅配到家的服務方便，值得購買', '2022-05-14', NULL, NULL),
(374, 0, 8, 19, 4, '外表色澤飽滿，令人垂涎欲滴，口水直流，出貨速度快，物超所值，值得購買', '2022-04-06', NULL, NULL),
(375, 0, 24, 19, 4, '飽滿濃郁，包裝完整服務也很好，還行吧', '2022-04-07', NULL, NULL),
(376, 0, 8, 19, 5, '水果香甜可口，出貨迅速，包裝完善，有機會還是會再繼續回購的', '2022-05-03', NULL, NULL),
(377, 0, 78, 19, 5, '夠新鮮，好吃，出貨迅速，包裝完善，值得等待！', '2023-02-20', NULL, NULL),
(378, 0, 99, 19, 5, '非常大顆非常漂亮非常好吃，送貨包裝非常完整，期待開吃', '2022-10-22', NULL, NULL),
(379, 0, 47, 19, 5, '水果香甜可口，包裝保護很完整，會再來買', '2022-09-28', NULL, NULL),
(380, 0, 18, 19, 4, '水果香甜可口，冷藏配送超新鮮，果然沒讓我失望', '2022-11-12', NULL, NULL),
(381, 0, 36, 20, 4, 'CP值很高，出貨迅速，包裝完善，有需要會再回購', '2023-02-15', NULL, NULL),
(382, 0, 28, 20, 5, '吃起來有點澀，甜度稍低，冷藏配送超新鮮，好吃會一直回購', '2022-08-11', NULL, NULL),
(383, 0, 84, 20, 5, '普普通通，冷藏配送超新鮮，會再來買', '2023-02-14', NULL, NULL),
(384, 0, 26, 20, 4, '飽滿濃郁，包裝完整，品項齊全，值得購買', '2022-05-25', NULL, NULL),
(385, 0, 38, 20, 5, '口感真的不錯，很好吃，出貨非快速，非常值得推薦', '2022-11-06', NULL, NULL),
(386, 0, 100, 20, 4, '味道酸酸甜甜剛剛好，出貨迅速，包裝完善，期待開吃', '2022-08-11', NULL, NULL),
(387, 0, 70, 20, 5, '味道酸酸甜甜剛剛好，出貨速度快，物超所值，值得等待！', '2022-01-09', NULL, NULL),
(388, 0, 46, 20, 4, '口感真的不錯，很好吃，送貨很快速，值得長期購買', '2022-10-28', NULL, NULL),
(389, 0, 5, 20, 5, '普普通通，送貨很快速，已回購數次', '2023-02-22', NULL, NULL),
(390, 0, 96, 20, 5, 'CP值很高，出貨迅速，包裝完善，會再來買', '2022-01-24', NULL, NULL),
(391, 0, 64, 20, 4, '口感真的不錯，很好吃，包裝完整，品項齊全，會再來買', '2023-01-24', NULL, NULL),
(392, 0, 66, 20, 4, '很甜很好吃，包裝完整仔細，值得長期購買', '2022-02-16', NULL, NULL),
(393, 0, 89, 20, 4, '一開箱香氣撲面而來，怎麼會這麼香，宅配到家的服務方便，非常值得推薦', '2022-01-17', NULL, NULL),
(394, 0, 75, 20, 4, 'CP值很高，包裝完整服務也很好，值得購買', '2022-07-09', NULL, NULL),
(395, 0, 47, 20, 5, '外表有些磕碰傷，但無損口感，包裝完整仔細，好吃會一直回購', '2023-02-23', NULL, NULL),
(396, 0, 26, 20, 4, '品質很好，包裝呵護食品包裝良好，好吃會一直回購', '2022-07-15', NULL, NULL),
(397, 0, 83, 20, 5, '味濃郁清甜好好吃，沒有任何受損，不錯不錯，果然沒讓我失望', '2022-02-12', NULL, NULL),
(398, 0, 97, 20, 5, '沒有很甜但也還行，出貨迅速，包裝完善，價位可以接受', '2022-01-11', NULL, NULL),
(399, 0, 26, 20, 4, '外表很漂亮但口感還好，包裝保護很完整，值得長期購買', '2022-04-01', NULL, NULL),
(400, 0, 6, 20, 4, '飽滿濃郁，包裝完整且仔細，期待開吃', '2022-07-17', NULL, NULL),
(401, 0, 1, 21, 5, '夠新鮮，好吃，包裝完整服務也很好，很滿足', '2023-01-11', NULL, NULL),
(402, 0, 39, 21, 4, '普普通通，出貨非快速，值得購買', '2023-02-12', NULL, NULL),
(403, 0, 29, 21, 4, '品質還不錯，冷藏配送超新鮮，絕對值得再次回購', '2022-04-06', NULL, NULL),
(404, 0, 33, 21, 4, '普普通通，價格很便宜，好吃會一直回購', '2022-03-08', NULL, NULL),
(405, 0, 61, 21, 4, '略酸，但口感不錯，包裝保護很完整，值得購買', '2023-02-19', NULL, NULL),
(406, 0, 10, 21, 4, '水果香甜可口，沒有任何受損，不錯不錯，期待開吃', '2022-08-18', NULL, NULL),
(407, 0, 42, 21, 4, '外表很漂亮但口感還好，送貨包裝非常完整，會再來買', '2022-02-14', NULL, NULL),
(408, 0, 75, 21, 5, '味道酸酸甜甜剛剛好，出貨非快速，期待開吃', '2022-03-20', NULL, NULL),
(409, 0, 51, 21, 5, '買點好東西寄回老家孝敬父母，送貨很快速，已回購數次', '2022-09-16', NULL, NULL),
(410, 0, 65, 21, 4, '味濃郁清甜好好吃，包裝完整服務也很好，吃一口就想回購', '2022-03-23', NULL, NULL),
(411, 0, 22, 21, 4, '很甜很好吃，包裝完整，品項齊全，果然沒讓我失望', '2022-05-19', NULL, NULL),
(412, 0, 10, 21, 4, '外表很漂亮但口感還好，宅配到家的服務方便，好吃會一直回購', '2022-05-20', NULL, NULL),
(413, 0, 30, 21, 4, '水果香甜可口，包裝完整仔細，值得購買', '2023-02-10', NULL, NULL),
(414, 0, 80, 21, 5, '味濃郁清甜好好吃，價格很便宜，吃一口就想回購', '2022-08-22', NULL, NULL),
(415, 0, 60, 21, 5, '香氣很足，送貨很快速，絕對值得再次回購', '2022-08-11', NULL, NULL),
(416, 0, 94, 21, 5, '外表色澤飽滿，令人垂涎欲滴，口水直流，宅配到家的服務方便，絕對值得再次回購', '2022-11-08', NULL, NULL),
(417, 0, 18, 21, 5, '略酸，但口感不錯，宅配到家的服務方便，吃一口就想回購', '2022-11-17', NULL, NULL),
(418, 0, 39, 21, 5, '略酸，但口感不錯，包裝完整且仔細，有需要會再回購', '2022-10-09', NULL, NULL),
(419, 0, 11, 21, 4, '真的好大顆，冰過後再吃脆硬甜，包裝完整服務也很好，吃一口就想回購', '2023-01-20', NULL, NULL),
(420, 0, 46, 21, 5, '普普通通，冷藏配送超新鮮，會再來買', '2022-04-05', NULL, NULL),
(421, 0, 78, 22, 5, '品質很好，送貨很快速，吃一口就想回購', '2022-08-29', NULL, NULL),
(422, 0, 17, 22, 4, '真的好大顆，冰過後再吃脆硬甜，價格很便宜，會再來買', '2022-07-24', NULL, NULL),
(423, 0, 63, 22, 4, '很甜很好吃，冷藏配送超新鮮，好吃會一直回購', '2022-03-31', NULL, NULL),
(424, 0, 42, 22, 5, '一開箱香氣撲面而來，怎麼會這麼香，沒有任何受損，不錯不錯，非常值得推薦', '2022-08-13', NULL, NULL),
(425, 0, 45, 22, 5, '買點好東西寄回老家孝敬父母，出貨非快速，會再來買', '2022-03-28', NULL, NULL),
(426, 0, 2, 22, 5, '皮較粗糙一點，冷藏配送超新鮮，好吃會一直回購', '2022-01-05', NULL, NULL),
(427, 0, 16, 22, 5, '非常大顆非常漂亮非常好吃，包裝完整服務也很好，推推推！', '2022-06-30', NULL, NULL),
(428, 0, 15, 22, 5, '外表色澤飽滿，令人垂涎欲滴，口水直流，包裝保護很完整，已回購數次', '2022-08-11', NULL, NULL),
(429, 0, 24, 22, 4, '口感真的不錯，很好吃，送貨很快速，非常值得推薦', '2022-06-20', NULL, NULL),
(430, 0, 65, 22, 5, '沒有太嚴重的果損，包裝完整，品項齊全，果然沒讓我失望', '2022-05-24', NULL, NULL),
(431, 0, 76, 22, 5, '水果也都很新鮮，出貨非快速，值得長期購買', '2023-01-18', NULL, NULL),
(432, 0, 59, 22, 4, '味濃郁清甜好好吃，宅配到家的服務方便，很滿足', '2022-07-26', NULL, NULL),
(433, 0, 98, 22, 4, '超級好吃的啦，包裝保護很完整，值得等待！', '2022-07-07', NULL, NULL),
(434, 0, 42, 22, 4, '略酸，但口感不錯，沒有任何受損，不錯不錯，值得購買', '2022-12-08', NULL, NULL),
(435, 0, 22, 22, 5, 'CP值很高，冷藏配送超新鮮，絕對值得再次回購', '2022-06-10', NULL, NULL),
(436, 0, 80, 22, 5, '味濃郁清甜好好吃，包裝保護很完整，吃一口就想回購', '2022-12-16', NULL, NULL),
(437, 0, 55, 22, 4, '沒有很甜但也還行，出貨非快速，有需要會再回購', '2023-01-30', NULL, NULL),
(438, 0, 10, 22, 4, '商品品質超優，出貨非快速，期待開吃', '2022-09-01', NULL, NULL),
(439, 0, 24, 22, 5, '夠新鮮，好吃，冷藏配送超新鮮，值得等待！', '2022-03-13', NULL, NULL),
(440, 0, 62, 22, 4, '買點好東西寄回老家孝敬父母，包裝完整仔細，果然沒讓我失望', '2022-10-13', NULL, NULL),
(441, 0, 93, 23, 4, '味道酸酸甜甜剛剛好，送貨包裝非常完整，值得長期購買', '2022-08-06', NULL, NULL),
(442, 0, 57, 23, 5, '味道酸酸甜甜剛剛好，包裝完整仔細，有需要會再回購', '2022-05-06', NULL, NULL),
(443, 0, 51, 23, 4, '一開箱香氣撲面而來，怎麼會這麼香，沒有任何受損，不錯不錯，已回購數次', '2022-06-09', NULL, NULL),
(444, 0, 79, 23, 4, '略酸，但口感不錯，包裝呵護食品包裝良好，有需要會再回購', '2022-09-21', NULL, NULL),
(445, 0, 100, 23, 4, '一開箱香氣撲面而來，怎麼會這麼香，送貨很快速，期待開吃', '2022-11-19', NULL, NULL),
(446, 0, 77, 23, 5, '品質很好，包裝完整，品項齊全，會再來買', '2022-06-17', NULL, NULL),
(447, 0, 19, 23, 5, '水果也都很新鮮，出貨非快速，好吃會一直回購', '2022-04-14', NULL, NULL),
(448, 0, 13, 23, 4, '水果CP值及服務品質一級棒，冷藏配送超新鮮，絕對值得再次回購', '2022-03-03', NULL, NULL),
(449, 0, 35, 23, 4, '真的好大顆，冰過後再吃脆硬甜，送貨包裝非常完整，推推推！', '2022-12-17', NULL, NULL),
(450, 0, 90, 23, 5, '買點好東西寄回老家孝敬父母，宅配到家的服務方便，會再來買', '2022-01-13', NULL, NULL),
(451, 0, 81, 23, 4, '外表有些磕碰傷，但無損口感，宅配到家的服務方便，值得購買', '2022-08-15', NULL, NULL),
(452, 0, 71, 23, 4, '水果CP值及服務品質一級棒，包裝完整服務也很好，還行吧', '2023-01-20', NULL, NULL),
(453, 0, 21, 23, 4, '甜到糖尿病，沒有任何受損，不錯不錯，期待開吃', '2022-04-13', NULL, NULL),
(454, 0, 67, 23, 5, '價格優惠，包裝完整仔細，果然沒讓我失望', '2022-08-08', NULL, NULL),
(455, 0, 23, 23, 5, '品質還不錯，包裝呵護食品包裝良好，好吃會一直回購', '2022-10-26', NULL, NULL),
(456, 0, 36, 23, 5, '外表色澤飽滿，令人垂涎欲滴，口水直流，送貨包裝非常完整，值得等待！', '2022-03-15', NULL, NULL),
(457, 0, 35, 23, 4, '甜到糖尿病，沒有任何受損，不錯不錯，絕對值得再次回購', '2022-05-11', NULL, NULL),
(458, 0, 92, 23, 4, '普普通通，包裝呵護食品包裝良好，期待開吃', '2022-01-03', NULL, NULL),
(459, 0, 93, 23, 5, '略酸，但口感不錯，出貨速度快，物超所值，絕對值得再次回購', '2022-11-10', NULL, NULL),
(460, 0, 18, 23, 5, '味道酸酸甜甜剛剛好，包裝完整，品項齊全，吃一口就想回購', '2023-01-02', NULL, NULL),
(461, 0, 44, 24, 4, '雖然有一顆爛的，其他品質都不錯，宅配到家的服務方便，非常值得推薦', '2022-08-14', NULL, NULL),
(462, 0, 84, 24, 5, '真是太滿意了，包裝呵護食品包裝良好，值得購買', '2023-02-20', NULL, NULL),
(463, 0, 20, 24, 5, '商品品質超優，出貨迅速，包裝完善，值得等待！', '2022-04-24', NULL, NULL),
(464, 0, 90, 24, 4, '皮較粗糙一點，出貨非快速，值得等待！', '2022-02-17', NULL, NULL),
(465, 0, 45, 24, 5, '品質還不錯，包裝完整且仔細，推推推！', '2022-02-28', NULL, NULL),
(466, 0, 58, 24, 5, '外表有些磕碰傷，但無損口感，出貨非快速，絕對值得再次回購', '2022-08-09', NULL, NULL),
(467, 0, 97, 24, 4, '外表色澤飽滿，令人垂涎欲滴，口水直流，包裝完整，品項齊全，已回購數次', '2022-07-20', NULL, NULL),
(468, 0, 36, 24, 5, '甜度不錯，包裝完整且仔細，已回購數次', '2022-08-02', NULL, NULL),
(469, 0, 21, 24, 4, '品質很好，沒有任何受損，不錯不錯，非常值得推薦', '2022-03-23', NULL, NULL),
(470, 0, 80, 24, 5, '味道酸酸甜甜剛剛好，價格很便宜，吃一口就想回購', '2022-08-07', NULL, NULL),
(471, 0, 59, 24, 5, '雖然有一顆爛的，其他品質都不錯，包裝完整，品項齊全，絕對值得再次回購', '2022-06-24', NULL, NULL),
(472, 0, 43, 24, 4, '品質很好，包裝完整，品項齊全，價位可以接受', '2023-02-26', NULL, NULL),
(473, 0, 81, 24, 4, '味濃郁清甜好好吃，價格很便宜，絕對值得再次回購', '2022-06-28', NULL, NULL),
(474, 0, 7, 24, 4, '香氣很足，送貨包裝非常完整，價位可以接受', '2022-08-15', NULL, NULL),
(475, 0, 50, 24, 4, '超級好吃的啦，出貨速度快，物超所值，有機會還是會再繼續回購的', '2022-06-24', NULL, NULL),
(476, 0, 23, 24, 5, '品質還不錯，出貨速度快，物超所值，很滿足', '2022-08-12', NULL, NULL),
(477, 0, 61, 24, 5, '商品品質超優，出貨非快速，好吃會一直回購', '2022-06-04', NULL, NULL),
(478, 0, 86, 24, 5, '普普通通，出貨速度快，物超所值，價位可以接受', '2022-07-17', NULL, NULL),
(479, 0, 86, 24, 5, '甜到糖尿病，送貨包裝非常完整，值得長期購買', '2023-01-12', NULL, NULL),
(480, 0, 60, 24, 4, '品質還不錯，價格很便宜，有需要會再回購', '2023-01-02', NULL, NULL),
(481, 0, 80, 25, 4, '外表色澤飽滿，令人垂涎欲滴，口水直流，送貨很快速，價位可以接受', '2022-12-31', NULL, NULL),
(482, 0, 29, 25, 4, '略酸，但口感不錯，宅配到家的服務方便，期待開吃', '2022-03-07', NULL, NULL),
(483, 0, 53, 25, 4, '真是太滿意了，出貨非快速，有機會還是會再繼續回購的', '2022-02-07', NULL, NULL),
(484, 0, 3, 25, 4, '略酸，但口感不錯，包裝呵護食品包裝良好，已回購數次', '2022-09-11', NULL, NULL),
(485, 0, 10, 25, 5, '品質還不錯，送貨包裝非常完整，非常值得推薦', '2022-10-17', NULL, NULL),
(486, 0, 64, 25, 5, '超級好吃的啦，送貨包裝非常完整，吃一口就想回購', '2022-11-23', NULL, NULL),
(487, 0, 100, 25, 5, '甜到糖尿病，冷藏配送超新鮮，很滿足', '2022-11-03', NULL, NULL),
(488, 0, 21, 25, 5, '非常大顆非常漂亮非常好吃，價格很便宜，果然沒讓我失望', '2022-05-03', NULL, NULL),
(489, 0, 22, 25, 4, '真的好大顆，冰過後再吃脆硬甜，包裝完整且仔細，好吃會一直回購', '2022-05-27', NULL, NULL),
(490, 0, 49, 25, 4, '普普通通，價格很便宜，值得長期購買', '2023-02-24', NULL, NULL),
(491, 0, 94, 25, 4, '外表有些磕碰傷，但無損口感，包裝完整仔細，果然沒讓我失望', '2022-02-23', NULL, NULL),
(492, 0, 21, 25, 4, '品質還不錯，出貨迅速，包裝完善，值得等待！', '2022-01-07', NULL, NULL),
(493, 0, 36, 25, 4, '超級好吃的啦，出貨迅速，包裝完善，值得等待！', '2023-02-01', NULL, NULL),
(494, 0, 38, 25, 4, '甜度不錯，包裝完整服務也很好，果然沒讓我失望', '2022-12-14', NULL, NULL),
(495, 0, 18, 25, 5, '水果也都很新鮮，價格很便宜，好吃會一直回購', '2022-01-31', NULL, NULL),
(496, 0, 58, 25, 5, '買點好東西寄回老家孝敬父母，包裝完整服務也很好，有機會還是會再繼續回購的', '2023-01-05', NULL, NULL),
(497, 0, 98, 25, 5, '品質還不錯，包裝完整服務也很好，價位可以接受', '2022-03-27', NULL, NULL),
(498, 0, 7, 25, 4, '外表有些磕碰傷，但無損口感，送貨很快速，非常值得推薦', '2022-04-12', NULL, NULL),
(499, 0, 66, 25, 5, '普普通通，沒有任何受損，不錯不錯，推推推！', '2023-01-05', NULL, NULL),
(500, 0, 19, 25, 5, '香氣很足，宅配到家的服務方便，值得等待！', '2022-11-13', NULL, NULL),
(501, 0, 18, 26, 4, '很甜很好吃，沒有任何受損，不錯不錯，推推推！', '2022-05-13', NULL, NULL),
(502, 0, 61, 26, 5, '夠新鮮，好吃，宅配到家的服務方便，值得購買', '2023-01-23', NULL, NULL),
(503, 0, 82, 26, 5, '沒有太嚴重的果損，包裝完整且仔細，有機會還是會再繼續回購的', '2022-07-18', NULL, NULL),
(504, 0, 78, 26, 5, '吃起來有點澀，甜度稍低，包裝完整且仔細，有需要會再回購', '2022-08-21', NULL, NULL),
(505, 0, 41, 26, 5, '外表色澤飽滿，令人垂涎欲滴，口水直流，沒有任何受損，不錯不錯，期待開吃', '2022-08-01', NULL, NULL),
(506, 0, 32, 26, 4, '甜度不錯，價格很便宜，還行吧', '2022-03-31', NULL, NULL),
(507, 0, 80, 26, 5, '飽滿濃郁，出貨非快速，值得購買', '2022-03-29', NULL, NULL),
(508, 0, 75, 26, 4, '外表有些磕碰傷，但無損口感，冷藏配送超新鮮，價位可以接受', '2022-04-11', NULL, NULL),
(509, 0, 66, 26, 5, '甜到糖尿病，出貨速度快，物超所值，會再來買', '2022-05-16', NULL, NULL),
(510, 0, 36, 26, 5, '價格優惠，包裝保護很完整，很滿足', '2022-08-14', NULL, NULL),
(511, 0, 17, 26, 5, '略酸，但口感不錯，包裝完整，品項齊全，絕對值得再次回購', '2022-04-16', NULL, NULL),
(512, 0, 42, 26, 5, '味濃郁清甜好好吃，包裝完整服務也很好，還行吧', '2022-04-29', NULL, NULL),
(513, 0, 47, 26, 4, '沒有很甜但也還行，包裝完整服務也很好，果然沒讓我失望', '2022-08-26', NULL, NULL),
(514, 0, 87, 26, 4, '普普通通，宅配到家的服務方便，有需要會再回購', '2022-01-25', NULL, NULL),
(515, 0, 76, 26, 4, '外表色澤飽滿，令人垂涎欲滴，口水直流，沒有任何受損，不錯不錯，吃一口就想回購', '2023-01-30', NULL, NULL),
(516, 0, 26, 26, 5, '味濃郁清甜好好吃，包裝保護很完整，期待開吃', '2023-01-30', NULL, NULL),
(517, 0, 62, 26, 5, '甜到糖尿病，出貨非快速，價位可以接受', '2022-09-10', NULL, NULL),
(518, 0, 68, 26, 5, '沒有很甜但也還行，包裝完整，品項齊全，會再來買', '2023-01-24', NULL, NULL),
(519, 0, 80, 26, 4, '略酸，但口感不錯，出貨速度快，物超所值，絕對值得再次回購', '2022-10-04', NULL, NULL),
(520, 0, 75, 26, 4, '略酸，但口感不錯，出貨速度快，物超所值，推推推！', '2022-10-10', NULL, NULL),
(521, 0, 30, 27, 4, '品質還不錯，包裝完整且仔細，還行吧', '2022-02-22', NULL, NULL),
(522, 0, 58, 27, 5, '夠新鮮，好吃，送貨很快速，好吃會一直回購', '2022-06-26', NULL, NULL),
(523, 0, 82, 27, 4, '商品品質超優，宅配到家的服務方便，有機會還是會再繼續回購的', '2023-01-05', NULL, NULL),
(524, 0, 40, 27, 4, 'CP值很高，包裝完整且仔細，價位可以接受', '2022-07-24', NULL, NULL),
(525, 0, 96, 27, 4, '味道酸酸甜甜剛剛好，出貨速度快，物超所值，推推推！', '2022-05-17', NULL, NULL),
(526, 0, 1, 27, 5, '商品品質超優，包裝完整，品項齊全，很滿足', '2022-01-03', NULL, NULL),
(527, 0, 88, 27, 4, '真的好大顆，冰過後再吃脆硬甜，包裝保護很完整，會再來買', '2023-02-05', NULL, NULL),
(528, 0, 1, 27, 5, '商品品質超優，出貨速度快，物超所值，值得等待！', '2022-12-12', NULL, NULL),
(529, 0, 16, 27, 5, '甜度不錯，送貨包裝非常完整，很滿足', '2022-04-19', NULL, NULL),
(530, 0, 50, 27, 5, '商品品質超優，出貨迅速，包裝完善，值得長期購買', '2022-11-25', NULL, NULL),
(531, 0, 54, 27, 4, '吃起來有點澀，甜度稍低，出貨非快速，值得等待！', '2022-02-09', NULL, NULL),
(532, 0, 83, 27, 4, '吃起來有點澀，甜度稍低，出貨速度快，物超所值，值得購買', '2022-05-09', NULL, NULL),
(533, 0, 26, 27, 5, '外表很漂亮但口感還好，宅配到家的服務方便，價位可以接受', '2022-07-29', NULL, NULL),
(534, 0, 72, 27, 4, '味道酸酸甜甜剛剛好，沒有任何受損，不錯不錯，有需要會再回購', '2023-01-20', NULL, NULL),
(535, 0, 36, 27, 5, '商品品質超優，出貨非快速，絕對值得再次回購', '2022-09-17', NULL, NULL),
(536, 0, 9, 27, 5, '水果也都很新鮮，冷藏配送超新鮮，值得長期購買', '2022-04-25', NULL, NULL),
(537, 0, 72, 27, 5, 'CP值很高，包裝呵護食品包裝良好，果然沒讓我失望', '2022-09-30', NULL, NULL),
(538, 0, 96, 27, 4, '夠新鮮，好吃，送貨包裝非常完整，值得購買', '2022-12-19', NULL, NULL),
(539, 0, 52, 27, 5, '真的好大顆，冰過後再吃脆硬甜，出貨非快速，會再來買', '2022-05-01', NULL, NULL),
(540, 0, 28, 27, 4, '沒有太嚴重的果損，冷藏配送超新鮮，很滿足', '2022-01-26', NULL, NULL),
(541, 0, 81, 28, 5, '水果香甜可口，包裝完整且仔細，會再來買', '2022-03-11', NULL, NULL),
(542, 0, 90, 28, 4, '雖然有一顆爛的，其他品質都不錯，包裝完整，品項齊全，期待開吃', '2022-01-15', NULL, NULL),
(543, 0, 21, 28, 4, '水果CP值及服務品質一級棒，包裝完整且仔細，期待開吃', '2022-03-27', NULL, NULL),
(544, 0, 79, 28, 5, '普普通通，包裝呵護食品包裝良好，值得購買', '2022-04-15', NULL, NULL),
(545, 0, 35, 28, 5, '略酸，但口感不錯，出貨迅速，包裝完善，果然沒讓我失望', '2022-08-29', NULL, NULL),
(546, 0, 19, 28, 5, '價格優惠，出貨速度快，物超所值，值得等待！', '2022-12-06', NULL, NULL),
(547, 0, 23, 28, 4, '味濃郁清甜好好吃，宅配到家的服務方便，會再來買', '2022-02-03', NULL, NULL),
(548, 0, 11, 28, 5, '一開箱香氣撲面而來，怎麼會這麼香，出貨速度快，物超所值，很滿足', '2022-02-14', NULL, NULL),
(549, 0, 79, 28, 5, '外表有些磕碰傷，但無損口感，送貨很快速，價位可以接受', '2022-07-04', NULL, NULL),
(550, 0, 93, 28, 4, '沒有太嚴重的果損，送貨包裝非常完整，已回購數次', '2022-05-30', NULL, NULL),
(551, 0, 38, 28, 4, '甜到糖尿病，包裝呵護食品包裝良好，果然沒讓我失望', '2023-01-29', NULL, NULL),
(552, 0, 50, 28, 4, '雖然有一顆爛的，其他品質都不錯，冷藏配送超新鮮，值得等待！', '2022-06-11', NULL, NULL),
(553, 0, 66, 28, 4, '水果CP值及服務品質一級棒，包裝完整仔細，會再來買', '2023-02-24', NULL, NULL),
(554, 0, 89, 28, 5, '水果CP值及服務品質一級棒，包裝呵護食品包裝良好，有需要會再回購', '2022-01-15', NULL, NULL),
(555, 0, 99, 28, 5, '品質還不錯，包裝完整且仔細，已回購數次', '2022-03-01', NULL, NULL),
(556, 0, 60, 28, 5, '外表很漂亮但口感還好，包裝保護很完整，期待開吃', '2022-04-25', NULL, NULL),
(557, 0, 81, 28, 4, '價格優惠，送貨很快速，果然沒讓我失望', '2022-07-25', NULL, NULL),
(558, 0, 36, 28, 5, '商品品質超優，包裝完整且仔細，推推推！', '2022-11-04', NULL, NULL),
(559, 0, 9, 28, 5, 'CP值很高，冷藏配送超新鮮，有需要會再回購', '2023-01-10', NULL, NULL),
(560, 0, 96, 28, 4, '香氣很足，包裝保護很完整，有需要會再回購', '2022-10-16', NULL, NULL),
(561, 0, 77, 29, 4, '外表色澤飽滿，令人垂涎欲滴，口水直流，包裝完整仔細，會再來買', '2022-03-26', NULL, NULL),
(562, 0, 96, 29, 5, '很甜很好吃，價格很便宜，還行吧', '2023-01-31', NULL, NULL),
(563, 0, 51, 29, 4, '皮較粗糙一點，送貨包裝非常完整，推推推！', '2022-10-08', NULL, NULL),
(564, 0, 16, 29, 4, '外表有些磕碰傷，但無損口感，包裝呵護食品包裝良好，推推推！', '2023-02-06', NULL, NULL),
(565, 0, 52, 29, 5, 'CP值很高，送貨很快速，值得購買', '2022-08-29', NULL, NULL),
(566, 0, 99, 29, 5, '香氣很足，包裝完整服務也很好，有需要會再回購', '2023-01-22', NULL, NULL),
(567, 0, 35, 29, 4, 'CP值很高，包裝完整且仔細，期待開吃', '2022-07-22', NULL, NULL),
(568, 0, 9, 29, 4, '飽滿濃郁，送貨很快速，期待開吃', '2022-08-29', NULL, NULL),
(569, 0, 64, 29, 4, '口感真的不錯，很好吃，包裝完整仔細，會再來買', '2022-10-16', NULL, NULL),
(570, 0, 69, 29, 4, '味濃郁清甜好好吃，送貨很快速，值得等待！', '2023-02-09', NULL, NULL),
(571, 0, 18, 29, 5, 'CP值很高，冷藏配送超新鮮，會再來買', '2022-08-04', NULL, NULL),
(572, 0, 85, 29, 4, '吃起來有點澀，甜度稍低，包裝完整仔細，非常值得推薦', '2022-01-09', NULL, NULL),
(573, 0, 51, 29, 5, '很甜很好吃，包裝完整仔細，已回購數次', '2023-01-20', NULL, NULL),
(574, 0, 89, 29, 5, '真是太滿意了，宅配到家的服務方便，果然沒讓我失望', '2022-12-09', NULL, NULL),
(575, 0, 2, 29, 5, '非常大顆非常漂亮非常好吃，宅配到家的服務方便，值得長期購買', '2022-06-04', NULL, NULL),
(576, 0, 48, 29, 5, '水果也都很新鮮，包裝完整且仔細，果然沒讓我失望', '2022-02-15', NULL, NULL),
(577, 0, 10, 29, 4, '口感真的不錯，很好吃，出貨迅速，包裝完善，有需要會再回購', '2022-08-03', NULL, NULL),
(578, 0, 83, 29, 4, '沒有很甜但也還行，送貨包裝非常完整，會再來買', '2022-10-06', NULL, NULL),
(579, 0, 60, 29, 5, '甜到糖尿病，價格很便宜，已回購數次', '2022-09-17', NULL, NULL),
(580, 0, 86, 29, 4, 'CP值很高，出貨迅速，包裝完善，吃一口就想回購', '2022-03-16', NULL, NULL),
(581, 0, 95, 30, 4, '水果CP值及服務品質一級棒，沒有任何受損，不錯不錯，吃一口就想回購', '2022-12-11', NULL, NULL),
(582, 0, 88, 30, 5, '沒有很甜但也還行，價格很便宜，推推推！', '2022-11-11', NULL, NULL),
(583, 0, 18, 30, 5, '商品品質超優，出貨迅速，包裝完善，推推推！', '2023-01-04', NULL, NULL),
(584, 0, 97, 30, 5, '沒有很甜但也還行，包裝完整且仔細，吃一口就想回購', '2022-08-15', NULL, NULL),
(585, 0, 89, 30, 4, '真的好大顆，冰過後再吃脆硬甜，出貨迅速，包裝完善，期待開吃', '2022-07-02', NULL, NULL),
(586, 0, 83, 30, 4, '非常大顆非常漂亮非常好吃，送貨包裝非常完整，會再來買', '2023-01-11', NULL, NULL),
(587, 0, 77, 30, 5, '外表有些磕碰傷，但無損口感，送貨很快速，價位可以接受', '2022-02-20', NULL, NULL),
(588, 0, 27, 30, 4, '口感真的不錯，很好吃，送貨很快速，絕對值得再次回購', '2022-08-06', NULL, NULL),
(589, 0, 6, 30, 5, '很甜很好吃，宅配到家的服務方便，值得長期購買', '2023-02-23', NULL, NULL),
(590, 0, 15, 30, 5, 'CP值很高，宅配到家的服務方便，會再來買', '2023-01-29', NULL, NULL),
(591, 0, 20, 30, 4, '很甜很好吃，沒有任何受損，不錯不錯，期待開吃', '2022-04-30', NULL, NULL),
(592, 0, 47, 30, 5, '皮較粗糙一點，價格很便宜，值得長期購買', '2022-11-25', NULL, NULL),
(593, 0, 55, 30, 5, '非常大顆非常漂亮非常好吃，包裝完整仔細，值得等待！', '2022-09-15', NULL, NULL),
(594, 0, 50, 30, 4, '品質還不錯，包裝完整仔細，非常值得推薦', '2022-04-16', NULL, NULL),
(595, 0, 77, 30, 5, '皮較粗糙一點，包裝完整仔細，已回購數次', '2022-01-18', NULL, NULL),
(596, 0, 69, 30, 4, '普普通通，包裝保護很完整，有機會還是會再繼續回購的', '2022-02-21', NULL, NULL),
(597, 0, 44, 30, 4, '買點好東西寄回老家孝敬父母，出貨非快速，期待開吃', '2022-03-24', NULL, NULL),
(598, 0, 47, 30, 4, '品質很好，沒有任何受損，不錯不錯，值得長期購買', '2023-02-10', NULL, NULL),
(599, 0, 48, 30, 4, '皮較粗糙一點，出貨非快速，值得長期購買', '2022-12-25', NULL, NULL),
(600, 0, 77, 30, 5, '沒有很甜但也還行，包裝完整且仔細，推推推！', '2022-11-15', NULL, NULL),
(601, 0, 95, 31, 4, '價格優惠，包裝呵護食品包裝良好，值得長期購買', '2022-02-12', NULL, NULL),
(602, 0, 59, 31, 2, '夠新鮮，好吃，包裝保護很完整，果然沒讓我失望', '2022-09-20', NULL, NULL),
(603, 0, 18, 31, 4, '皮較粗糙一點，出貨速度快，物超所值，非常值得推薦', '2022-10-01', NULL, NULL),
(604, 0, 33, 31, 5, '甜度不錯，包裝保護很完整，會再來買', '2022-01-17', NULL, NULL),
(605, 0, 41, 31, 4, '皮較粗糙一點，價格很便宜，期待開吃', '2023-02-24', NULL, NULL),
(606, 0, 35, 31, 3, '非常大顆非常漂亮非常好吃，包裝呵護食品包裝良好，值得等待！', '2022-01-12', NULL, NULL),
(607, 0, 40, 31, 2, '商品品質超優，出貨非快速，期待開吃', '2022-10-08', NULL, NULL),
(608, 0, 77, 31, 5, '品質很好，包裝保護很完整，還行吧', '2022-04-11', NULL, NULL),
(609, 0, 8, 31, 2, '吃起來有點澀，甜度稍低，宅配到家的服務方便，非常值得推薦', '2022-02-01', NULL, NULL),
(610, 0, 55, 31, 4, '商品品質超優，包裝完整服務也很好，價位可以接受', '2022-06-06', NULL, NULL),
(611, 0, 29, 31, 3, '超級好吃的啦，包裝完整服務也很好，吃一口就想回購', '2022-09-23', NULL, NULL),
(612, 0, 45, 31, 3, '甜度不錯，包裝呵護食品包裝良好，果然沒讓我失望', '2022-07-05', NULL, NULL),
(613, 0, 62, 31, 2, '品質還不錯，送貨很快速，推推推！', '2022-04-18', NULL, NULL),
(614, 0, 89, 31, 5, '甜度不錯，包裝呵護食品包裝良好，絕對值得再次回購', '2022-05-25', NULL, NULL),
(615, 0, 91, 31, 4, '商品品質超優，出貨非快速，很滿足', '2022-10-07', NULL, NULL),
(616, 0, 5, 31, 3, '沒有很甜但也還行，包裝完整仔細，絕對值得再次回購', '2022-08-11', NULL, NULL),
(617, 0, 84, 31, 3, '味濃郁清甜好好吃，送貨很快速，會再來買', '2022-09-22', NULL, NULL),
(618, 0, 48, 31, 5, '水果香甜可口，包裝完整且仔細，有需要會再回購', '2022-06-02', NULL, NULL),
(619, 0, 37, 31, 3, '買點好東西寄回老家孝敬父母，包裝完整仔細，很滿足', '2022-03-15', NULL, NULL),
(620, 0, 35, 31, 2, '非常大顆非常漂亮非常好吃，價格很便宜，非常值得推薦', '2022-05-30', NULL, NULL),
(621, 0, 87, 32, 4, '夠新鮮，好吃，冷藏配送超新鮮，推推推！', '2022-10-12', NULL, NULL),
(622, 0, 83, 32, 4, '口感真的不錯，很好吃，出貨非快速，絕對值得再次回購', '2022-03-17', NULL, NULL),
(623, 0, 89, 32, 5, '真的好大顆，冰過後再吃脆硬甜，包裝完整，品項齊全，吃一口就想回購', '2022-10-12', NULL, NULL),
(624, 0, 79, 32, 3, 'CP值很高，冷藏配送超新鮮，還行吧', '2023-01-16', NULL, NULL),
(625, 0, 95, 32, 3, '吃起來有點澀，甜度稍低，送貨很快速，值得購買', '2022-10-16', NULL, NULL),
(626, 0, 43, 32, 2, '沒有很甜但也還行，出貨非快速，好吃會一直回購', '2022-12-03', NULL, NULL),
(627, 0, 87, 32, 5, '甜到糖尿病，包裝完整，品項齊全，很滿足', '2022-04-06', NULL, NULL),
(628, 0, 21, 32, 4, '水果香甜可口，出貨速度快，物超所值，還行吧', '2022-03-24', NULL, NULL),
(629, 0, 58, 32, 5, '雖然有一顆爛的，其他品質都不錯，沒有任何受損，不錯不錯，很滿足', '2022-02-02', NULL, NULL),
(630, 0, 12, 32, 2, '口感真的不錯，很好吃，出貨迅速，包裝完善，價位可以接受', '2022-04-07', NULL, NULL),
(631, 0, 13, 32, 4, '雖然有一顆爛的，其他品質都不錯，價格很便宜，值得等待！', '2022-12-08', NULL, NULL),
(632, 0, 62, 32, 3, '品質很好，價格很便宜，推推推！', '2022-03-02', NULL, NULL),
(633, 0, 40, 32, 2, '水果也都很新鮮，出貨迅速，包裝完善，吃一口就想回購', '2022-09-09', NULL, NULL),
(634, 0, 60, 32, 3, '沒有很甜但也還行，出貨非快速，會再來買', '2022-03-25', NULL, NULL),
(635, 0, 74, 32, 2, '價格優惠，包裝呵護食品包裝良好，果然沒讓我失望', '2022-01-11', NULL, NULL),
(636, 0, 63, 32, 3, '夠新鮮，好吃，宅配到家的服務方便，值得長期購買', '2023-01-21', NULL, NULL),
(637, 0, 94, 32, 2, '沒有很甜但也還行，包裝完整仔細，期待開吃', '2022-01-18', NULL, NULL),
(638, 0, 11, 32, 3, '外表色澤飽滿，令人垂涎欲滴，口水直流，包裝保護很完整，值得等待！', '2022-07-23', NULL, NULL),
(639, 0, 9, 32, 5, '買點好東西寄回老家孝敬父母，出貨速度快，物超所值，已回購數次', '2022-11-04', NULL, NULL),
(640, 0, 80, 32, 4, '外表很漂亮但口感還好，包裝完整仔細，非常值得推薦', '2022-10-12', NULL, NULL),
(641, 0, 50, 33, 4, '略酸，但口感不錯，包裝完整服務也很好，吃一口就想回購', '2022-03-08', NULL, NULL),
(642, 0, 60, 33, 2, '很甜很好吃，包裝完整且仔細，好吃會一直回購', '2022-12-05', NULL, NULL),
(643, 0, 93, 33, 5, '味道酸酸甜甜剛剛好，包裝完整服務也很好，值得長期購買', '2022-07-31', NULL, NULL),
(644, 0, 46, 33, 3, '味道酸酸甜甜剛剛好，送貨很快速，已回購數次', '2022-01-03', NULL, NULL),
(645, 0, 5, 33, 4, '外表有些磕碰傷，但無損口感，宅配到家的服務方便，好吃會一直回購', '2022-12-07', NULL, NULL),
(646, 0, 33, 33, 3, '香氣很足，包裝完整服務也很好，值得長期購買', '2022-07-27', NULL, NULL),
(647, 0, 95, 33, 2, '外表色澤飽滿，令人垂涎欲滴，口水直流，出貨速度快，物超所值，推推推！', '2022-01-13', NULL, NULL),
(648, 0, 83, 33, 3, '夠新鮮，好吃，包裝保護很完整，還行吧', '2022-08-02', NULL, NULL),
(649, 0, 36, 33, 3, '外表有些磕碰傷，但無損口感，價格很便宜，好吃會一直回購', '2022-07-05', NULL, NULL),
(650, 0, 1, 33, 5, '商品品質超優，包裝完整仔細，有需要會再回購', '2022-09-23', NULL, NULL),
(651, 0, 16, 33, 4, '沒有很甜但也還行，包裝完整且仔細，絕對值得再次回購', '2022-07-01', NULL, NULL),
(652, 0, 84, 33, 4, '普普通通，冷藏配送超新鮮，值得長期購買', '2022-12-06', NULL, NULL),
(653, 0, 88, 33, 4, '非常大顆非常漂亮非常好吃，出貨速度快，物超所值，值得購買', '2022-02-09', NULL, NULL),
(654, 0, 32, 33, 3, '真是太滿意了，送貨很快速，很滿足', '2022-05-28', NULL, NULL),
(655, 0, 32, 33, 5, '真的好大顆，冰過後再吃脆硬甜，出貨速度快，物超所值，吃一口就想回購', '2022-08-19', NULL, NULL),
(656, 0, 37, 33, 5, '夠新鮮，好吃，包裝呵護食品包裝良好，期待開吃', '2022-02-05', NULL, NULL),
(657, 0, 35, 33, 5, '水果也都很新鮮，宅配到家的服務方便，推推推！', '2022-01-23', NULL, NULL),
(658, 0, 53, 33, 3, '商品品質超優，出貨速度快，物超所值，會再來買', '2022-10-01', NULL, NULL),
(659, 0, 82, 33, 3, '香氣很足，出貨非快速，值得等待！', '2022-10-17', NULL, NULL),
(660, 0, 70, 33, 3, '皮較粗糙一點，包裝完整仔細，已回購數次', '2022-02-12', NULL, NULL),
(661, 0, 44, 34, 3, '買點好東西寄回老家孝敬父母，出貨速度快，物超所值，還行吧', '2022-02-15', NULL, NULL),
(662, 0, 62, 34, 4, '沒有很甜但也還行，包裝呵護食品包裝良好，好吃會一直回購', '2022-08-05', NULL, NULL),
(663, 0, 17, 34, 3, '真是太滿意了，價格很便宜，期待開吃', '2023-01-22', NULL, NULL),
(664, 0, 86, 34, 3, '外表很漂亮但口感還好，送貨包裝非常完整，推推推！', '2023-01-16', NULL, NULL),
(665, 0, 64, 34, 2, '水果CP值及服務品質一級棒，沒有任何受損，不錯不錯，值得購買', '2022-12-07', NULL, NULL),
(666, 0, 84, 34, 4, '非常大顆非常漂亮非常好吃，出貨非快速，非常值得推薦', '2022-07-10', NULL, NULL),
(667, 0, 34, 34, 3, '口感真的不錯，很好吃，包裝完整且仔細，好吃會一直回購', '2022-10-13', NULL, NULL),
(668, 0, 43, 34, 2, '水果香甜可口，送貨很快速，值得購買', '2022-01-15', NULL, NULL),
(669, 0, 94, 34, 2, '水果也都很新鮮，宅配到家的服務方便，值得長期購買', '2022-07-21', NULL, NULL),
(670, 0, 80, 34, 3, '普普通通，價格很便宜，已回購數次', '2022-09-10', NULL, NULL),
(671, 0, 80, 34, 4, '雖然有一顆爛的，其他品質都不錯，送貨很快速，很滿足', '2022-04-10', NULL, NULL),
(672, 0, 50, 34, 4, '非常大顆非常漂亮非常好吃，包裝呵護食品包裝良好，很滿足', '2023-01-18', NULL, NULL),
(673, 0, 9, 34, 5, '超級好吃的啦，包裝完整服務也很好，有機會還是會再繼續回購的', '2023-01-21', NULL, NULL),
(674, 0, 36, 34, 5, 'CP值很高，出貨迅速，包裝完善，有機會還是會再繼續回購的', '2022-06-03', NULL, NULL),
(675, 0, 56, 34, 4, '甜度不錯，包裝保護很完整，還行吧', '2022-03-03', NULL, NULL),
(676, 0, 91, 34, 4, '甜度不錯，冷藏配送超新鮮，值得長期購買', '2022-06-13', NULL, NULL),
(677, 0, 98, 34, 2, '普普通通，價格很便宜，期待開吃', '2023-01-19', NULL, NULL),
(678, 0, 76, 34, 5, '水果香甜可口，出貨速度快，物超所值，還行吧', '2022-02-26', NULL, NULL),
(679, 0, 25, 34, 3, '香氣很足，出貨速度快，物超所值，價位可以接受', '2022-11-13', NULL, NULL),
(680, 0, 87, 34, 5, '沒有很甜但也還行，包裝呵護食品包裝良好，非常值得推薦', '2022-07-18', NULL, NULL),
(681, 0, 74, 35, 2, '商品品質超優，沒有任何受損，不錯不錯，好吃會一直回購', '2022-07-19', NULL, NULL),
(682, 0, 32, 35, 4, '甜到糖尿病，包裝呵護食品包裝良好，吃一口就想回購', '2022-05-25', NULL, NULL),
(683, 0, 12, 35, 2, '味道酸酸甜甜剛剛好，冷藏配送超新鮮，期待開吃', '2023-01-17', NULL, NULL),
(684, 0, 9, 35, 3, '外表有些磕碰傷，但無損口感，出貨速度快，物超所值，會再來買', '2022-07-03', NULL, NULL),
(685, 0, 51, 35, 4, '普普通通，包裝完整服務也很好，吃一口就想回購', '2023-01-06', NULL, NULL),
(686, 0, 28, 35, 2, '沒有很甜但也還行，冷藏配送超新鮮，非常值得推薦', '2022-04-18', NULL, NULL),
(687, 0, 71, 35, 5, '香氣很足，出貨非快速，果然沒讓我失望', '2022-06-17', NULL, NULL),
(688, 0, 58, 35, 5, '雖然有一顆爛的，其他品質都不錯，冷藏配送超新鮮，值得購買', '2022-08-25', NULL, NULL),
(689, 0, 78, 35, 5, '口感真的不錯，很好吃，送貨包裝非常完整，推推推！', '2022-12-17', NULL, NULL),
(690, 0, 90, 35, 5, '略酸，但口感不錯，冷藏配送超新鮮，會再來買', '2022-03-14', NULL, NULL);
INSERT INTO `comment_product` (`sid`, `order_product_details_sid`, `member_sid`, `product_sid`, `comment_value`, `comment_content`, `comment_publish_date`, `comment_re`, `comment_update_date`) VALUES
(691, 0, 46, 35, 3, '飽滿濃郁，送貨很快速，值得購買', '2022-08-19', NULL, NULL),
(692, 0, 22, 35, 3, '外表有些磕碰傷，但無損口感，沒有任何受損，不錯不錯，有需要會再回購', '2022-05-31', NULL, NULL),
(693, 0, 89, 35, 3, '沒有太嚴重的果損，價格很便宜，非常值得推薦', '2022-11-23', NULL, NULL),
(694, 0, 24, 35, 2, '甜到糖尿病，包裝保護很完整，期待開吃', '2022-11-26', NULL, NULL),
(695, 0, 80, 35, 4, '沒有很甜但也還行，包裝保護很完整，果然沒讓我失望', '2022-05-30', NULL, NULL),
(696, 0, 41, 35, 4, '沒有很甜但也還行，宅配到家的服務方便，非常值得推薦', '2023-02-14', NULL, NULL),
(697, 0, 86, 35, 5, '飽滿濃郁，宅配到家的服務方便，非常值得推薦', '2023-02-05', NULL, NULL),
(698, 0, 41, 35, 4, '沒有很甜但也還行，送貨很快速，值得購買', '2022-12-13', NULL, NULL),
(699, 0, 93, 35, 2, '甜到糖尿病，包裝完整，品項齊全，會再來買', '2022-10-09', NULL, NULL),
(700, 0, 95, 35, 3, '飽滿濃郁，包裝完整服務也很好，絕對值得再次回購', '2022-01-13', NULL, NULL),
(701, 0, 43, 36, 4, '品質很好，沒有任何受損，不錯不錯，有需要會再回購', '2023-01-14', NULL, NULL),
(702, 0, 17, 36, 3, '一開箱香氣撲面而來，怎麼會這麼香，出貨迅速，包裝完善，吃一口就想回購', '2022-10-18', NULL, NULL),
(703, 0, 79, 36, 3, '普普通通，包裝完整仔細，吃一口就想回購', '2023-01-15', NULL, NULL),
(704, 0, 88, 36, 3, '買點好東西寄回老家孝敬父母，出貨非快速，好吃會一直回購', '2022-05-25', NULL, NULL),
(705, 0, 64, 36, 3, '沒有很甜但也還行，送貨包裝非常完整，絕對值得再次回購', '2022-12-20', NULL, NULL),
(706, 0, 71, 36, 4, '味濃郁清甜好好吃，價格很便宜，值得長期購買', '2022-05-15', NULL, NULL),
(707, 0, 21, 36, 2, '外表色澤飽滿，令人垂涎欲滴，口水直流，價格很便宜，值得長期購買', '2022-12-25', NULL, NULL),
(708, 0, 45, 36, 3, '皮較粗糙一點，宅配到家的服務方便，會再來買', '2022-04-12', NULL, NULL),
(709, 0, 68, 36, 5, '吃起來有點澀，甜度稍低，包裝保護很完整，好吃會一直回購', '2022-03-08', NULL, NULL),
(710, 0, 94, 36, 4, '真是太滿意了，沒有任何受損，不錯不錯，期待開吃', '2022-11-30', NULL, NULL),
(711, 0, 11, 36, 2, '略酸，但口感不錯，包裝完整，品項齊全，好吃會一直回購', '2022-05-07', NULL, NULL),
(712, 0, 45, 36, 4, '價格優惠，包裝完整且仔細，有需要會再回購', '2022-01-13', NULL, NULL),
(713, 0, 92, 36, 3, '普普通通，包裝保護很完整，很滿足', '2022-05-15', NULL, NULL),
(714, 0, 97, 36, 3, '雖然有一顆爛的，其他品質都不錯，送貨包裝非常完整，還行吧', '2022-04-09', NULL, NULL),
(715, 0, 52, 36, 3, '飽滿濃郁，包裝完整服務也很好，吃一口就想回購', '2022-01-07', NULL, NULL),
(716, 0, 78, 36, 4, '超級好吃的啦，沒有任何受損，不錯不錯，值得購買', '2022-06-04', NULL, NULL),
(717, 0, 90, 36, 3, '真是太滿意了，出貨迅速，包裝完善，絕對值得再次回購', '2022-05-06', NULL, NULL),
(718, 0, 62, 36, 2, '皮較粗糙一點，送貨包裝非常完整，絕對值得再次回購', '2022-01-18', NULL, NULL),
(719, 0, 5, 36, 4, '外表有些磕碰傷，但無損口感，價格很便宜，很滿足', '2022-08-01', NULL, NULL),
(720, 0, 8, 36, 5, '品質很好，出貨非快速，有機會還是會再繼續回購的', '2022-06-12', NULL, NULL),
(721, 0, 54, 37, 3, '皮較粗糙一點，出貨迅速，包裝完善，有需要會再回購', '2022-03-31', NULL, NULL),
(722, 0, 3, 37, 3, '沒有很甜但也還行，包裝完整仔細，非常值得推薦', '2022-01-18', NULL, NULL),
(723, 0, 34, 37, 3, '商品品質超優，冷藏配送超新鮮，還行吧', '2022-10-06', NULL, NULL),
(724, 0, 26, 37, 3, '略酸，但口感不錯，包裝保護很完整，非常值得推薦', '2023-02-14', NULL, NULL),
(725, 0, 69, 37, 2, '一開箱香氣撲面而來，怎麼會這麼香，包裝保護很完整，值得購買', '2022-02-15', NULL, NULL),
(726, 0, 37, 37, 5, '非常大顆非常漂亮非常好吃，送貨很快速，果然沒讓我失望', '2022-07-05', NULL, NULL),
(727, 0, 88, 37, 3, '商品品質超優，出貨迅速，包裝完善，很滿足', '2022-04-15', NULL, NULL),
(728, 0, 30, 37, 5, '略酸，但口感不錯，宅配到家的服務方便，值得購買', '2022-05-30', NULL, NULL),
(729, 0, 40, 37, 4, '外表很漂亮但口感還好，送貨包裝非常完整，會再來買', '2022-12-10', NULL, NULL),
(730, 0, 5, 37, 3, '水果也都很新鮮，包裝保護很完整，有機會還是會再繼續回購的', '2022-06-20', NULL, NULL),
(731, 0, 6, 37, 2, '商品品質超優，包裝完整仔細，有機會還是會再繼續回購的', '2022-09-02', NULL, NULL),
(732, 0, 85, 37, 2, '非常大顆非常漂亮非常好吃，送貨包裝非常完整，已回購數次', '2022-08-22', NULL, NULL),
(733, 0, 2, 37, 5, '水果CP值及服務品質一級棒，包裝完整且仔細，吃一口就想回購', '2022-06-29', NULL, NULL),
(734, 0, 88, 37, 3, '品質很好，出貨非快速，果然沒讓我失望', '2022-10-29', NULL, NULL),
(735, 0, 99, 37, 2, '超級好吃的啦，包裝完整服務也很好，吃一口就想回購', '2022-11-29', NULL, NULL),
(736, 0, 57, 37, 4, '味濃郁清甜好好吃，包裝完整且仔細，果然沒讓我失望', '2022-11-01', NULL, NULL),
(737, 0, 53, 37, 5, 'CP值很高，出貨速度快，物超所值，值得等待！', '2022-11-01', NULL, NULL),
(738, 0, 1, 37, 2, '一開箱香氣撲面而來，怎麼會這麼香，宅配到家的服務方便，有機會還是會再繼續回購的', '2022-07-05', NULL, NULL),
(739, 0, 47, 37, 4, '吃起來有點澀，甜度稍低，出貨迅速，包裝完善，推推推！', '2023-01-03', NULL, NULL),
(740, 0, 58, 37, 4, 'CP值很高，包裝完整且仔細，值得長期購買', '2022-04-06', NULL, NULL),
(741, 0, 87, 38, 3, '甜度不錯，出貨非快速，已回購數次', '2022-12-14', NULL, NULL),
(742, 0, 1, 38, 2, '雖然有一顆爛的，其他品質都不錯，送貨包裝非常完整，有機會還是會再繼續回購的', '2022-11-14', NULL, NULL),
(743, 0, 29, 38, 4, '超級好吃的啦，包裝完整且仔細，有機會還是會再繼續回購的', '2022-10-22', NULL, NULL),
(744, 0, 52, 38, 3, '水果香甜可口，出貨非快速，有機會還是會再繼續回購的', '2022-01-14', NULL, NULL),
(745, 0, 21, 38, 2, '超級好吃的啦，出貨迅速，包裝完善，絕對值得再次回購', '2022-06-16', NULL, NULL),
(746, 0, 45, 38, 4, '夠新鮮，好吃，送貨包裝非常完整，有機會還是會再繼續回購的', '2022-12-27', NULL, NULL),
(747, 0, 64, 38, 4, '皮較粗糙一點，包裝完整服務也很好，價位可以接受', '2023-02-05', NULL, NULL),
(748, 0, 15, 38, 4, '甜度不錯，送貨很快速，很滿足', '2022-12-06', NULL, NULL),
(749, 0, 4, 38, 5, '雖然有一顆爛的，其他品質都不錯，包裝完整且仔細，值得等待！', '2022-09-18', NULL, NULL),
(750, 0, 20, 38, 3, '很甜很好吃，包裝完整，品項齊全，還行吧', '2022-10-08', NULL, NULL),
(751, 0, 47, 38, 5, '雖然有一顆爛的，其他品質都不錯，包裝完整且仔細，推推推！', '2022-08-09', NULL, NULL),
(752, 0, 72, 38, 2, '真的好大顆，冰過後再吃脆硬甜，送貨很快速，很滿足', '2022-05-25', NULL, NULL),
(753, 0, 25, 38, 5, '外表有些磕碰傷，但無損口感，出貨迅速，包裝完善，值得購買', '2022-09-23', NULL, NULL),
(754, 0, 31, 38, 4, '水果CP值及服務品質一級棒，出貨迅速，包裝完善，很滿足', '2022-08-19', NULL, NULL),
(755, 0, 87, 38, 5, '品質很好，冷藏配送超新鮮，還行吧', '2022-03-04', NULL, NULL),
(756, 0, 88, 38, 2, '真是太滿意了，出貨迅速，包裝完善，值得等待！', '2022-06-19', NULL, NULL),
(757, 0, 4, 38, 3, '味濃郁清甜好好吃，包裝呵護食品包裝良好，推推推！', '2023-02-26', NULL, NULL),
(758, 0, 82, 38, 2, '一開箱香氣撲面而來，怎麼會這麼香，出貨迅速，包裝完善，值得等待！', '2022-05-12', NULL, NULL),
(759, 0, 29, 38, 5, '商品品質超優，包裝完整仔細，絕對值得再次回購', '2022-05-07', NULL, NULL),
(760, 0, 100, 38, 4, '雖然有一顆爛的，其他品質都不錯，包裝完整且仔細，已回購數次', '2022-12-28', NULL, NULL),
(761, 0, 53, 39, 5, '口感真的不錯，很好吃，送貨包裝非常完整，已回購數次', '2022-03-30', NULL, NULL),
(762, 0, 66, 39, 3, '略酸，但口感不錯，包裝完整且仔細，還行吧', '2023-01-18', NULL, NULL),
(763, 0, 57, 39, 3, '口感真的不錯，很好吃，出貨非快速，好吃會一直回購', '2022-07-26', NULL, NULL),
(764, 0, 1, 39, 5, '水果也都很新鮮，出貨迅速，包裝完善，會再來買', '2022-08-17', NULL, NULL),
(765, 0, 85, 39, 4, '一開箱香氣撲面而來，怎麼會這麼香，出貨速度快，物超所值，期待開吃', '2022-11-04', NULL, NULL),
(766, 0, 99, 39, 4, '雖然有一顆爛的，其他品質都不錯，冷藏配送超新鮮，推推推！', '2023-01-18', NULL, NULL),
(767, 0, 88, 39, 2, '沒有太嚴重的果損，包裝保護很完整，值得長期購買', '2022-04-03', NULL, NULL),
(768, 0, 100, 39, 4, '沒有太嚴重的果損，冷藏配送超新鮮，絕對值得再次回購', '2022-09-23', NULL, NULL),
(769, 0, 47, 39, 5, '水果CP值及服務品質一級棒，包裝保護很完整，吃一口就想回購', '2022-03-08', NULL, NULL),
(770, 0, 41, 39, 5, '商品品質超優，出貨迅速，包裝完善，有需要會再回購', '2022-03-29', NULL, NULL),
(771, 0, 3, 39, 4, '味濃郁清甜好好吃，包裝完整服務也很好，好吃會一直回購', '2022-03-14', NULL, NULL),
(772, 0, 2, 39, 3, '沒有太嚴重的果損，出貨速度快，物超所值，會再來買', '2022-06-12', NULL, NULL),
(773, 0, 41, 39, 5, '水果CP值及服務品質一級棒，包裝完整服務也很好，果然沒讓我失望', '2022-03-20', NULL, NULL),
(774, 0, 94, 39, 2, '沒有太嚴重的果損，出貨迅速，包裝完善，已回購數次', '2022-02-28', NULL, NULL),
(775, 0, 13, 39, 4, '品質很好，沒有任何受損，不錯不錯，有需要會再回購', '2022-09-01', NULL, NULL),
(776, 0, 73, 39, 4, '外表色澤飽滿，令人垂涎欲滴，口水直流，出貨迅速，包裝完善，會再來買', '2022-10-10', NULL, NULL),
(777, 0, 52, 39, 4, '真的好大顆，冰過後再吃脆硬甜，宅配到家的服務方便，值得長期購買', '2022-09-05', NULL, NULL),
(778, 0, 94, 39, 5, '外表有些磕碰傷，但無損口感，出貨非快速，好吃會一直回購', '2022-12-20', NULL, NULL),
(779, 0, 54, 39, 5, '普普通通，出貨迅速，包裝完善，還行吧', '2022-11-03', NULL, NULL),
(780, 0, 77, 39, 3, '味道酸酸甜甜剛剛好，出貨速度快，物超所值，還行吧', '2022-02-09', NULL, NULL),
(781, 0, 21, 40, 5, '口感真的不錯，很好吃，包裝完整且仔細，還行吧', '2022-01-04', NULL, NULL),
(782, 0, 40, 40, 3, '口感真的不錯，很好吃，宅配到家的服務方便，價位可以接受', '2022-04-17', NULL, NULL),
(783, 0, 28, 40, 4, '價格優惠，送貨很快速，有機會還是會再繼續回購的', '2022-01-21', NULL, NULL),
(784, 0, 100, 40, 5, '甜度不錯，出貨非快速，果然沒讓我失望', '2022-02-21', NULL, NULL),
(785, 0, 8, 40, 3, '甜到糖尿病，包裝完整服務也很好，好吃會一直回購', '2023-01-21', NULL, NULL),
(786, 0, 96, 40, 5, '外表很漂亮但口感還好，送貨很快速，有需要會再回購', '2022-03-29', NULL, NULL),
(787, 0, 35, 40, 5, 'CP值很高，包裝呵護食品包裝良好，非常值得推薦', '2022-04-10', NULL, NULL),
(788, 0, 40, 40, 5, '味濃郁清甜好好吃，包裝保護很完整，值得等待！', '2022-04-27', NULL, NULL),
(789, 0, 24, 40, 2, '一開箱香氣撲面而來，怎麼會這麼香，沒有任何受損，不錯不錯，期待開吃', '2022-07-19', NULL, NULL),
(790, 0, 37, 40, 4, '飽滿濃郁，沒有任何受損，不錯不錯，會再來買', '2022-09-14', NULL, NULL),
(791, 0, 34, 40, 4, '品質還不錯，出貨非快速，還行吧', '2022-09-01', NULL, NULL),
(792, 0, 33, 40, 3, '甜度不錯，宅配到家的服務方便，絕對值得再次回購', '2022-01-17', NULL, NULL),
(793, 0, 65, 40, 5, '普普通通，包裝完整，品項齊全，價位可以接受', '2022-05-28', NULL, NULL),
(794, 0, 36, 40, 2, '香氣很足，價格很便宜，有機會還是會再繼續回購的', '2022-10-08', NULL, NULL),
(795, 0, 68, 40, 5, '甜到糖尿病，價格很便宜，絕對值得再次回購', '2022-07-08', NULL, NULL),
(796, 0, 68, 40, 2, '甜度不錯，包裝完整仔細，已回購數次', '2022-01-28', NULL, NULL),
(797, 0, 26, 40, 4, '沒有很甜但也還行，價格很便宜，價位可以接受', '2022-11-20', NULL, NULL),
(798, 0, 64, 40, 2, '買點好東西寄回老家孝敬父母，包裝保護很完整，值得購買', '2022-01-12', NULL, NULL),
(799, 0, 93, 40, 5, '略酸，但口感不錯，包裝完整服務也很好，有機會還是會再繼續回購的', '2022-05-20', NULL, NULL),
(800, 0, 74, 40, 5, 'CP值很高，包裝完整仔細，還行吧', '2022-05-17', NULL, NULL),
(801, 0, 90, 41, 4, '方便又好吃，宅配到家的服務方便，會再來買', '2023-01-23', NULL, NULL),
(802, 0, 78, 41, 3, '買點好東西寄回老家孝敬父母，價格很便宜，果然沒讓我失望', '2022-04-22', NULL, NULL),
(803, 0, 86, 41, 4, '甜到糖尿病，出貨速度快，物超所值，很滿足', '2022-10-09', NULL, NULL),
(804, 0, 41, 41, 4, '口感真的不錯，很好吃，出貨非快速，非常值得推薦', '2022-11-27', NULL, NULL),
(805, 0, 41, 41, 3, '普普通通，送貨很快速，推推推！', '2023-01-27', NULL, NULL),
(806, 0, 13, 41, 3, '略酸，但口感不錯，送貨很快速，推推推！', '2022-10-14', NULL, NULL),
(807, 0, 42, 41, 4, '烤麵包已經不能沒有他，沒有任何受損，不錯不錯，果然沒讓我失望', '2022-06-01', NULL, NULL),
(808, 0, 96, 41, 3, '甜到糖尿病，包裝完整仔細，值得等待！', '2022-11-22', NULL, NULL),
(809, 0, 28, 41, 5, '品質很優服務很讚，包裝完整服務也很好，有機會還是會再繼續回購的', '2022-09-30', NULL, NULL),
(810, 0, 30, 41, 4, '配飯吃超讚，包裝完整服務也很好，吃一口就想回購', '2022-07-22', NULL, NULL),
(811, 0, 29, 41, 3, '真是太滿意了，冷藏配送超新鮮，果然沒讓我失望', '2023-02-16', NULL, NULL),
(812, 0, 91, 41, 4, '很適合當下酒菜，出貨速度快，物超所值，有機會還是會再繼續回購的', '2022-04-13', NULL, NULL),
(813, 0, 100, 41, 5, '還吃得到水果原味超讚的，包裝完整服務也很好，果然沒讓我失望', '2022-02-27', NULL, NULL),
(814, 0, 13, 41, 3, '買點好東西寄回老家孝敬父母，包裝完整仔細，有需要會再回購', '2022-05-25', NULL, NULL),
(815, 0, 22, 41, 4, '超級順口好喝，包裝完整服務也很好，還行吧', '2022-03-25', NULL, NULL),
(816, 0, 29, 41, 4, '超讚的零嘴，送貨很快速，期待開吃', '2022-11-26', NULL, NULL),
(817, 0, 38, 41, 5, '超級好吃的啦，出貨非快速，已回購數次', '2023-01-31', NULL, NULL),
(818, 0, 51, 41, 3, '爸爸很喜歡，包裝完整，品項齊全，已回購數次', '2022-11-18', NULL, NULL),
(819, 0, 28, 41, 4, '烤麵包已經不能沒有他，包裝完整服務也很好，期待開吃', '2023-01-10', NULL, NULL),
(820, 0, 3, 41, 4, '烤麵包已經不能沒有他，宅配到家的服務方便，絕對值得再次回購', '2022-09-14', NULL, NULL),
(821, 0, 91, 42, 3, '烤麵包已經不能沒有他，冷藏配送超新鮮，果然沒讓我失望', '2022-02-18', NULL, NULL),
(822, 0, 63, 42, 4, 'CP值及服務品質一級棒，出貨迅速，包裝完善，值得購買', '2022-05-25', NULL, NULL),
(823, 0, 52, 42, 4, 'CP值及服務品質一級棒，冷藏配送超新鮮，好吃會一直回購', '2022-06-25', NULL, NULL),
(824, 0, 36, 42, 3, '方便又好吃，出貨非快速，已回購數次', '2022-09-23', NULL, NULL),
(825, 0, 87, 42, 5, '爸爸很喜歡，送貨包裝非常完整，吃一口就想回購', '2022-03-06', NULL, NULL),
(826, 0, 15, 42, 4, '買點好東西寄回老家孝敬父母，包裝完整且仔細，有機會還是會再繼續回購的', '2022-07-11', NULL, NULL),
(827, 0, 83, 42, 3, '價格優惠，包裝完整服務也很好，期待開吃', '2022-02-19', NULL, NULL),
(828, 0, 18, 42, 4, '微酸但很好喝，沒有任何受損，不錯不錯，好吃會一直回購', '2022-12-27', NULL, NULL),
(829, 0, 37, 42, 4, '超級好吃的啦，價格很便宜，有需要會再回購', '2022-07-15', NULL, NULL),
(830, 0, 57, 42, 5, '烤麵包已經不能沒有他，冷藏配送超新鮮，吃一口就想回購', '2022-04-27', NULL, NULL),
(831, 0, 78, 42, 3, '超級順口好喝，送貨包裝非常完整，值得長期購買', '2022-05-31', NULL, NULL),
(832, 0, 18, 42, 5, '還吃得到水果原味超讚的，包裝完整仔細，值得購買', '2023-02-10', NULL, NULL),
(833, 0, 95, 42, 3, '略酸，但口感不錯，包裝呵護食品包裝良好，值得購買', '2022-04-10', NULL, NULL),
(834, 0, 32, 42, 5, '真是太滿意了，送貨包裝非常完整，吃一口就想回購', '2022-06-25', NULL, NULL),
(835, 0, 71, 42, 5, '皮較粗糙一點，宅配到家的服務方便，果然沒讓我失望', '2022-07-25', NULL, NULL),
(836, 0, 79, 42, 4, '略酸，但口感不錯，包裝完整且仔細，果然沒讓我失望', '2022-01-02', NULL, NULL),
(837, 0, 43, 42, 3, '價格優惠，送貨包裝非常完整，很滿足', '2022-05-19', NULL, NULL),
(838, 0, 66, 42, 3, '真是太滿意了，送貨包裝非常完整，值得等待！', '2022-12-12', NULL, NULL),
(839, 0, 16, 42, 3, '小朋友都很喜歡，包裝完整服務也很好，值得購買', '2022-03-19', NULL, NULL),
(840, 0, 20, 42, 3, '商品品質超優，送貨很快速，價位可以接受', '2022-06-23', NULL, NULL),
(841, 0, 19, 43, 3, '超級好吃的啦，包裝完整且仔細，非常值得推薦', '2022-11-01', NULL, NULL),
(842, 0, 61, 43, 3, '商品品質超優，冷藏配送超新鮮，值得購買', '2022-02-09', NULL, NULL),
(843, 0, 76, 43, 3, '略酸，但口感不錯，包裝完整仔細，價位可以接受', '2023-02-16', NULL, NULL),
(844, 0, 43, 43, 3, '價格優惠，包裝呵護食品包裝良好，推推推！', '2022-08-02', NULL, NULL),
(845, 0, 39, 43, 3, '沒有很甜但也還行，包裝完整，品項齊全，果然沒讓我失望', '2022-02-05', NULL, NULL),
(846, 0, 1, 43, 3, '口感真的不錯，很好吃，送貨包裝非常完整，非常值得推薦', '2022-03-03', NULL, NULL),
(847, 0, 89, 43, 4, '很適合當下酒菜，出貨速度快，物超所值，好吃會一直回購', '2022-04-12', NULL, NULL),
(848, 0, 96, 43, 4, '略酸，但口感不錯，出貨非快速，會再來買', '2022-09-10', NULL, NULL),
(849, 0, 28, 43, 4, '品質很優服務很讚，出貨非快速，非常值得推薦', '2022-01-18', NULL, NULL),
(850, 0, 78, 43, 3, '小朋友都很喜歡，包裝保護很完整，已回購數次', '2022-08-16', NULL, NULL),
(851, 0, 4, 43, 4, '很讚很好吃，出貨非快速，有需要會再回購', '2023-02-22', NULL, NULL),
(852, 0, 89, 43, 4, '買點好東西寄回老家孝敬父母，送貨很快速，已回購數次', '2022-11-25', NULL, NULL),
(853, 0, 34, 43, 5, '口感真的不錯，很好吃，包裝呵護食品包裝良好，有機會還是會再繼續回購的', '2022-11-26', NULL, NULL),
(854, 0, 57, 43, 3, '配飯吃超讚，包裝完整且仔細，果然沒讓我失望', '2022-10-15', NULL, NULL),
(855, 0, 81, 43, 4, '超級順口好喝，包裝呵護食品包裝良好，會再來買', '2022-03-29', NULL, NULL),
(856, 0, 45, 43, 3, '略酸，但口感不錯，包裝呵護食品包裝良好，已回購數次', '2022-05-01', NULL, NULL),
(857, 0, 27, 43, 5, '商品品質超優，包裝完整，品項齊全，好吃會一直回購', '2022-12-12', NULL, NULL),
(858, 0, 9, 43, 5, '超級順口好喝，包裝完整且仔細，價位可以接受', '2022-01-03', NULL, NULL),
(859, 0, 38, 43, 5, '方便又好吃，出貨速度快，物超所值，值得購買', '2022-07-10', NULL, NULL),
(860, 0, 18, 43, 5, '買點好東西寄回老家孝敬父母，包裝完整服務也很好，吃一口就想回購', '2023-02-02', NULL, NULL),
(861, 0, 31, 44, 3, '買點好東西寄回老家孝敬父母，價格很便宜，好吃會一直回購', '2023-01-08', NULL, NULL),
(862, 0, 20, 44, 5, '甜到糖尿病，包裝完整仔細，值得購買', '2022-06-07', NULL, NULL),
(863, 0, 41, 44, 5, '真是太滿意了，包裝完整服務也很好，很滿足', '2022-05-14', NULL, NULL),
(864, 0, 60, 44, 5, '略酸，但口感不錯，包裝完整服務也很好，非常值得推薦', '2022-10-04', NULL, NULL),
(865, 0, 20, 44, 5, '小朋友都很喜歡，出貨速度快，物超所值，推推推！', '2022-07-24', NULL, NULL),
(866, 0, 53, 44, 3, '微酸但很好喝，包裝完整且仔細，推推推！', '2022-04-24', NULL, NULL),
(867, 0, 80, 44, 4, '還吃得到水果原味超讚的，包裝完整，品項齊全，非常值得推薦', '2023-01-04', NULL, NULL),
(868, 0, 17, 44, 3, '很適合當下酒菜，冷藏配送超新鮮，還行吧', '2022-12-18', NULL, NULL),
(869, 0, 1, 44, 3, '價格優惠，宅配到家的服務方便，非常值得推薦', '2022-06-01', NULL, NULL),
(870, 0, 80, 44, 4, '超級順口好喝，出貨迅速，包裝完善，有需要會再回購', '2022-01-30', NULL, NULL),
(871, 0, 96, 44, 3, '超級好吃的啦，沒有任何受損，不錯不錯，價位可以接受', '2022-06-20', NULL, NULL),
(872, 0, 82, 44, 3, '品質很優服務很讚，冷藏配送超新鮮，很滿足', '2022-06-30', NULL, NULL),
(873, 0, 21, 44, 5, '很適合當下酒菜，包裝完整服務也很好，果然沒讓我失望', '2022-09-01', NULL, NULL),
(874, 0, 88, 44, 5, '真是太滿意了，沒有任何受損，不錯不錯，會再來買', '2022-05-31', NULL, NULL),
(875, 0, 43, 44, 5, '皮較粗糙一點，沒有任何受損，不錯不錯，有需要會再回購', '2022-07-27', NULL, NULL),
(876, 0, 33, 44, 3, '方便又好吃，包裝完整且仔細，期待開吃', '2022-11-05', NULL, NULL),
(877, 0, 82, 44, 5, '品質很優服務很讚，包裝完整服務也很好，還行吧', '2022-08-02', NULL, NULL),
(878, 0, 29, 44, 5, '略酸，但口感不錯，包裝呵護食品包裝良好，期待開吃', '2023-01-23', NULL, NULL),
(879, 0, 60, 44, 4, '微酸但很好喝，出貨速度快，物超所值，會再來買', '2022-09-03', NULL, NULL),
(880, 0, 63, 44, 5, '配飯吃超讚，包裝完整仔細，非常值得推薦', '2022-09-10', NULL, NULL),
(881, 0, 82, 45, 4, '爸爸很喜歡，包裝完整服務也很好，已回購數次', '2022-03-10', NULL, NULL),
(882, 0, 29, 45, 3, '超級好吃的啦，包裝呵護食品包裝良好，會再來買', '2022-04-03', NULL, NULL),
(883, 0, 11, 45, 3, '小朋友都很喜歡，宅配到家的服務方便，會再來買', '2022-09-15', NULL, NULL),
(884, 0, 45, 45, 3, '微酸但很好喝，出貨非快速，果然沒讓我失望', '2022-07-02', NULL, NULL),
(885, 0, 31, 45, 3, '微酸但很好喝，送貨很快速，吃一口就想回購', '2022-07-25', NULL, NULL),
(886, 0, 35, 45, 4, '超讚的零嘴，包裝保護很完整，值得長期購買', '2022-03-06', NULL, NULL),
(887, 0, 67, 45, 4, '烤麵包已經不能沒有他，出貨非快速，非常值得推薦', '2022-02-08', NULL, NULL),
(888, 0, 77, 45, 5, '沒有很甜但也還行，價格很便宜，價位可以接受', '2022-01-25', NULL, NULL),
(889, 0, 21, 45, 3, 'CP值很高，出貨速度快，物超所值，很滿足', '2022-05-10', NULL, NULL),
(890, 0, 75, 45, 4, '爸爸很喜歡，送貨包裝非常完整，非常值得推薦', '2022-01-09', NULL, NULL),
(891, 0, 39, 45, 3, '超級好吃的啦，包裝保護很完整，有需要會再回購', '2022-05-18', NULL, NULL),
(892, 0, 92, 45, 4, '烤麵包已經不能沒有他，包裝呵護食品包裝良好，絕對值得再次回購', '2022-03-02', NULL, NULL),
(893, 0, 99, 45, 3, '還吃得到水果原味超讚的，包裝完整服務也很好，價位可以接受', '2022-07-08', NULL, NULL),
(894, 0, 45, 45, 4, '很適合當下酒菜，送貨很快速，非常值得推薦', '2022-10-19', NULL, NULL),
(895, 0, 9, 45, 4, '超讚的零嘴，出貨非快速，有需要會再回購', '2022-06-18', NULL, NULL),
(896, 0, 13, 45, 3, '超級順口好喝，出貨迅速，包裝完善，值得購買', '2022-09-27', NULL, NULL),
(897, 0, 38, 45, 4, '超級好吃的啦，宅配到家的服務方便，值得購買', '2022-07-04', NULL, NULL),
(898, 0, 37, 45, 5, '口味超讚，出貨非快速，值得購買', '2022-05-19', NULL, NULL),
(899, 0, 3, 45, 5, '商品品質超優，送貨包裝非常完整，有需要會再回購', '2023-02-03', NULL, NULL),
(900, 0, 57, 45, 3, '甜到糖尿病，送貨包裝非常完整，還行吧', '2022-05-27', NULL, NULL),
(901, 0, 51, 46, 5, 'CP值很高，沒有任何受損，不錯不錯，有需要會再回購', '2022-04-07', NULL, NULL),
(902, 0, 34, 46, 5, '皮較粗糙一點，沒有任何受損，不錯不錯，非常值得推薦', '2022-09-30', NULL, NULL),
(903, 0, 36, 46, 3, '口感真的不錯，很好吃，出貨迅速，包裝完善，價位可以接受', '2022-04-17', NULL, NULL),
(904, 0, 45, 46, 4, '皮較粗糙一點，包裝呵護食品包裝良好，吃一口就想回購', '2022-05-23', NULL, NULL),
(905, 0, 82, 46, 4, '買點好東西寄回老家孝敬父母，包裝完整且仔細，值得購買', '2023-01-04', NULL, NULL),
(906, 0, 94, 46, 4, 'CP值很高，出貨非快速，吃一口就想回購', '2022-06-10', NULL, NULL),
(907, 0, 38, 46, 4, '方便又好吃，宅配到家的服務方便，還行吧', '2022-07-20', NULL, NULL),
(908, 0, 85, 46, 4, '商品品質超優，宅配到家的服務方便，非常值得推薦', '2022-05-27', NULL, NULL),
(909, 0, 83, 46, 4, '價格優惠，宅配到家的服務方便，非常值得推薦', '2022-08-12', NULL, NULL),
(910, 0, 10, 46, 3, '口味超讚，包裝完整仔細，推推推！', '2023-01-02', NULL, NULL),
(911, 0, 94, 46, 5, '微酸但很好喝，包裝呵護食品包裝良好，推推推！', '2022-01-11', NULL, NULL),
(912, 0, 52, 46, 5, '很讚很好吃，包裝完整仔細，值得購買', '2023-02-04', NULL, NULL),
(913, 0, 97, 46, 4, '小朋友都很喜歡，送貨包裝非常完整，還行吧', '2022-10-26', NULL, NULL),
(914, 0, 22, 46, 3, '爸爸很喜歡，包裝完整，品項齊全，還行吧', '2023-01-24', NULL, NULL),
(915, 0, 33, 46, 5, '皮較粗糙一點，宅配到家的服務方便，有需要會再回購', '2022-12-27', NULL, NULL),
(916, 0, 6, 46, 5, '烤麵包已經不能沒有他，送貨很快速，期待開吃', '2022-01-12', NULL, NULL),
(917, 0, 65, 46, 4, '商品品質超優，送貨包裝非常完整，值得長期購買', '2023-02-14', NULL, NULL),
(918, 0, 25, 46, 5, '很適合當下酒菜，出貨迅速，包裝完善，很滿足', '2023-01-28', NULL, NULL),
(919, 0, 76, 46, 3, '烤麵包已經不能沒有他，包裝完整仔細，很滿足', '2022-08-01', NULL, NULL),
(920, 0, 7, 46, 5, '真是太滿意了，包裝呵護食品包裝良好，值得等待！', '2022-08-19', NULL, NULL),
(921, 0, 84, 47, 3, '沒有很甜但也還行，包裝完整仔細，吃一口就想回購', '2023-01-22', NULL, NULL),
(922, 0, 42, 47, 5, '很讚很好吃，冷藏配送超新鮮，非常值得推薦', '2022-06-20', NULL, NULL),
(923, 0, 39, 47, 4, '媽媽很滿意，出貨迅速，包裝完善，值得等待！', '2022-04-14', NULL, NULL),
(924, 0, 7, 47, 3, '買點好東西寄回老家孝敬父母，包裝完整且仔細，期待開吃', '2022-11-13', NULL, NULL),
(925, 0, 54, 47, 4, '烤麵包已經不能沒有他，包裝完整服務也很好，值得購買', '2023-02-28', NULL, NULL),
(926, 0, 70, 47, 4, '沒有很甜但也還行，包裝完整仔細，好吃會一直回購', '2022-04-06', NULL, NULL),
(927, 0, 79, 47, 4, '沒有很甜但也還行，包裝完整服務也很好，值得等待！', '2022-01-28', NULL, NULL),
(928, 0, 23, 47, 3, '買點好東西寄回老家孝敬父母，宅配到家的服務方便，果然沒讓我失望', '2023-01-21', NULL, NULL),
(929, 0, 18, 47, 4, '普普通通，包裝完整仔細，好吃會一直回購', '2022-12-22', NULL, NULL),
(930, 0, 29, 47, 5, '小朋友都很喜歡，包裝呵護食品包裝良好，非常值得推薦', '2022-11-01', NULL, NULL),
(931, 0, 4, 47, 5, '品質很優服務很讚，送貨很快速，吃一口就想回購', '2022-05-26', NULL, NULL),
(932, 0, 15, 47, 5, '商品品質超優，送貨包裝非常完整，好吃會一直回購', '2022-03-05', NULL, NULL),
(933, 0, 6, 47, 5, '品質很優服務很讚，包裝完整服務也很好，值得等待！', '2022-12-31', NULL, NULL),
(934, 0, 79, 47, 4, '商品品質超優，包裝完整服務也很好，期待開吃', '2022-02-12', NULL, NULL),
(935, 0, 86, 47, 3, '略酸，但口感不錯，包裝完整仔細，有需要會再回購', '2022-06-01', NULL, NULL),
(936, 0, 71, 47, 4, 'CP值及服務品質一級棒，價格很便宜，推推推！', '2023-02-25', NULL, NULL),
(937, 0, 26, 47, 5, '方便又好吃，出貨速度快，物超所值，非常值得推薦', '2022-01-01', NULL, NULL),
(938, 0, 8, 47, 4, '甜到糖尿病，包裝完整且仔細，推推推！', '2022-05-19', NULL, NULL),
(939, 0, 94, 47, 3, '烤麵包已經不能沒有他，包裝完整仔細，絕對值得再次回購', '2022-08-08', NULL, NULL),
(940, 0, 69, 47, 4, '小朋友都很喜歡，包裝完整且仔細，絕對值得再次回購', '2022-03-11', NULL, NULL),
(941, 0, 86, 48, 5, '配飯吃超讚，出貨迅速，包裝完善，推推推！', '2023-01-03', NULL, NULL),
(942, 0, 64, 48, 4, '超級好吃的啦，出貨速度快，物超所值，值得等待！', '2022-02-27', NULL, NULL),
(943, 0, 56, 48, 4, '配飯吃超讚，包裝完整且仔細，非常值得推薦', '2023-02-16', NULL, NULL),
(944, 0, 28, 48, 4, '甜到糖尿病，出貨非快速，已回購數次', '2022-10-10', NULL, NULL),
(945, 0, 47, 48, 5, '微酸但很好喝，宅配到家的服務方便，果然沒讓我失望', '2022-03-05', NULL, NULL),
(946, 0, 14, 48, 4, '買點好東西寄回老家孝敬父母，出貨非快速，果然沒讓我失望', '2022-12-06', NULL, NULL),
(947, 0, 67, 48, 3, '價格優惠，包裝呵護食品包裝良好，果然沒讓我失望', '2022-11-15', NULL, NULL),
(948, 0, 27, 48, 3, '皮較粗糙一點，出貨速度快，物超所值，價位可以接受', '2022-02-24', NULL, NULL),
(949, 0, 30, 48, 3, 'CP值很高，出貨迅速，包裝完善，還行吧', '2022-12-16', NULL, NULL),
(950, 0, 54, 48, 3, 'CP值很高，出貨迅速，包裝完善，非常值得推薦', '2022-11-21', NULL, NULL),
(951, 0, 81, 48, 5, '略酸，但口感不錯，包裝呵護食品包裝良好，非常值得推薦', '2022-02-03', NULL, NULL),
(952, 0, 99, 48, 3, '微酸但很好喝，包裝完整且仔細，有需要會再回購', '2022-06-12', NULL, NULL),
(953, 0, 100, 48, 3, 'CP值很高，宅配到家的服務方便，值得購買', '2022-06-23', NULL, NULL),
(954, 0, 58, 48, 5, '還吃得到水果原味超讚的，送貨包裝非常完整，絕對值得再次回購', '2023-01-23', NULL, NULL),
(955, 0, 99, 48, 3, '很讚很好吃，包裝完整服務也很好，價位可以接受', '2022-09-05', NULL, NULL),
(956, 0, 100, 48, 3, '真是太滿意了，冷藏配送超新鮮，有機會還是會再繼續回購的', '2023-01-29', NULL, NULL),
(957, 0, 9, 48, 5, '皮較粗糙一點，送貨包裝非常完整，非常值得推薦', '2022-01-12', NULL, NULL),
(958, 0, 63, 48, 5, '超讚的零嘴，送貨很快速，好吃會一直回購', '2022-04-03', NULL, NULL),
(959, 0, 20, 48, 4, 'CP值及服務品質一級棒，送貨包裝非常完整，還行吧', '2022-04-04', NULL, NULL),
(960, 0, 38, 48, 3, '買點好東西寄回老家孝敬父母，包裝保護很完整，很滿足', '2023-02-01', NULL, NULL),
(961, 0, 84, 49, 5, '配飯吃超讚，包裝保護很完整，有需要會再回購', '2022-01-13', NULL, NULL),
(962, 0, 48, 49, 5, '略酸，但口感不錯，送貨包裝非常完整，非常值得推薦', '2022-08-11', NULL, NULL),
(963, 0, 73, 49, 5, '皮較粗糙一點，包裝完整，品項齊全，會再來買', '2022-10-10', NULL, NULL),
(964, 0, 26, 49, 5, '超級順口好喝，送貨很快速，有需要會再回購', '2022-08-31', NULL, NULL),
(965, 0, 49, 49, 5, '口味還行，送貨包裝非常完整，非常值得推薦', '2022-07-20', NULL, NULL),
(966, 0, 34, 49, 3, '真是太滿意了，宅配到家的服務方便，有需要會再回購', '2022-11-22', NULL, NULL),
(967, 0, 48, 49, 3, '皮較粗糙一點，包裝完整服務也很好，很滿足', '2022-04-13', NULL, NULL),
(968, 0, 37, 49, 4, '方便又好吃，包裝完整，品項齊全，有機會還是會再繼續回購的', '2022-05-25', NULL, NULL),
(969, 0, 39, 49, 5, '商品品質超優，出貨速度快，物超所值，還行吧', '2022-09-18', NULL, NULL),
(970, 0, 89, 49, 3, '烤麵包已經不能沒有他，包裝完整服務也很好，非常值得推薦', '2022-05-04', NULL, NULL),
(971, 0, 31, 49, 5, '沒有很甜但也還行，送貨很快速，期待開吃', '2022-08-24', NULL, NULL),
(972, 0, 22, 49, 5, '還吃得到水果原味超讚的，冷藏配送超新鮮，有機會還是會再繼續回購的', '2022-12-07', NULL, NULL),
(973, 0, 79, 49, 4, '爸爸很喜歡，包裝完整，品項齊全，果然沒讓我失望', '2023-01-28', NULL, NULL),
(974, 0, 79, 49, 4, '烤麵包已經不能沒有他，出貨迅速，包裝完善，絕對值得再次回購', '2022-09-25', NULL, NULL),
(975, 0, 100, 49, 3, '口味還行，包裝完整仔細，期待開吃', '2022-02-27', NULL, NULL),
(976, 0, 96, 49, 4, '小朋友都很喜歡，出貨速度快，物超所值，吃一口就想回購', '2022-12-03', NULL, NULL),
(977, 0, 11, 49, 4, '配飯吃超讚，包裝呵護食品包裝良好，期待開吃', '2022-11-15', NULL, NULL),
(978, 0, 46, 49, 3, '超讚的零嘴，宅配到家的服務方便，絕對值得再次回購', '2022-07-19', NULL, NULL),
(979, 0, 59, 49, 4, '很適合當下酒菜，沒有任何受損，不錯不錯，價位可以接受', '2023-02-10', NULL, NULL),
(980, 0, 41, 49, 4, '配飯吃超讚，包裝完整仔細，有機會還是會再繼續回購的', '2022-08-01', NULL, NULL),
(981, 0, 85, 50, 5, '配飯吃超讚，包裝保護很完整，價位可以接受', '2022-03-21', NULL, NULL),
(982, 0, 99, 50, 5, '口感真的不錯，很好吃，出貨速度快，物超所值，好吃會一直回購', '2023-02-16', NULL, NULL),
(983, 0, 94, 50, 3, '超級順口好喝，包裝完整，品項齊全，很滿足', '2022-11-12', NULL, NULL),
(984, 0, 46, 50, 4, '沒有很甜但也還行，包裝呵護食品包裝良好，推推推！', '2022-11-15', NULL, NULL),
(985, 0, 11, 50, 3, '小朋友都很喜歡，出貨迅速，包裝完善，期待開吃', '2022-04-10', NULL, NULL),
(986, 0, 88, 50, 4, '很適合當下酒菜，包裝完整且仔細，值得等待！', '2023-02-18', NULL, NULL),
(987, 0, 77, 50, 5, '微酸但很好喝，送貨很快速，期待開吃', '2022-09-21', NULL, NULL),
(988, 0, 32, 50, 4, '價格優惠，價格很便宜，好吃會一直回購', '2022-07-01', NULL, NULL),
(989, 0, 33, 50, 5, '口感真的不錯，很好吃，送貨很快速，會再來買', '2022-03-30', NULL, NULL),
(990, 0, 56, 50, 5, '微酸但很好喝，冷藏配送超新鮮，值得長期購買', '2022-07-01', NULL, NULL),
(991, 0, 97, 50, 3, '微酸但很好喝，出貨速度快，物超所值，絕對值得再次回購', '2023-01-25', NULL, NULL),
(992, 0, 94, 50, 4, '爸爸很喜歡，冷藏配送超新鮮，會再來買', '2022-01-29', NULL, NULL),
(993, 0, 60, 50, 5, '很適合當下酒菜，價格很便宜，推推推！', '2022-03-05', NULL, NULL),
(994, 0, 68, 50, 5, '還吃得到水果原味超讚的，冷藏配送超新鮮，有機會還是會再繼續回購的', '2022-11-23', NULL, NULL),
(995, 0, 39, 50, 5, '商品品質超優，包裝呵護食品包裝良好，果然沒讓我失望', '2022-08-20', NULL, NULL),
(996, 0, 46, 50, 3, '甜到糖尿病，送貨包裝非常完整，很滿足', '2022-08-11', NULL, NULL),
(997, 0, 100, 50, 3, '價格優惠，出貨速度快，物超所值，果然沒讓我失望', '2022-12-20', NULL, NULL),
(998, 0, 21, 50, 4, '沒有很甜但也還行，包裝完整，品項齊全，絕對值得再次回購', '2022-07-11', NULL, NULL),
(999, 0, 79, 50, 3, '烤麵包已經不能沒有他，冷藏配送超新鮮，有機會還是會再繼續回購的', '2022-11-12', NULL, NULL),
(1000, 0, 16, 50, 5, '很適合當下酒菜，送貨包裝非常完整，值得長期購買', '2022-02-26', NULL, NULL),
(1001, 0, 67, 51, 4, 'CP值很高，包裝完整，品項齊全，吃一口就想回購', '2022-09-10', NULL, NULL),
(1002, 0, 65, 51, 3, '小朋友都很喜歡，包裝呵護食品包裝良好，值得長期購買', '2022-11-29', NULL, NULL),
(1003, 0, 53, 51, 5, '還吃得到水果原味超讚的，包裝完整，品項齊全，值得購買', '2022-04-27', NULL, NULL),
(1004, 0, 75, 51, 5, '品質很優服務很讚，出貨迅速，包裝完善，絕對值得再次回購', '2022-04-06', NULL, NULL),
(1005, 0, 27, 51, 3, '超級好吃的啦，包裝呵護食品包裝良好，值得長期購買', '2022-06-22', NULL, NULL),
(1006, 0, 81, 51, 4, '商品品質超優，出貨迅速，包裝完善，吃一口就想回購', '2022-06-09', NULL, NULL),
(1007, 0, 80, 51, 4, '還吃得到水果原味超讚的，出貨迅速，包裝完善，值得等待！', '2022-07-06', NULL, NULL),
(1008, 0, 50, 51, 5, '普普通通，送貨包裝非常完整，非常值得推薦', '2023-01-05', NULL, NULL),
(1009, 0, 46, 51, 4, '超級好吃的啦，出貨速度快，物超所值，推推推！', '2023-02-22', NULL, NULL),
(1010, 0, 95, 51, 5, '媽媽很滿意，出貨非快速，有需要會再回購', '2023-01-01', NULL, NULL),
(1011, 0, 23, 51, 4, '還吃得到水果原味超讚的，沒有任何受損，不錯不錯，很滿足', '2023-01-28', NULL, NULL),
(1012, 0, 67, 51, 5, '配飯吃超讚，冷藏配送超新鮮，絕對值得再次回購', '2023-02-28', NULL, NULL),
(1013, 0, 26, 51, 4, '配飯吃超讚，沒有任何受損，不錯不錯，好吃會一直回購', '2023-02-08', NULL, NULL),
(1014, 0, 73, 51, 3, '超讚的零嘴，送貨很快速，有需要會再回購', '2022-01-21', NULL, NULL),
(1015, 0, 56, 51, 4, '微酸但很好喝，包裝完整，品項齊全，會再來買', '2022-11-23', NULL, NULL),
(1016, 0, 59, 51, 3, '略酸，但口感不錯，包裝呵護食品包裝良好，值得等待！', '2022-08-03', NULL, NULL),
(1017, 0, 58, 51, 3, '很讚很好吃，送貨很快速，期待開吃', '2022-08-10', NULL, NULL),
(1018, 0, 3, 51, 4, '價格優惠，冷藏配送超新鮮，吃一口就想回購', '2022-04-04', NULL, NULL),
(1019, 0, 22, 51, 3, '買點好東西寄回老家孝敬父母，包裝完整服務也很好，果然沒讓我失望', '2022-12-09', NULL, NULL),
(1020, 0, 40, 51, 4, '價格優惠，送貨很快速，有機會還是會再繼續回購的', '2022-01-24', NULL, NULL),
(1021, 0, 33, 52, 5, '很讚很好吃，包裝完整服務也很好，值得購買', '2023-01-17', NULL, NULL),
(1022, 0, 64, 52, 5, '品質很優服務很讚，包裝完整服務也很好，會再來買', '2022-03-02', NULL, NULL),
(1023, 0, 53, 52, 4, '品質很優服務很讚，包裝保護很完整，非常值得推薦', '2022-03-10', NULL, NULL),
(1024, 0, 23, 52, 3, '小朋友都很喜歡，出貨速度快，物超所值，期待開吃', '2022-08-28', NULL, NULL),
(1025, 0, 90, 52, 5, '還吃得到水果原味超讚的，出貨非快速，很滿足', '2022-02-27', NULL, NULL),
(1026, 0, 99, 52, 5, '皮較粗糙一點，沒有任何受損，不錯不錯，絕對值得再次回購', '2022-09-26', NULL, NULL),
(1027, 0, 62, 52, 5, '沒有很甜但也還行，宅配到家的服務方便，還行吧', '2022-12-26', NULL, NULL),
(1028, 0, 37, 52, 5, '超級好吃的啦，送貨很快速，非常值得推薦', '2022-09-19', NULL, NULL),
(1029, 0, 41, 52, 3, '超級順口好喝，出貨非快速，已回購數次', '2022-06-28', NULL, NULL),
(1030, 0, 41, 52, 5, '超級好吃的啦，送貨很快速，很滿足', '2022-03-07', NULL, NULL),
(1031, 0, 51, 52, 3, '沒有很甜但也還行，沒有任何受損，不錯不錯，價位可以接受', '2022-03-15', NULL, NULL),
(1032, 0, 55, 52, 5, '商品品質超優，包裝完整服務也很好，還行吧', '2022-01-14', NULL, NULL),
(1033, 0, 75, 52, 3, '還吃得到水果原味超讚的，出貨非快速，有需要會再回購', '2022-09-23', NULL, NULL),
(1034, 0, 59, 52, 5, '皮較粗糙一點，宅配到家的服務方便，很滿足', '2022-08-26', NULL, NULL),
(1035, 0, 98, 52, 3, '超級順口好喝，出貨迅速，包裝完善，很滿足', '2022-08-12', NULL, NULL),
(1036, 0, 21, 52, 4, '真是太滿意了，包裝完整仔細，好吃會一直回購', '2022-01-19', NULL, NULL),
(1037, 0, 8, 52, 4, '皮較粗糙一點，宅配到家的服務方便，價位可以接受', '2022-01-08', NULL, NULL),
(1038, 0, 44, 52, 3, '配飯吃超讚，包裝保護很完整，推推推！', '2022-12-18', NULL, NULL),
(1039, 0, 68, 52, 4, '微酸但很好喝，包裝完整且仔細，絕對值得再次回購', '2022-12-09', NULL, NULL),
(1040, 0, 97, 52, 3, '超級順口好喝，沒有任何受損，不錯不錯，有機會還是會再繼續回購的', '2022-03-24', NULL, NULL),
(1041, 0, 58, 53, 3, '烤麵包已經不能沒有他，包裝完整且仔細，價位可以接受', '2022-08-11', NULL, NULL),
(1042, 0, 76, 53, 3, '商品品質超優，出貨非快速，還行吧', '2022-05-23', NULL, NULL),
(1043, 0, 82, 53, 3, '口感真的不錯，很好吃，包裝保護很完整，會再來買', '2022-12-22', NULL, NULL),
(1044, 0, 5, 53, 4, '甜到糖尿病，包裝完整，品項齊全，期待開吃', '2022-12-27', NULL, NULL),
(1045, 0, 46, 53, 4, '口味超讚，出貨迅速，包裝完善，值得購買', '2023-02-05', NULL, NULL),
(1046, 0, 70, 53, 4, '普普通通，價格很便宜，值得購買', '2022-06-17', NULL, NULL),
(1047, 0, 79, 53, 4, '商品品質超優，冷藏配送超新鮮，價位可以接受', '2022-02-04', NULL, NULL),
(1048, 0, 67, 53, 3, '真是太滿意了，包裝呵護食品包裝良好，有機會還是會再繼續回購的', '2022-06-17', NULL, NULL),
(1049, 0, 53, 53, 5, '價格優惠，冷藏配送超新鮮，值得購買', '2022-04-13', NULL, NULL),
(1050, 0, 26, 53, 5, '烤麵包已經不能沒有他，送貨很快速，好吃會一直回購', '2023-02-21', NULL, NULL),
(1051, 0, 53, 53, 4, 'CP值很高，沒有任何受損，不錯不錯，絕對值得再次回購', '2022-07-19', NULL, NULL),
(1052, 0, 10, 53, 5, '品質很優服務很讚，沒有任何受損，不錯不錯，價位可以接受', '2022-01-17', NULL, NULL),
(1053, 0, 46, 53, 4, '普普通通，出貨非快速，值得長期購買', '2022-11-18', NULL, NULL),
(1054, 0, 7, 53, 5, '口感真的不錯，很好吃，出貨迅速，包裝完善，還行吧', '2022-02-25', NULL, NULL),
(1055, 0, 42, 53, 5, '方便又好吃，包裝完整且仔細，非常值得推薦', '2022-03-22', NULL, NULL),
(1056, 0, 75, 53, 4, '很適合當下酒菜，包裝完整仔細，價位可以接受', '2022-03-10', NULL, NULL),
(1057, 0, 36, 53, 4, '真是太滿意了，包裝完整，品項齊全，有需要會再回購', '2023-02-22', NULL, NULL),
(1058, 0, 17, 53, 4, '很讚很好吃，宅配到家的服務方便，有機會還是會再繼續回購的', '2022-08-05', NULL, NULL),
(1059, 0, 65, 53, 4, '買點好東西寄回老家孝敬父母，包裝呵護食品包裝良好，價位可以接受', '2022-11-08', NULL, NULL),
(1060, 0, 85, 53, 4, '普普通通，價格很便宜，值得長期購買', '2022-05-19', NULL, NULL),
(1061, 0, 45, 54, 4, '媽媽很滿意，送貨包裝非常完整，還行吧', '2022-06-14', NULL, NULL),
(1062, 0, 11, 54, 5, '爸爸很喜歡，包裝保護很完整，好吃會一直回購', '2022-05-16', NULL, NULL),
(1063, 0, 44, 54, 4, '超級好吃的啦，冷藏配送超新鮮，值得購買', '2023-02-25', NULL, NULL),
(1064, 0, 92, 54, 4, '很適合當下酒菜，包裝完整仔細，吃一口就想回購', '2022-05-25', NULL, NULL),
(1065, 0, 22, 54, 5, '很適合當下酒菜，冷藏配送超新鮮，值得等待！', '2022-07-15', NULL, NULL),
(1066, 0, 37, 54, 3, '爸爸很喜歡，宅配到家的服務方便，已回購數次', '2022-02-14', NULL, NULL),
(1067, 0, 34, 54, 3, '真是太滿意了，沒有任何受損，不錯不錯，值得長期購買', '2022-09-22', NULL, NULL),
(1068, 0, 17, 54, 3, '方便又好吃，送貨很快速，已回購數次', '2022-12-02', NULL, NULL),
(1069, 0, 93, 54, 4, '微酸但很好喝，包裝保護很完整，推推推！', '2023-02-19', NULL, NULL),
(1070, 0, 58, 54, 5, 'CP值很高，沒有任何受損，不錯不錯，會再來買', '2022-11-24', NULL, NULL),
(1071, 0, 13, 54, 4, '品質很優服務很讚，包裝完整且仔細，值得購買', '2022-05-27', NULL, NULL),
(1072, 0, 38, 54, 4, '普普通通，包裝完整仔細，推推推！', '2022-10-24', NULL, NULL),
(1073, 0, 7, 54, 3, '媽媽很滿意，送貨包裝非常完整，價位可以接受', '2022-07-16', NULL, NULL),
(1074, 0, 93, 54, 4, '商品品質超優，沒有任何受損，不錯不錯，值得購買', '2022-12-17', NULL, NULL),
(1075, 0, 92, 54, 4, '商品品質超優，送貨包裝非常完整，非常值得推薦', '2022-04-20', NULL, NULL),
(1076, 0, 24, 54, 3, '沒有很甜但也還行，送貨包裝非常完整，值得長期購買', '2022-04-24', NULL, NULL),
(1077, 0, 36, 54, 3, '爸爸很喜歡，出貨非快速，好吃會一直回購', '2022-02-14', NULL, NULL),
(1078, 0, 58, 54, 4, '媽媽很滿意，包裝完整且仔細，價位可以接受', '2022-11-25', NULL, NULL),
(1079, 0, 61, 54, 3, '略酸，但口感不錯，包裝完整且仔細，果然沒讓我失望', '2022-02-25', NULL, NULL),
(1080, 0, 76, 54, 4, '商品品質超優，包裝呵護食品包裝良好，很滿足', '2022-08-19', NULL, NULL),
(1081, 0, 100, 55, 5, '沒有很甜但也還行，價格很便宜，值得等待！', '2022-04-07', NULL, NULL),
(1082, 0, 34, 55, 5, '爸爸很喜歡，出貨非快速，非常值得推薦', '2022-10-01', NULL, NULL),
(1083, 0, 35, 55, 3, '小朋友都很喜歡，宅配到家的服務方便，已回購數次', '2022-03-18', NULL, NULL),
(1084, 0, 71, 55, 5, '價格優惠，冷藏配送超新鮮，還行吧', '2022-07-29', NULL, NULL),
(1085, 0, 42, 55, 3, '烤麵包已經不能沒有他，包裝完整且仔細，推推推！', '2023-02-27', NULL, NULL),
(1086, 0, 57, 55, 3, '微酸但很好喝，價格很便宜，好吃會一直回購', '2022-12-29', NULL, NULL),
(1087, 0, 83, 55, 5, '媽媽很滿意，包裝完整且仔細，值得等待！', '2023-01-07', NULL, NULL),
(1088, 0, 100, 55, 4, '甜到糖尿病，包裝完整，品項齊全，會再來買', '2022-02-05', NULL, NULL),
(1089, 0, 93, 55, 4, '超級好吃的啦，送貨很快速，還行吧', '2022-06-10', NULL, NULL),
(1090, 0, 56, 55, 5, '皮較粗糙一點，送貨包裝非常完整，價位可以接受', '2022-03-27', NULL, NULL),
(1091, 0, 7, 55, 3, '很適合當下酒菜，出貨迅速，包裝完善，絕對值得再次回購', '2022-05-18', NULL, NULL),
(1092, 0, 99, 55, 5, '小朋友都很喜歡，出貨非快速，很滿足', '2022-04-04', NULL, NULL),
(1093, 0, 5, 55, 3, '超級好吃的啦，包裝完整且仔細，值得等待！', '2022-01-23', NULL, NULL),
(1094, 0, 99, 55, 5, '買點好東西寄回老家孝敬父母，冷藏配送超新鮮，推推推！', '2022-08-08', NULL, NULL),
(1095, 0, 59, 55, 4, '爸爸很喜歡，出貨迅速，包裝完善，值得購買', '2022-05-09', NULL, NULL),
(1096, 0, 99, 55, 3, '超級好吃的啦，包裝呵護食品包裝良好，會再來買', '2022-02-25', NULL, NULL),
(1097, 0, 28, 55, 5, '烤麵包已經不能沒有他，包裝完整，品項齊全，好吃會一直回購', '2023-01-19', NULL, NULL),
(1098, 0, 61, 55, 5, 'CP值及服務品質一級棒，價格很便宜，推推推！', '2022-04-07', NULL, NULL),
(1099, 0, 98, 55, 3, '爸爸很喜歡，出貨非快速，果然沒讓我失望', '2022-05-16', NULL, NULL),
(1100, 0, 50, 55, 3, '甜到糖尿病，出貨迅速，包裝完善，吃一口就想回購', '2022-11-25', NULL, NULL),
(1101, 0, 71, 56, 3, '口味超讚，冷藏配送超新鮮，有機會還是會再繼續回購的', '2022-07-03', NULL, NULL),
(1102, 0, 3, 56, 4, '價格優惠，冷藏配送超新鮮，絕對值得再次回購', '2022-06-24', NULL, NULL),
(1103, 0, 28, 56, 4, '微酸但很好喝，價格很便宜，有需要會再回購', '2022-11-16', NULL, NULL),
(1104, 0, 55, 56, 4, '品質很優服務很讚，包裝呵護食品包裝良好，很滿足', '2022-03-03', NULL, NULL),
(1105, 0, 96, 56, 5, '超級順口好喝，包裝完整服務也很好，好吃會一直回購', '2022-01-06', NULL, NULL),
(1106, 0, 9, 56, 4, '普普通通，出貨速度快，物超所值，值得長期購買', '2022-12-02', NULL, NULL),
(1107, 0, 15, 56, 3, '商品品質超優，包裝完整，品項齊全，非常值得推薦', '2022-07-01', NULL, NULL),
(1108, 0, 3, 56, 4, '烤麵包已經不能沒有他，宅配到家的服務方便，好吃會一直回購', '2022-03-13', NULL, NULL),
(1109, 0, 30, 56, 3, 'CP值及服務品質一級棒，送貨很快速，非常值得推薦', '2022-08-12', NULL, NULL),
(1110, 0, 79, 56, 3, '價格優惠，價格很便宜，值得購買', '2022-04-30', NULL, NULL),
(1111, 0, 40, 56, 4, '皮較粗糙一點，包裝呵護食品包裝良好，吃一口就想回購', '2022-09-09', NULL, NULL),
(1112, 0, 2, 56, 5, 'CP值及服務品質一級棒，送貨包裝非常完整，推推推！', '2022-11-06', NULL, NULL),
(1113, 0, 40, 56, 5, '超讚的零嘴，價格很便宜，值得購買', '2023-02-27', NULL, NULL),
(1114, 0, 97, 56, 3, '價格優惠，價格很便宜，果然沒讓我失望', '2023-01-11', NULL, NULL),
(1115, 0, 92, 56, 3, '媽媽很滿意，冷藏配送超新鮮，已回購數次', '2022-08-29', NULL, NULL),
(1116, 0, 19, 56, 4, 'CP值及服務品質一級棒，沒有任何受損，不錯不錯，值得長期購買', '2022-10-22', NULL, NULL),
(1117, 0, 29, 56, 3, '甜到糖尿病，沒有任何受損，不錯不錯，還行吧', '2022-02-27', NULL, NULL),
(1118, 0, 61, 56, 3, '口味還行，包裝完整服務也很好，值得購買', '2022-08-23', NULL, NULL),
(1119, 0, 11, 56, 3, '甜到糖尿病，沒有任何受損，不錯不錯，絕對值得再次回購', '2022-06-21', NULL, NULL),
(1120, 0, 56, 56, 5, '配飯吃超讚，出貨迅速，包裝完善，有需要會再回購', '2022-09-23', NULL, NULL),
(1121, 0, 69, 57, 3, '方便又好吃，冷藏配送超新鮮，期待開吃', '2022-12-18', NULL, NULL),
(1122, 0, 87, 57, 5, '還吃得到水果原味超讚的，冷藏配送超新鮮，好吃會一直回購', '2022-09-01', NULL, NULL),
(1123, 0, 53, 57, 5, '真是太滿意了，包裝完整仔細，果然沒讓我失望', '2022-01-03', NULL, NULL),
(1124, 0, 3, 57, 4, 'CP值及服務品質一級棒，包裝保護很完整，會再來買', '2022-02-23', NULL, NULL),
(1125, 0, 32, 57, 5, '口味超讚，包裝呵護食品包裝良好，有機會還是會再繼續回購的', '2022-09-19', NULL, NULL),
(1126, 0, 11, 57, 5, '普普通通，包裝呵護食品包裝良好，值得等待！', '2023-02-05', NULL, NULL),
(1127, 0, 78, 57, 4, '品質很優服務很讚，價格很便宜，絕對值得再次回購', '2022-09-23', NULL, NULL),
(1128, 0, 56, 57, 4, '還吃得到水果原味超讚的，包裝呵護食品包裝良好，已回購數次', '2022-01-07', NULL, NULL),
(1129, 0, 99, 57, 3, '很讚很好吃，冷藏配送超新鮮，推推推！', '2022-11-05', NULL, NULL),
(1130, 0, 11, 57, 5, 'CP值及服務品質一級棒，沒有任何受損，不錯不錯，價位可以接受', '2022-05-27', NULL, NULL),
(1131, 0, 11, 57, 4, '還吃得到水果原味超讚的，冷藏配送超新鮮，期待開吃', '2022-09-09', NULL, NULL),
(1132, 0, 37, 57, 5, '超讚的零嘴，宅配到家的服務方便，很滿足', '2022-06-12', NULL, NULL),
(1133, 0, 60, 57, 4, '買點好東西寄回老家孝敬父母，出貨速度快，物超所值，有需要會再回購', '2022-03-03', NULL, NULL),
(1134, 0, 19, 57, 3, '超讚的零嘴，包裝完整仔細，值得長期購買', '2023-01-12', NULL, NULL),
(1135, 0, 28, 57, 5, '超級好吃的啦，包裝呵護食品包裝良好，期待開吃', '2022-05-18', NULL, NULL),
(1136, 0, 53, 57, 5, '略酸，但口感不錯，出貨迅速，包裝完善，吃一口就想回購', '2022-06-19', NULL, NULL),
(1137, 0, 43, 57, 4, '配飯吃超讚，出貨非快速，果然沒讓我失望', '2022-07-19', NULL, NULL),
(1138, 0, 25, 57, 4, '口味超讚，送貨很快速，值得長期購買', '2022-07-04', NULL, NULL),
(1139, 0, 23, 57, 3, '商品品質超優，出貨迅速，包裝完善，果然沒讓我失望', '2023-01-02', NULL, NULL),
(1140, 0, 84, 57, 4, '皮較粗糙一點，價格很便宜，很滿足', '2022-08-28', NULL, NULL),
(1141, 0, 18, 58, 5, '口味還行，宅配到家的服務方便，很滿足', '2022-01-15', NULL, NULL),
(1142, 0, 32, 58, 5, '價格優惠，包裝完整仔細，好吃會一直回購', '2022-06-02', NULL, NULL),
(1143, 0, 74, 58, 5, '品質很優服務很讚，包裝保護很完整，會再來買', '2023-01-31', NULL, NULL),
(1144, 0, 12, 58, 4, '口味還行，包裝完整，品項齊全，已回購數次', '2022-12-18', NULL, NULL),
(1145, 0, 54, 58, 4, '很讚很好吃，送貨包裝非常完整，吃一口就想回購', '2022-03-18', NULL, NULL),
(1146, 0, 43, 58, 3, '很適合當下酒菜，價格很便宜，值得購買', '2022-12-28', NULL, NULL),
(1147, 0, 16, 58, 5, '略酸，但口感不錯，出貨速度快，物超所值，值得等待！', '2022-09-07', NULL, NULL),
(1148, 0, 25, 58, 3, '真是太滿意了，包裝呵護食品包裝良好，果然沒讓我失望', '2022-02-19', NULL, NULL),
(1149, 0, 95, 58, 5, '媽媽很滿意，出貨迅速，包裝完善，還行吧', '2023-01-14', NULL, NULL),
(1150, 0, 3, 58, 4, '沒有很甜但也還行，宅配到家的服務方便，好吃會一直回購', '2022-07-18', NULL, NULL),
(1151, 0, 60, 58, 3, '小朋友都很喜歡，出貨速度快，物超所值，已回購數次', '2022-09-10', NULL, NULL),
(1152, 0, 61, 58, 5, '超讚的零嘴，沒有任何受損，不錯不錯，非常值得推薦', '2022-09-09', NULL, NULL),
(1153, 0, 29, 58, 3, '烤麵包已經不能沒有他，送貨很快速，果然沒讓我失望', '2022-12-05', NULL, NULL),
(1154, 0, 77, 58, 5, '方便又好吃，包裝保護很完整，有機會還是會再繼續回購的', '2022-03-16', NULL, NULL),
(1155, 0, 16, 58, 3, '方便又好吃，包裝呵護食品包裝良好，還行吧', '2023-01-11', NULL, NULL),
(1156, 0, 47, 58, 3, '超讚的零嘴，出貨速度快，物超所值，果然沒讓我失望', '2022-11-26', NULL, NULL),
(1157, 0, 71, 58, 5, '價格優惠，送貨很快速，吃一口就想回購', '2022-03-27', NULL, NULL),
(1158, 0, 29, 58, 4, '真是太滿意了，包裝保護很完整，值得等待！', '2022-01-19', NULL, NULL),
(1159, 0, 57, 58, 4, '超級好吃的啦，包裝完整仔細，值得等待！', '2022-08-11', NULL, NULL),
(1160, 0, 95, 58, 3, '超讚的零嘴，送貨很快速，已回購數次', '2022-03-23', NULL, NULL),
(1161, 0, 75, 59, 4, '很適合當下酒菜，冷藏配送超新鮮，果然沒讓我失望', '2022-12-13', NULL, NULL),
(1162, 0, 96, 59, 3, '爸爸很喜歡，包裝保護很完整，好吃會一直回購', '2022-06-06', NULL, NULL),
(1163, 0, 25, 59, 3, '略酸，但口感不錯，出貨速度快，物超所值，會再來買', '2022-05-30', NULL, NULL),
(1164, 0, 74, 59, 4, '微酸但很好喝，包裝呵護食品包裝良好，還行吧', '2022-06-16', NULL, NULL),
(1165, 0, 87, 59, 5, '普普通通，包裝完整且仔細，已回購數次', '2022-03-14', NULL, NULL),
(1166, 0, 99, 59, 3, '烤麵包已經不能沒有他，價格很便宜，有機會還是會再繼續回購的', '2022-08-14', NULL, NULL),
(1167, 0, 28, 59, 3, '甜到糖尿病，宅配到家的服務方便，吃一口就想回購', '2023-02-17', NULL, NULL),
(1168, 0, 62, 59, 5, '微酸但很好喝，宅配到家的服務方便，好吃會一直回購', '2022-10-28', NULL, NULL),
(1169, 0, 25, 59, 4, '普普通通，包裝完整，品項齊全，已回購數次', '2022-11-14', NULL, NULL),
(1170, 0, 91, 59, 5, '配飯吃超讚，冷藏配送超新鮮，果然沒讓我失望', '2022-09-20', NULL, NULL),
(1171, 0, 76, 59, 4, '商品品質超優，包裝完整仔細，有機會還是會再繼續回購的', '2022-11-23', NULL, NULL),
(1172, 0, 46, 59, 5, '甜到糖尿病，包裝呵護食品包裝良好，已回購數次', '2023-01-22', NULL, NULL),
(1173, 0, 88, 59, 5, '甜到糖尿病，包裝呵護食品包裝良好，有機會還是會再繼續回購的', '2022-11-01', NULL, NULL),
(1174, 0, 69, 59, 4, '很讚很好吃，包裝呵護食品包裝良好，絕對值得再次回購', '2022-10-11', NULL, NULL),
(1175, 0, 5, 59, 5, '略酸，但口感不錯，出貨迅速，包裝完善，還行吧', '2022-07-04', NULL, NULL),
(1176, 0, 63, 59, 4, '方便又好吃，包裝完整仔細，已回購數次', '2023-02-12', NULL, NULL),
(1177, 0, 17, 59, 3, '方便又好吃，送貨包裝非常完整，已回購數次', '2022-07-25', NULL, NULL),
(1178, 0, 2, 59, 4, '口味超讚，出貨迅速，包裝完善，值得購買', '2022-09-28', NULL, NULL),
(1179, 0, 1, 59, 5, '甜到糖尿病，包裝呵護食品包裝良好，有機會還是會再繼續回購的', '2023-01-06', NULL, NULL),
(1180, 0, 85, 59, 5, '很適合當下酒菜，包裝完整且仔細，果然沒讓我失望', '2022-11-05', NULL, NULL),
(1181, 0, 22, 60, 3, '配飯吃超讚，包裝完整，品項齊全，已回購數次', '2022-04-02', NULL, NULL),
(1182, 0, 73, 60, 3, '品質很優服務很讚，送貨包裝非常完整，值得購買', '2022-05-09', NULL, NULL),
(1183, 0, 55, 60, 4, '品質很優服務很讚，沒有任何受損，不錯不錯，絕對值得再次回購', '2022-10-29', NULL, NULL),
(1184, 0, 36, 60, 3, '價格優惠，包裝保護很完整，有需要會再回購', '2022-04-11', NULL, NULL),
(1185, 0, 94, 60, 4, '甜到糖尿病，宅配到家的服務方便，值得等待！', '2022-11-16', NULL, NULL),
(1186, 0, 19, 60, 4, '很讚很好吃，包裝呵護食品包裝良好，很滿足', '2022-07-02', NULL, NULL),
(1187, 0, 48, 60, 5, '爸爸很喜歡，冷藏配送超新鮮，值得等待！', '2022-01-26', NULL, NULL),
(1188, 0, 41, 60, 4, '口味超讚，包裝完整且仔細，還行吧', '2022-10-11', NULL, NULL),
(1189, 0, 20, 60, 3, '買點好東西寄回老家孝敬父母，出貨迅速，包裝完善，有機會還是會再繼續回購的', '2022-12-17', NULL, NULL),
(1190, 0, 5, 60, 4, '微酸但很好喝，出貨速度快，物超所值，很滿足', '2023-01-17', NULL, NULL),
(1191, 0, 1, 60, 3, 'CP值很高，宅配到家的服務方便，值得長期購買', '2022-01-17', NULL, NULL),
(1192, 0, 78, 60, 3, '甜到糖尿病，送貨包裝非常完整，已回購數次', '2022-08-18', NULL, NULL),
(1193, 0, 21, 60, 3, '甜到糖尿病，宅配到家的服務方便，非常值得推薦', '2022-11-13', NULL, NULL),
(1194, 0, 73, 60, 4, '商品品質超優，包裝保護很完整，好吃會一直回購', '2022-08-01', NULL, NULL),
(1195, 0, 69, 60, 4, '買點好東西寄回老家孝敬父母，包裝完整且仔細，期待開吃', '2022-02-12', NULL, NULL),
(1196, 0, 88, 60, 4, '價格優惠，包裝呵護食品包裝良好，推推推！', '2023-01-15', NULL, NULL),
(1197, 0, 35, 60, 3, '口味還行，價格很便宜，非常值得推薦', '2022-01-06', NULL, NULL),
(1198, 0, 31, 60, 4, '買點好東西寄回老家孝敬父母，包裝保護很完整，吃一口就想回購', '2022-09-22', NULL, NULL),
(1199, 0, 42, 60, 4, '微酸但很好喝，包裝完整，品項齊全，推推推！', '2022-11-27', NULL, NULL),
(1200, 0, 54, 60, 3, '皮較粗糙一點，包裝完整仔細，值得等待！', '2022-10-16', NULL, NULL),
(1201, 0, 23, 61, 3, '真是太滿意了，出貨迅速，包裝完善，很滿足', '2022-07-10', NULL, NULL),
(1202, 0, 27, 61, 4, '口味還行，包裝完整仔細，推推推！', '2022-03-17', NULL, NULL),
(1203, 0, 97, 61, 3, 'CP值很高，送貨包裝非常完整，值得購買', '2022-07-05', NULL, NULL),
(1204, 0, 23, 61, 3, '口感真的不錯，很好吃，出貨非快速，還行吧', '2022-08-11', NULL, NULL),
(1205, 0, 72, 61, 3, '微酸但很好喝，送貨包裝非常完整，值得等待！', '2022-12-25', NULL, NULL),
(1206, 0, 60, 61, 4, '超級順口好喝，包裝完整服務也很好，價位可以接受', '2022-03-13', NULL, NULL),
(1207, 0, 63, 61, 4, '媽媽很滿意，包裝完整，品項齊全，值得購買', '2023-02-24', NULL, NULL),
(1208, 0, 23, 61, 4, '烤麵包已經不能沒有他，出貨速度快，物超所值，吃一口就想回購', '2022-02-06', NULL, NULL),
(1209, 0, 57, 61, 5, '口味超讚，送貨包裝非常完整，吃一口就想回購', '2023-02-10', NULL, NULL),
(1210, 0, 78, 61, 5, '爸爸很喜歡，出貨迅速，包裝完善，值得購買', '2022-04-14', NULL, NULL),
(1211, 0, 60, 61, 3, '烤麵包已經不能沒有他，包裝完整，品項齊全，絕對值得再次回購', '2022-05-24', NULL, NULL),
(1212, 0, 20, 61, 5, '品質很優服務很讚，包裝完整且仔細，期待開吃', '2022-09-01', NULL, NULL),
(1213, 0, 67, 61, 4, '沒有很甜但也還行，出貨迅速，包裝完善，有需要會再回購', '2022-10-27', NULL, NULL),
(1214, 0, 39, 61, 3, '爸爸很喜歡，包裝完整服務也很好，會再來買', '2022-09-21', NULL, NULL),
(1215, 0, 23, 61, 3, '媽媽很滿意，送貨很快速，絕對值得再次回購', '2022-10-06', NULL, NULL),
(1216, 0, 37, 61, 5, 'CP值很高，包裝完整仔細，會再來買', '2022-04-02', NULL, NULL),
(1217, 0, 20, 61, 4, '略酸，但口感不錯，包裝保護很完整，價位可以接受', '2022-12-07', NULL, NULL),
(1218, 0, 60, 61, 3, '很讚很好吃，包裝完整服務也很好，會再來買', '2023-01-06', NULL, NULL),
(1219, 0, 21, 61, 4, '小朋友都很喜歡，包裝完整服務也很好，價位可以接受', '2023-02-14', NULL, NULL),
(1220, 0, 38, 61, 3, '超讚的零嘴，宅配到家的服務方便，已回購數次', '2022-07-23', NULL, NULL),
(1221, 0, 69, 62, 3, '媽媽很滿意，包裝呵護食品包裝良好，期待開吃', '2022-02-21', NULL, NULL),
(1222, 0, 23, 62, 4, '真是太滿意了，宅配到家的服務方便，值得等待！', '2022-06-22', NULL, NULL),
(1223, 0, 64, 62, 4, '沒有很甜但也還行，出貨迅速，包裝完善，有需要會再回購', '2022-08-13', NULL, NULL),
(1224, 0, 33, 62, 3, '真是太滿意了，包裝完整，品項齊全，還行吧', '2022-10-18', NULL, NULL),
(1225, 0, 9, 62, 3, '超級好吃的啦，包裝保護很完整，值得購買', '2022-07-29', NULL, NULL),
(1226, 0, 87, 62, 5, '超讚的零嘴，宅配到家的服務方便，很滿足', '2022-04-08', NULL, NULL),
(1227, 0, 3, 62, 3, '皮較粗糙一點，沒有任何受損，不錯不錯，期待開吃', '2022-07-27', NULL, NULL),
(1228, 0, 74, 62, 3, '皮較粗糙一點，出貨迅速，包裝完善，期待開吃', '2023-02-23', NULL, NULL),
(1229, 0, 20, 62, 5, '口感真的不錯，很好吃，出貨迅速，包裝完善，吃一口就想回購', '2023-02-06', NULL, NULL),
(1230, 0, 28, 62, 4, '普普通通，包裝完整，品項齊全，果然沒讓我失望', '2022-09-26', NULL, NULL),
(1231, 0, 32, 62, 5, '超級好吃的啦，冷藏配送超新鮮，絕對值得再次回購', '2022-12-04', NULL, NULL),
(1232, 0, 10, 62, 3, '皮較粗糙一點，包裝保護很完整，果然沒讓我失望', '2022-06-23', NULL, NULL),
(1233, 0, 58, 62, 5, '超級好吃的啦，包裝完整且仔細，果然沒讓我失望', '2022-04-05', NULL, NULL),
(1234, 0, 4, 62, 3, '很讚很好吃，出貨非快速，價位可以接受', '2022-06-02', NULL, NULL),
(1235, 0, 55, 62, 3, '超讚的零嘴，包裝呵護食品包裝良好，會再來買', '2022-07-19', NULL, NULL),
(1236, 0, 77, 62, 4, '還吃得到水果原味超讚的，包裝完整服務也很好，果然沒讓我失望', '2022-09-24', NULL, NULL),
(1237, 0, 97, 62, 4, '配飯吃超讚，冷藏配送超新鮮，已回購數次', '2023-01-16', NULL, NULL),
(1238, 0, 59, 62, 4, '口味超讚，價格很便宜，已回購數次', '2022-01-07', NULL, NULL),
(1239, 0, 72, 62, 4, '媽媽很滿意，包裝呵護食品包裝良好，好吃會一直回購', '2023-02-13', NULL, NULL),
(1240, 0, 100, 62, 3, '普普通通，送貨很快速，非常值得推薦', '2022-05-23', NULL, NULL),
(1241, 0, 27, 63, 3, '小朋友都很喜歡，沒有任何受損，不錯不錯，期待開吃', '2022-09-13', NULL, NULL),
(1242, 0, 52, 63, 4, '超級好吃的啦，包裝完整服務也很好，會再來買', '2022-11-03', NULL, NULL),
(1243, 0, 35, 63, 4, '烤麵包已經不能沒有他，包裝呵護食品包裝良好，好吃會一直回購', '2023-02-07', NULL, NULL),
(1244, 0, 25, 63, 5, '商品品質超優，送貨包裝非常完整，好吃會一直回購', '2022-11-18', NULL, NULL),
(1245, 0, 1, 63, 4, '爸爸很喜歡，包裝保護很完整，價位可以接受', '2022-07-05', NULL, NULL),
(1246, 0, 71, 63, 3, '超讚的零嘴，沒有任何受損，不錯不錯，會再來買', '2022-03-13', NULL, NULL),
(1247, 0, 36, 63, 4, '口味超讚，出貨迅速，包裝完善，很滿足', '2023-01-12', NULL, NULL),
(1248, 0, 57, 63, 3, 'CP值及服務品質一級棒，出貨速度快，物超所值，已回購數次', '2022-09-25', NULL, NULL),
(1249, 0, 35, 63, 3, '商品品質超優，出貨速度快，物超所值，非常值得推薦', '2022-10-07', NULL, NULL),
(1250, 0, 78, 63, 4, '很適合當下酒菜，包裝完整仔細，值得長期購買', '2022-08-28', NULL, NULL),
(1251, 0, 100, 63, 3, '媽媽很滿意，冷藏配送超新鮮，推推推！', '2022-08-14', NULL, NULL),
(1252, 0, 82, 63, 4, '小朋友都很喜歡，宅配到家的服務方便，有需要會再回購', '2023-01-20', NULL, NULL),
(1253, 0, 88, 63, 5, '沒有很甜但也還行，包裝完整仔細，會再來買', '2022-03-31', NULL, NULL),
(1254, 0, 2, 63, 5, '配飯吃超讚，宅配到家的服務方便，吃一口就想回購', '2022-10-25', NULL, NULL),
(1255, 0, 38, 63, 5, '很讚很好吃，價格很便宜，很滿足', '2022-10-08', NULL, NULL),
(1256, 0, 20, 63, 3, '超級順口好喝，宅配到家的服務方便，值得購買', '2022-05-07', NULL, NULL),
(1257, 0, 41, 63, 5, '口感真的不錯，很好吃，冷藏配送超新鮮，會再來買', '2022-07-16', NULL, NULL),
(1258, 0, 40, 63, 3, '超讚的零嘴，沒有任何受損，不錯不錯，好吃會一直回購', '2022-01-25', NULL, NULL),
(1259, 0, 48, 63, 5, '口感真的不錯，很好吃，包裝保護很完整，好吃會一直回購', '2022-03-14', NULL, NULL),
(1260, 0, 28, 63, 5, '略酸，但口感不錯，包裝完整服務也很好，非常值得推薦', '2022-01-14', NULL, NULL),
(1261, 0, 96, 64, 3, '真是太滿意了，出貨速度快，物超所值，有需要會再回購', '2022-01-25', NULL, NULL),
(1262, 0, 35, 64, 5, '很適合當下酒菜，包裝呵護食品包裝良好，有需要會再回購', '2022-10-13', NULL, NULL),
(1263, 0, 62, 64, 3, '商品品質超優，宅配到家的服務方便，有機會還是會再繼續回購的', '2022-03-06', NULL, NULL),
(1264, 0, 15, 64, 5, '口味還行，出貨速度快，物超所值，吃一口就想回購', '2022-01-23', NULL, NULL),
(1265, 0, 21, 64, 4, '皮較粗糙一點，冷藏配送超新鮮，吃一口就想回購', '2022-09-23', NULL, NULL),
(1266, 0, 30, 64, 5, '真是太滿意了，包裝呵護食品包裝良好，值得等待！', '2022-08-23', NULL, NULL),
(1267, 0, 50, 64, 5, '超級順口好喝，送貨包裝非常完整，還行吧', '2022-04-02', NULL, NULL),
(1268, 0, 89, 64, 5, '甜到糖尿病，宅配到家的服務方便，期待開吃', '2022-01-13', NULL, NULL),
(1269, 0, 71, 64, 3, '普普通通，包裝呵護食品包裝良好，好吃會一直回購', '2022-10-02', NULL, NULL),
(1270, 0, 77, 64, 3, '口味還行，出貨速度快，物超所值，有需要會再回購', '2022-03-03', NULL, NULL),
(1271, 0, 15, 64, 5, '商品品質超優，宅配到家的服務方便，推推推！', '2022-01-14', NULL, NULL),
(1272, 0, 47, 64, 4, '微酸但很好喝，沒有任何受損，不錯不錯，已回購數次', '2022-12-24', NULL, NULL),
(1273, 0, 10, 64, 5, '買點好東西寄回老家孝敬父母，宅配到家的服務方便，吃一口就想回購', '2022-05-12', NULL, NULL),
(1274, 0, 21, 64, 4, '還吃得到水果原味超讚的，沒有任何受損，不錯不錯，值得長期購買', '2023-01-25', NULL, NULL),
(1275, 0, 8, 64, 4, '烤麵包已經不能沒有他，包裝保護很完整，還行吧', '2023-01-30', NULL, NULL),
(1276, 0, 59, 64, 4, '普普通通，沒有任何受損，不錯不錯，會再來買', '2022-05-09', NULL, NULL),
(1277, 0, 100, 64, 3, '略酸，但口感不錯，包裝完整且仔細，有需要會再回購', '2022-12-26', NULL, NULL),
(1278, 0, 57, 64, 5, '口味超讚，包裝完整，品項齊全，吃一口就想回購', '2022-08-05', NULL, NULL),
(1279, 0, 63, 64, 4, '超級順口好喝，冷藏配送超新鮮，吃一口就想回購', '2022-08-30', NULL, NULL),
(1280, 0, 40, 64, 4, '略酸，但口感不錯，出貨迅速，包裝完善，價位可以接受', '2022-07-07', NULL, NULL),
(1281, 0, 66, 65, 4, '超讚的零嘴，包裝完整，品項齊全，好吃會一直回購', '2022-08-02', NULL, NULL),
(1282, 0, 43, 65, 5, '沒有很甜但也還行，包裝完整且仔細，有機會還是會再繼續回購的', '2022-10-23', NULL, NULL),
(1283, 0, 19, 65, 4, 'CP值很高，沒有任何受損，不錯不錯，有機會還是會再繼續回購的', '2022-10-15', NULL, NULL),
(1284, 0, 55, 65, 4, '很讚很好吃，包裝完整，品項齊全，很滿足', '2022-03-29', NULL, NULL),
(1285, 0, 32, 65, 5, '小朋友都很喜歡，出貨速度快，物超所值，果然沒讓我失望', '2022-06-10', NULL, NULL),
(1286, 0, 70, 65, 4, '微酸但很好喝，包裝完整且仔細，吃一口就想回購', '2022-04-28', NULL, NULL),
(1287, 0, 56, 65, 5, 'CP值很高，包裝呵護食品包裝良好，有機會還是會再繼續回購的', '2022-10-18', NULL, NULL),
(1288, 0, 61, 65, 4, '爸爸很喜歡，出貨速度快，物超所值，期待開吃', '2022-05-22', NULL, NULL),
(1289, 0, 24, 65, 5, '配飯吃超讚，包裝完整，品項齊全，推推推！', '2022-05-16', NULL, NULL),
(1290, 0, 23, 65, 3, '皮較粗糙一點，包裝完整仔細，非常值得推薦', '2022-05-09', NULL, NULL),
(1291, 0, 20, 65, 3, '買點好東西寄回老家孝敬父母，送貨很快速，有需要會再回購', '2022-09-05', NULL, NULL),
(1292, 0, 92, 65, 3, '超級好吃的啦，包裝完整仔細，果然沒讓我失望', '2023-01-16', NULL, NULL),
(1293, 0, 17, 65, 4, '普普通通，包裝完整且仔細，絕對值得再次回購', '2022-01-26', NULL, NULL),
(1294, 0, 57, 65, 4, '口味超讚，宅配到家的服務方便，已回購數次', '2022-03-23', NULL, NULL),
(1295, 0, 92, 65, 3, '甜到糖尿病，送貨很快速，非常值得推薦', '2022-09-02', NULL, NULL),
(1296, 0, 99, 65, 5, '真是太滿意了，包裝完整仔細，已回購數次', '2022-04-21', NULL, NULL),
(1297, 0, 17, 65, 5, 'CP值及服務品質一級棒，包裝完整服務也很好，推推推！', '2022-06-17', NULL, NULL),
(1298, 0, 42, 65, 3, '皮較粗糙一點，包裝保護很完整，很滿足', '2022-09-04', NULL, NULL),
(1299, 0, 45, 65, 4, '略酸，但口感不錯，包裝保護很完整，有需要會再回購', '2022-09-18', NULL, NULL),
(1300, 0, 19, 65, 5, '商品品質超優，出貨迅速，包裝完善，有機會還是會再繼續回購的', '2022-06-28', NULL, NULL),
(1301, 0, 67, 66, 4, '很適合當下酒菜，沒有任何受損，不錯不錯，有需要會再回購', '2022-12-01', NULL, NULL),
(1302, 0, 100, 66, 5, '爸爸很喜歡，送貨很快速，非常值得推薦', '2023-01-22', NULL, NULL),
(1303, 0, 66, 66, 3, 'CP值及服務品質一級棒，包裝呵護食品包裝良好，值得長期購買', '2022-04-11', NULL, NULL),
(1304, 0, 99, 66, 3, '很讚很好吃，沒有任何受損，不錯不錯，期待開吃', '2022-01-06', NULL, NULL),
(1305, 0, 52, 66, 5, 'CP值很高，包裝呵護食品包裝良好，價位可以接受', '2022-07-20', NULL, NULL),
(1306, 0, 90, 66, 4, '微酸但很好喝，宅配到家的服務方便，有需要會再回購', '2022-03-30', NULL, NULL),
(1307, 0, 17, 66, 4, 'CP值很高，沒有任何受損，不錯不錯，非常值得推薦', '2023-02-20', NULL, NULL),
(1308, 0, 43, 66, 3, '微酸但很好喝，包裝保護很完整，值得購買', '2022-03-24', NULL, NULL),
(1309, 0, 70, 66, 5, '還吃得到水果原味超讚的，包裝完整服務也很好，期待開吃', '2022-04-14', NULL, NULL),
(1310, 0, 46, 66, 3, '超級好吃的啦，出貨速度快，物超所值，已回購數次', '2022-03-02', NULL, NULL),
(1311, 0, 99, 66, 3, '超級好吃的啦，出貨非快速，果然沒讓我失望', '2022-12-14', NULL, NULL),
(1312, 0, 96, 66, 5, '爸爸很喜歡，出貨迅速，包裝完善，絕對值得再次回購', '2023-01-16', NULL, NULL),
(1313, 0, 27, 66, 4, '甜到糖尿病，包裝完整，品項齊全，非常值得推薦', '2022-08-14', NULL, NULL),
(1314, 0, 22, 66, 4, '配飯吃超讚，出貨速度快，物超所值，還行吧', '2022-09-30', NULL, NULL),
(1315, 0, 54, 66, 4, '口味超讚，送貨很快速，非常值得推薦', '2022-04-09', NULL, NULL),
(1316, 0, 5, 66, 3, '略酸，但口感不錯，宅配到家的服務方便，值得等待！', '2022-01-09', NULL, NULL),
(1317, 0, 71, 66, 3, '買點好東西寄回老家孝敬父母，送貨很快速，值得購買', '2022-05-02', NULL, NULL),
(1318, 0, 1, 66, 4, '超級順口好喝，包裝完整仔細，會再來買', '2022-06-03', NULL, NULL),
(1319, 0, 33, 66, 5, '媽媽很滿意，冷藏配送超新鮮，果然沒讓我失望', '2022-06-28', NULL, NULL),
(1320, 0, 26, 66, 4, '甜到糖尿病，出貨速度快，物超所值，有機會還是會再繼續回購的', '2022-07-13', NULL, NULL),
(1321, 0, 3, 67, 4, '媽媽很滿意，包裝完整且仔細，值得等待！', '2022-05-27', NULL, NULL),
(1322, 0, 99, 67, 3, '商品品質超優，價格很便宜，吃一口就想回購', '2022-07-05', NULL, NULL),
(1323, 0, 79, 67, 5, '烤麵包已經不能沒有他，出貨速度快，物超所值，很滿足', '2022-05-27', NULL, NULL),
(1324, 0, 46, 67, 4, '口味還行，包裝完整且仔細，絕對值得再次回購', '2022-05-14', NULL, NULL),
(1325, 0, 71, 67, 5, '真是太滿意了，價格很便宜，值得購買', '2022-04-09', NULL, NULL),
(1326, 0, 74, 67, 4, '爸爸很喜歡，冷藏配送超新鮮，吃一口就想回購', '2023-02-03', NULL, NULL),
(1327, 0, 63, 67, 4, '超級好吃的啦，出貨迅速，包裝完善，有機會還是會再繼續回購的', '2022-08-06', NULL, NULL),
(1328, 0, 66, 67, 3, '皮較粗糙一點，價格很便宜，值得購買', '2022-07-04', NULL, NULL),
(1329, 0, 26, 67, 3, '小朋友都很喜歡，價格很便宜，絕對值得再次回購', '2022-10-07', NULL, NULL),
(1330, 0, 65, 67, 5, '沒有很甜但也還行，送貨很快速，非常值得推薦', '2022-08-26', NULL, NULL),
(1331, 0, 93, 67, 4, '媽媽很滿意，沒有任何受損，不錯不錯，價位可以接受', '2022-07-01', NULL, NULL),
(1332, 0, 14, 67, 3, '超級順口好喝，包裝呵護食品包裝良好，有需要會再回購', '2022-08-16', NULL, NULL),
(1333, 0, 38, 67, 5, '皮較粗糙一點，包裝完整且仔細，已回購數次', '2022-06-08', NULL, NULL),
(1334, 0, 97, 67, 3, '很讚很好吃，冷藏配送超新鮮，絕對值得再次回購', '2022-08-01', NULL, NULL),
(1335, 0, 32, 67, 5, '小朋友都很喜歡，出貨速度快，物超所值，會再來買', '2022-10-01', NULL, NULL),
(1336, 0, 34, 67, 4, '超級好吃的啦，冷藏配送超新鮮，值得長期購買', '2022-04-12', NULL, NULL),
(1337, 0, 88, 67, 4, '超級順口好喝，送貨很快速，有需要會再回購', '2022-08-14', NULL, NULL),
(1338, 0, 89, 67, 3, '口感真的不錯，很好吃，價格很便宜，絕對值得再次回購', '2022-01-12', NULL, NULL),
(1339, 0, 41, 67, 5, '沒有很甜但也還行，出貨迅速，包裝完善，有機會還是會再繼續回購的', '2022-11-29', NULL, NULL),
(1340, 0, 6, 67, 5, '皮較粗糙一點，價格很便宜，值得購買', '2022-10-06', NULL, NULL),
(1341, 0, 30, 68, 4, 'CP值及服務品質一級棒，出貨迅速，包裝完善，好吃會一直回購', '2022-02-25', NULL, NULL),
(1342, 0, 40, 68, 5, '烤麵包已經不能沒有他，包裝保護很完整，值得購買', '2022-10-24', NULL, NULL),
(1343, 0, 42, 68, 4, '配飯吃超讚，包裝呵護食品包裝良好，非常值得推薦', '2022-07-21', NULL, NULL),
(1344, 0, 6, 68, 3, '品質很優服務很讚，送貨很快速，好吃會一直回購', '2022-12-09', NULL, NULL),
(1345, 0, 55, 68, 4, '超級好吃的啦，冷藏配送超新鮮，果然沒讓我失望', '2022-01-10', NULL, NULL),
(1346, 0, 23, 68, 3, '小朋友都很喜歡，包裝完整服務也很好，絕對值得再次回購', '2022-01-16', NULL, NULL),
(1347, 0, 4, 68, 5, '還吃得到水果原味超讚的，送貨很快速，已回購數次', '2022-03-19', NULL, NULL),
(1348, 0, 56, 68, 5, '很讚很好吃，包裝呵護食品包裝良好，值得長期購買', '2022-05-22', NULL, NULL),
(1349, 0, 95, 68, 4, '很適合當下酒菜，出貨速度快，物超所值，有機會還是會再繼續回購的', '2022-09-14', NULL, NULL),
(1350, 0, 98, 68, 3, '微酸但很好喝，包裝保護很完整，非常值得推薦', '2022-08-09', NULL, NULL),
(1351, 0, 39, 68, 5, '超級順口好喝，出貨非快速，有機會還是會再繼續回購的', '2022-01-25', NULL, NULL),
(1352, 0, 12, 68, 5, '超級好吃的啦，送貨很快速，有需要會再回購', '2022-12-28', NULL, NULL),
(1353, 0, 85, 68, 5, '還吃得到水果原味超讚的，出貨迅速，包裝完善，會再來買', '2022-11-07', NULL, NULL),
(1354, 0, 76, 68, 4, '小朋友都很喜歡，送貨包裝非常完整，有機會還是會再繼續回購的', '2022-10-17', NULL, NULL),
(1355, 0, 64, 68, 5, '口感真的不錯，很好吃，冷藏配送超新鮮，好吃會一直回購', '2022-09-14', NULL, NULL),
(1356, 0, 44, 68, 4, '超級順口好喝，出貨非快速，值得等待！', '2022-11-26', NULL, NULL),
(1357, 0, 81, 68, 3, '很適合當下酒菜，送貨包裝非常完整，已回購數次', '2022-07-29', NULL, NULL),
(1358, 0, 15, 68, 4, 'CP值及服務品質一級棒，出貨迅速，包裝完善，絕對值得再次回購', '2022-11-25', NULL, NULL),
(1359, 0, 77, 68, 4, '價格優惠，送貨包裝非常完整，值得長期購買', '2022-07-23', NULL, NULL),
(1360, 0, 91, 68, 4, '很適合當下酒菜，包裝保護很完整，好吃會一直回購', '2023-01-06', NULL, NULL),
(1361, 0, 10, 69, 4, '很適合當下酒菜，價格很便宜，很滿足', '2022-03-29', NULL, NULL),
(1362, 0, 91, 69, 3, '方便又好吃，出貨迅速，包裝完善，有需要會再回購', '2022-08-28', NULL, NULL),
(1363, 0, 25, 69, 4, '買點好東西寄回老家孝敬父母，送貨很快速，已回購數次', '2022-04-07', NULL, NULL),
(1364, 0, 8, 69, 5, 'CP值很高，冷藏配送超新鮮，已回購數次', '2022-06-12', NULL, NULL),
(1365, 0, 8, 69, 3, '爸爸很喜歡，包裝保護很完整，吃一口就想回購', '2022-06-01', NULL, NULL),
(1366, 0, 65, 69, 5, '口味還行，包裝完整服務也很好，好吃會一直回購', '2023-01-23', NULL, NULL),
(1367, 0, 83, 69, 3, '還吃得到水果原味超讚的，送貨包裝非常完整，價位可以接受', '2023-02-22', NULL, NULL),
(1368, 0, 54, 69, 5, '價格優惠，冷藏配送超新鮮，還行吧', '2022-10-12', NULL, NULL),
(1369, 0, 21, 69, 4, '買點好東西寄回老家孝敬父母，包裝完整且仔細，期待開吃', '2022-11-01', NULL, NULL),
(1370, 0, 21, 69, 4, '超級好吃的啦，包裝完整，品項齊全，有需要會再回購', '2022-01-01', NULL, NULL),
(1371, 0, 10, 69, 3, '很讚很好吃，出貨速度快，物超所值，果然沒讓我失望', '2022-01-05', NULL, NULL),
(1372, 0, 63, 69, 5, '爸爸很喜歡，出貨非快速，會再來買', '2022-04-06', NULL, NULL),
(1373, 0, 45, 69, 3, '超級好吃的啦，送貨包裝非常完整，非常值得推薦', '2023-01-02', NULL, NULL),
(1374, 0, 61, 69, 5, '品質很優服務很讚，出貨迅速，包裝完善，果然沒讓我失望', '2022-07-14', NULL, NULL),
(1375, 0, 34, 69, 5, '買點好東西寄回老家孝敬父母，包裝呵護食品包裝良好，會再來買', '2022-05-20', NULL, NULL),
(1376, 0, 52, 69, 3, '很適合當下酒菜，包裝完整仔細，還行吧', '2022-02-14', NULL, NULL),
(1377, 0, 10, 69, 4, '品質很優服務很讚，價格很便宜，吃一口就想回購', '2022-08-30', NULL, NULL),
(1378, 0, 22, 69, 5, '口味超讚，沒有任何受損，不錯不錯，價位可以接受', '2022-04-23', NULL, NULL),
(1379, 0, 87, 69, 5, '沒有很甜但也還行，出貨非快速，非常值得推薦', '2022-06-13', NULL, NULL);
INSERT INTO `comment_product` (`sid`, `order_product_details_sid`, `member_sid`, `product_sid`, `comment_value`, `comment_content`, `comment_publish_date`, `comment_re`, `comment_update_date`) VALUES
(1380, 0, 74, 69, 4, '品質很優服務很讚，冷藏配送超新鮮，已回購數次', '2022-06-17', NULL, NULL),
(1381, 0, 76, 70, 4, '皮較粗糙一點，冷藏配送超新鮮，吃一口就想回購', '2022-02-14', NULL, NULL),
(1382, 0, 59, 70, 3, '價格優惠，出貨非快速，吃一口就想回購', '2022-12-16', NULL, NULL),
(1383, 0, 59, 70, 4, '口味超讚，宅配到家的服務方便，果然沒讓我失望', '2022-02-26', NULL, NULL),
(1384, 0, 82, 70, 5, '烤麵包已經不能沒有他，價格很便宜，期待開吃', '2022-03-12', NULL, NULL),
(1385, 0, 99, 70, 5, '商品品質超優，送貨很快速，很滿足', '2022-02-14', NULL, NULL),
(1386, 0, 79, 70, 4, '真是太滿意了，出貨速度快，物超所值，值得購買', '2022-09-09', NULL, NULL),
(1387, 0, 35, 70, 5, '微酸但很好喝，宅配到家的服務方便，有需要會再回購', '2022-01-05', NULL, NULL),
(1388, 0, 82, 70, 4, '口味還行，送貨很快速，值得長期購買', '2022-08-27', NULL, NULL),
(1389, 0, 26, 70, 3, 'CP值很高，包裝完整服務也很好，期待開吃', '2022-05-22', NULL, NULL),
(1390, 0, 77, 70, 3, 'CP值及服務品質一級棒，送貨很快速，值得長期購買', '2022-02-09', NULL, NULL),
(1391, 0, 90, 70, 5, '口感真的不錯，很好吃，出貨迅速，包裝完善，會再來買', '2022-10-14', NULL, NULL),
(1392, 0, 15, 70, 3, '口感真的不錯，很好吃，送貨很快速，已回購數次', '2022-01-29', NULL, NULL),
(1393, 0, 64, 70, 3, '超讚的零嘴，包裝保護很完整，值得購買', '2023-01-13', NULL, NULL),
(1394, 0, 69, 70, 4, '方便又好吃，送貨很快速，價位可以接受', '2022-03-08', NULL, NULL),
(1395, 0, 75, 70, 3, '烤麵包已經不能沒有他，出貨迅速，包裝完善，值得購買', '2022-12-12', NULL, NULL),
(1396, 0, 98, 70, 3, '超級好吃的啦，包裝完整服務也很好，吃一口就想回購', '2022-12-13', NULL, NULL),
(1397, 0, 75, 70, 3, '超級好吃的啦，送貨包裝非常完整，價位可以接受', '2023-01-09', NULL, NULL),
(1398, 0, 100, 70, 3, 'CP值很高，包裝完整且仔細，會再來買', '2022-10-13', NULL, NULL),
(1399, 0, 58, 70, 4, '普普通通，包裝完整且仔細，很滿足', '2022-09-27', NULL, NULL),
(1400, 0, 78, 70, 4, '烤麵包已經不能沒有他，包裝呵護食品包裝良好，推推推！', '2022-10-07', NULL, NULL),
(1401, 0, 74, 71, 3, '沒有很甜但也還行，冷藏配送超新鮮，好吃會一直回購', '2022-05-23', NULL, NULL),
(1402, 0, 73, 71, 3, '還吃得到水果原味超讚的，出貨速度快，物超所值，絕對值得再次回購', '2023-02-12', NULL, NULL),
(1403, 0, 93, 71, 3, '超級好吃的啦，送貨包裝非常完整，有需要會再回購', '2022-10-08', NULL, NULL),
(1404, 0, 93, 71, 5, '爸爸很喜歡，冷藏配送超新鮮，很滿足', '2022-04-29', NULL, NULL),
(1405, 0, 5, 71, 4, '方便又好吃，包裝保護很完整，值得長期購買', '2022-05-16', NULL, NULL),
(1406, 0, 43, 71, 3, '口味還行，送貨包裝非常完整，價位可以接受', '2022-11-20', NULL, NULL),
(1407, 0, 34, 71, 5, '配飯吃超讚，送貨很快速，非常值得推薦', '2022-04-04', NULL, NULL),
(1408, 0, 26, 71, 3, '品質很優服務很讚，出貨非快速，好吃會一直回購', '2022-02-18', NULL, NULL),
(1409, 0, 18, 71, 4, '很讚很好吃，價格很便宜，會再來買', '2022-03-11', NULL, NULL),
(1410, 0, 55, 71, 5, '微酸但很好喝，出貨迅速，包裝完善，有需要會再回購', '2022-11-17', NULL, NULL),
(1411, 0, 21, 71, 3, '配飯吃超讚，宅配到家的服務方便，很滿足', '2022-12-13', NULL, NULL),
(1412, 0, 46, 71, 5, '超讚的零嘴，送貨很快速，有需要會再回購', '2022-07-11', NULL, NULL),
(1413, 0, 85, 71, 5, '超讚的零嘴，送貨包裝非常完整，還行吧', '2022-05-03', NULL, NULL),
(1414, 0, 46, 71, 5, '爸爸很喜歡，送貨很快速，吃一口就想回購', '2022-11-30', NULL, NULL),
(1415, 0, 68, 71, 5, '小朋友都很喜歡，冷藏配送超新鮮，推推推！', '2022-07-24', NULL, NULL),
(1416, 0, 19, 71, 4, '口感真的不錯，很好吃，包裝完整仔細，值得長期購買', '2023-02-09', NULL, NULL),
(1417, 0, 35, 71, 5, '超讚的零嘴，包裝呵護食品包裝良好，非常值得推薦', '2022-03-09', NULL, NULL),
(1418, 0, 65, 71, 5, '略酸，但口感不錯，價格很便宜，有機會還是會再繼續回購的', '2022-03-20', NULL, NULL),
(1419, 0, 55, 71, 4, '略酸，但口感不錯，包裝完整且仔細，很滿足', '2022-07-03', NULL, NULL),
(1420, 0, 50, 71, 5, '方便又好吃，送貨包裝非常完整，好吃會一直回購', '2022-06-28', NULL, NULL),
(1421, 0, 71, 72, 5, '略酸，但口感不錯，宅配到家的服務方便，值得等待！', '2022-08-07', NULL, NULL),
(1422, 0, 22, 72, 4, '買點好東西寄回老家孝敬父母，宅配到家的服務方便，好吃會一直回購', '2023-01-21', NULL, NULL),
(1423, 0, 69, 72, 4, '超級好吃的啦，送貨包裝非常完整，值得長期購買', '2022-10-14', NULL, NULL),
(1424, 0, 55, 72, 3, '方便又好吃，送貨很快速，價位可以接受', '2022-01-13', NULL, NULL),
(1425, 0, 92, 72, 4, '小朋友都很喜歡，冷藏配送超新鮮，會再來買', '2023-02-08', NULL, NULL),
(1426, 0, 57, 72, 5, '普普通通，出貨非快速，好吃會一直回購', '2022-07-13', NULL, NULL),
(1427, 0, 40, 72, 4, '烤麵包已經不能沒有他，送貨包裝非常完整，有需要會再回購', '2022-08-15', NULL, NULL),
(1428, 0, 8, 72, 3, '沒有很甜但也還行，出貨非快速，會再來買', '2023-01-16', NULL, NULL),
(1429, 0, 71, 72, 5, '超讚的零嘴，價格很便宜，吃一口就想回購', '2022-09-20', NULL, NULL),
(1430, 0, 88, 72, 5, '還吃得到水果原味超讚的，冷藏配送超新鮮，果然沒讓我失望', '2023-01-14', NULL, NULL),
(1431, 0, 14, 72, 4, '商品品質超優，出貨迅速，包裝完善，值得等待！', '2022-05-09', NULL, NULL),
(1432, 0, 53, 72, 3, 'CP值很高，包裝呵護食品包裝良好，值得購買', '2022-07-10', NULL, NULL),
(1433, 0, 54, 72, 5, '微酸但很好喝，冷藏配送超新鮮，非常值得推薦', '2022-06-22', NULL, NULL),
(1434, 0, 60, 72, 3, '商品品質超優，包裝完整仔細，有需要會再回購', '2022-02-27', NULL, NULL),
(1435, 0, 74, 72, 5, '沒有很甜但也還行，包裝完整，品項齊全，期待開吃', '2022-03-28', NULL, NULL),
(1436, 0, 69, 72, 4, '很讚很好吃，包裝完整服務也很好，值得購買', '2022-07-08', NULL, NULL),
(1437, 0, 23, 72, 3, '爸爸很喜歡，出貨速度快，物超所值，價位可以接受', '2022-05-20', NULL, NULL),
(1438, 0, 18, 72, 5, 'CP值很高，包裝保護很完整，值得長期購買', '2022-10-26', NULL, NULL),
(1439, 0, 54, 72, 3, '口味超讚，冷藏配送超新鮮，還行吧', '2022-12-18', NULL, NULL),
(1440, 0, 28, 72, 5, '價格優惠，包裝完整且仔細，會再來買', '2022-02-25', NULL, NULL),
(1441, 0, 38, 73, 3, '品質很優服務很讚，包裝呵護食品包裝良好，期待開吃', '2022-05-05', NULL, NULL),
(1442, 0, 15, 73, 5, '口味超讚，沒有任何受損，不錯不錯，很滿足', '2022-12-03', NULL, NULL),
(1443, 0, 12, 73, 5, '口味超讚，包裝保護很完整，還行吧', '2022-10-08', NULL, NULL),
(1444, 0, 39, 73, 3, '超級好吃的啦，包裝完整服務也很好，非常值得推薦', '2022-12-29', NULL, NULL),
(1445, 0, 15, 73, 3, '烤麵包已經不能沒有他，沒有任何受損，不錯不錯，有機會還是會再繼續回購的', '2022-09-23', NULL, NULL),
(1446, 0, 59, 73, 5, '略酸，但口感不錯，價格很便宜，值得購買', '2022-06-24', NULL, NULL),
(1447, 0, 22, 73, 4, '皮較粗糙一點，包裝完整且仔細，值得購買', '2022-06-28', NULL, NULL),
(1448, 0, 31, 73, 3, '品質很優服務很讚，包裝完整仔細，會再來買', '2022-07-19', NULL, NULL),
(1449, 0, 54, 73, 5, '略酸，但口感不錯，出貨速度快，物超所值，值得購買', '2023-02-26', NULL, NULL),
(1450, 0, 67, 73, 3, '甜到糖尿病，包裝完整且仔細，好吃會一直回購', '2022-11-07', NULL, NULL),
(1451, 0, 76, 73, 4, '方便又好吃，沒有任何受損，不錯不錯，期待開吃', '2022-07-27', NULL, NULL),
(1452, 0, 40, 73, 5, '品質很優服務很讚，出貨非快速，絕對值得再次回購', '2022-11-25', NULL, NULL),
(1453, 0, 97, 73, 5, '還吃得到水果原味超讚的，沒有任何受損，不錯不錯，值得等待！', '2022-05-08', NULL, NULL),
(1454, 0, 80, 73, 4, '配飯吃超讚，包裝完整服務也很好，有機會還是會再繼續回購的', '2022-08-08', NULL, NULL),
(1455, 0, 75, 73, 5, '略酸，但口感不錯，沒有任何受損，不錯不錯，期待開吃', '2023-01-13', NULL, NULL),
(1456, 0, 86, 73, 3, '超級好吃的啦，沒有任何受損，不錯不錯，已回購數次', '2023-02-06', NULL, NULL),
(1457, 0, 80, 73, 3, '烤麵包已經不能沒有他，價格很便宜，吃一口就想回購', '2022-07-14', NULL, NULL),
(1458, 0, 4, 73, 5, '還吃得到水果原味超讚的，宅配到家的服務方便，好吃會一直回購', '2023-02-28', NULL, NULL),
(1459, 0, 24, 73, 5, '買點好東西寄回老家孝敬父母，包裝完整仔細，有需要會再回購', '2022-12-10', NULL, NULL),
(1460, 0, 91, 73, 3, '商品品質超優，送貨包裝非常完整，還行吧', '2022-01-29', NULL, NULL),
(1461, 0, 4, 74, 5, '甜到糖尿病，出貨非快速，值得等待！', '2022-09-04', NULL, NULL),
(1462, 0, 80, 74, 3, '買點好東西寄回老家孝敬父母，包裝呵護食品包裝良好，非常值得推薦', '2022-08-29', NULL, NULL),
(1463, 0, 41, 74, 4, '烤麵包已經不能沒有他，包裝完整仔細，會再來買', '2022-10-07', NULL, NULL),
(1464, 0, 70, 74, 3, '爸爸很喜歡，包裝完整仔細，吃一口就想回購', '2022-06-05', NULL, NULL),
(1465, 0, 24, 74, 3, '略酸，但口感不錯，包裝保護很完整，期待開吃', '2022-05-20', NULL, NULL),
(1466, 0, 28, 74, 3, '價格優惠，沒有任何受損，不錯不錯，推推推！', '2022-12-31', NULL, NULL),
(1467, 0, 43, 74, 4, '超讚的零嘴，包裝完整服務也很好，絕對值得再次回購', '2022-02-02', NULL, NULL),
(1468, 0, 71, 74, 3, 'CP值很高，包裝完整且仔細，吃一口就想回購', '2022-11-18', NULL, NULL),
(1469, 0, 85, 74, 5, '真是太滿意了，包裝完整且仔細，吃一口就想回購', '2022-03-24', NULL, NULL),
(1470, 0, 27, 74, 4, '很讚很好吃，送貨很快速，會再來買', '2022-09-30', NULL, NULL),
(1471, 0, 44, 74, 3, '沒有很甜但也還行，包裝完整且仔細，已回購數次', '2022-10-26', NULL, NULL),
(1472, 0, 39, 74, 3, '超級順口好喝，包裝完整服務也很好，價位可以接受', '2022-05-02', NULL, NULL),
(1473, 0, 35, 74, 4, '很適合當下酒菜，沒有任何受損，不錯不錯，還行吧', '2022-06-16', NULL, NULL),
(1474, 0, 3, 74, 4, '超級好吃的啦，包裝保護很完整，值得長期購買', '2022-02-28', NULL, NULL),
(1475, 0, 61, 74, 4, '小朋友都很喜歡，價格很便宜，有需要會再回購', '2022-05-16', NULL, NULL),
(1476, 0, 31, 74, 5, '烤麵包已經不能沒有他，送貨很快速，會再來買', '2022-01-19', NULL, NULL),
(1477, 0, 33, 74, 4, '媽媽很滿意，包裝完整，品項齊全，值得購買', '2022-06-14', NULL, NULL),
(1478, 0, 49, 74, 4, '商品品質超優，包裝呵護食品包裝良好，還行吧', '2022-08-27', NULL, NULL),
(1479, 0, 79, 74, 5, '媽媽很滿意，送貨很快速，好吃會一直回購', '2022-08-02', NULL, NULL),
(1480, 0, 94, 74, 3, '口味超讚，價格很便宜，絕對值得再次回購', '2022-11-18', NULL, NULL),
(1481, 0, 33, 75, 3, '很適合當下酒菜，包裝完整且仔細，好吃會一直回購', '2022-05-03', NULL, NULL),
(1482, 0, 48, 75, 4, '口感真的不錯，很好吃，包裝完整，品項齊全，價位可以接受', '2022-04-04', NULL, NULL),
(1483, 0, 47, 75, 5, 'CP值很高，包裝完整且仔細，有需要會再回購', '2022-06-15', NULL, NULL),
(1484, 0, 89, 75, 5, '超級順口好喝，包裝完整，品項齊全，推推推！', '2022-09-08', NULL, NULL),
(1485, 0, 47, 75, 5, '沒有很甜但也還行，沒有任何受損，不錯不錯，已回購數次', '2022-11-01', NULL, NULL),
(1486, 0, 19, 75, 3, '口味超讚，出貨速度快，物超所值，期待開吃', '2022-02-11', NULL, NULL),
(1487, 0, 42, 75, 3, '口味還行，送貨很快速，期待開吃', '2022-08-30', NULL, NULL),
(1488, 0, 70, 75, 3, '超級好吃的啦，包裝完整仔細，值得等待！', '2022-03-28', NULL, NULL),
(1489, 0, 68, 75, 4, '買點好東西寄回老家孝敬父母，送貨包裝非常完整，會再來買', '2022-03-12', NULL, NULL),
(1490, 0, 89, 75, 5, '超級順口好喝，包裝完整仔細，絕對值得再次回購', '2022-08-27', NULL, NULL),
(1491, 0, 87, 75, 3, '微酸但很好喝，包裝完整，品項齊全，絕對值得再次回購', '2022-06-10', NULL, NULL),
(1492, 0, 91, 75, 4, 'CP值及服務品質一級棒，價格很便宜，會再來買', '2022-02-10', NULL, NULL),
(1493, 0, 23, 75, 3, '很適合當下酒菜，出貨非快速，值得等待！', '2022-02-22', NULL, NULL),
(1494, 0, 97, 75, 4, '真是太滿意了，出貨速度快，物超所值，價位可以接受', '2022-11-25', NULL, NULL),
(1495, 0, 25, 75, 4, 'CP值及服務品質一級棒，包裝完整仔細，值得長期購買', '2022-02-02', NULL, NULL),
(1496, 0, 43, 75, 3, '很適合當下酒菜，送貨很快速，已回購數次', '2023-02-05', NULL, NULL),
(1497, 0, 9, 75, 5, '很適合當下酒菜，出貨非快速，值得等待！', '2022-02-23', NULL, NULL),
(1498, 0, 10, 75, 3, '烤麵包已經不能沒有他，送貨包裝非常完整，吃一口就想回購', '2022-09-08', NULL, NULL),
(1499, 0, 76, 75, 3, 'CP值很高，價格很便宜，會再來買', '2023-02-25', NULL, NULL),
(1500, 0, 33, 75, 4, '口感真的不錯，很好吃，沒有任何受損，不錯不錯，會再來買', '2022-12-20', NULL, NULL),
(1501, 0, 74, 76, 4, '普普通通，宅配到家的服務方便，有機會還是會再繼續回購的', '2022-06-22', NULL, NULL),
(1502, 0, 82, 76, 3, '方便又好吃，冷藏配送超新鮮，已回購數次', '2022-10-01', NULL, NULL),
(1503, 0, 66, 76, 5, '微酸但很好喝，出貨迅速，包裝完善，好吃會一直回購', '2022-01-16', NULL, NULL),
(1504, 0, 37, 76, 4, '配飯吃超讚，出貨迅速，包裝完善，值得等待！', '2022-11-14', NULL, NULL),
(1505, 0, 68, 76, 3, '口味超讚，出貨迅速，包裝完善，很滿足', '2022-03-06', NULL, NULL),
(1506, 0, 43, 76, 3, '買點好東西寄回老家孝敬父母，沒有任何受損，不錯不錯，好吃會一直回購', '2023-01-02', NULL, NULL),
(1507, 0, 32, 76, 4, '爸爸很喜歡，送貨包裝非常完整，非常值得推薦', '2023-02-02', NULL, NULL),
(1508, 0, 26, 76, 5, '小朋友都很喜歡，出貨迅速，包裝完善，推推推！', '2022-03-04', NULL, NULL),
(1509, 0, 94, 76, 4, '口感真的不錯，很好吃，沒有任何受損，不錯不錯，好吃會一直回購', '2022-11-02', NULL, NULL),
(1510, 0, 95, 76, 4, '爸爸很喜歡，送貨包裝非常完整，果然沒讓我失望', '2022-10-12', NULL, NULL),
(1511, 0, 11, 76, 4, 'CP值及服務品質一級棒，出貨速度快，物超所值，果然沒讓我失望', '2022-11-14', NULL, NULL),
(1512, 0, 35, 76, 5, '爸爸很喜歡，價格很便宜，值得長期購買', '2022-03-29', NULL, NULL),
(1513, 0, 20, 76, 3, '很適合當下酒菜，送貨包裝非常完整，會再來買', '2022-06-28', NULL, NULL),
(1514, 0, 54, 76, 3, '價格優惠，送貨包裝非常完整，吃一口就想回購', '2023-01-12', NULL, NULL),
(1515, 0, 3, 76, 5, '烤麵包已經不能沒有他，包裝完整仔細，值得購買', '2023-01-30', NULL, NULL),
(1516, 0, 75, 76, 5, '超級好吃的啦，冷藏配送超新鮮，有機會還是會再繼續回購的', '2022-05-24', NULL, NULL),
(1517, 0, 32, 76, 3, '買點好東西寄回老家孝敬父母，冷藏配送超新鮮，值得長期購買', '2022-09-04', NULL, NULL),
(1518, 0, 29, 76, 5, '商品品質超優，送貨包裝非常完整，期待開吃', '2022-04-24', NULL, NULL),
(1519, 0, 32, 76, 4, '口味超讚，包裝保護很完整，吃一口就想回購', '2023-01-13', NULL, NULL),
(1520, 0, 100, 76, 5, 'CP值很高，冷藏配送超新鮮，已回購數次', '2022-12-17', NULL, NULL),
(1521, 0, 88, 77, 5, '口感真的不錯，很好吃，送貨包裝非常完整，果然沒讓我失望', '2022-12-28', NULL, NULL),
(1522, 0, 90, 77, 3, '方便又好吃，沒有任何受損，不錯不錯，果然沒讓我失望', '2022-04-23', NULL, NULL),
(1523, 0, 32, 77, 4, '媽媽很滿意，包裝保護很完整，很滿足', '2022-12-08', NULL, NULL),
(1524, 0, 55, 77, 5, '略酸，但口感不錯，送貨包裝非常完整，值得長期購買', '2022-09-04', NULL, NULL),
(1525, 0, 27, 77, 3, '口味超讚，出貨迅速，包裝完善，絕對值得再次回購', '2022-06-21', NULL, NULL),
(1526, 0, 4, 77, 3, 'CP值很高，包裝完整，品項齊全，會再來買', '2022-12-18', NULL, NULL),
(1527, 0, 74, 77, 3, '小朋友都很喜歡，價格很便宜，已回購數次', '2023-01-23', NULL, NULL),
(1528, 0, 33, 77, 3, 'CP值很高，包裝完整且仔細，很滿足', '2022-07-14', NULL, NULL),
(1529, 0, 2, 77, 3, '普普通通，沒有任何受損，不錯不錯，價位可以接受', '2022-12-20', NULL, NULL),
(1530, 0, 76, 77, 3, '沒有很甜但也還行，送貨很快速，非常值得推薦', '2022-08-06', NULL, NULL),
(1531, 0, 46, 77, 5, '爸爸很喜歡，沒有任何受損，不錯不錯，已回購數次', '2023-02-25', NULL, NULL),
(1532, 0, 45, 77, 3, '方便又好吃，包裝呵護食品包裝良好，有機會還是會再繼續回購的', '2022-03-17', NULL, NULL),
(1533, 0, 85, 77, 4, '甜到糖尿病，出貨迅速，包裝完善，值得等待！', '2023-01-27', NULL, NULL),
(1534, 0, 10, 77, 3, '烤麵包已經不能沒有他，送貨很快速，值得等待！', '2022-04-25', NULL, NULL),
(1535, 0, 12, 77, 4, '小朋友都很喜歡，包裝完整，品項齊全，期待開吃', '2022-06-19', NULL, NULL),
(1536, 0, 97, 77, 3, '價格優惠，包裝呵護食品包裝良好，有機會還是會再繼續回購的', '2022-02-01', NULL, NULL),
(1537, 0, 32, 77, 3, '商品品質超優，冷藏配送超新鮮，值得購買', '2022-06-16', NULL, NULL),
(1538, 0, 2, 77, 3, '沒有很甜但也還行，包裝完整仔細，果然沒讓我失望', '2022-01-05', NULL, NULL),
(1539, 0, 90, 77, 3, '皮較粗糙一點，包裝完整，品項齊全，值得長期購買', '2023-01-10', NULL, NULL),
(1540, 0, 55, 77, 3, '烤麵包已經不能沒有他，宅配到家的服務方便，有機會還是會再繼續回購的', '2022-05-22', NULL, NULL),
(1541, 0, 18, 78, 3, '沒有很甜但也還行，送貨很快速，推推推！', '2022-07-14', NULL, NULL),
(1542, 0, 42, 78, 4, '買點好東西寄回老家孝敬父母，送貨包裝非常完整，很滿足', '2022-12-22', NULL, NULL),
(1543, 0, 19, 78, 3, '爸爸很喜歡，包裝完整，品項齊全，推推推！', '2022-09-07', NULL, NULL),
(1544, 0, 45, 78, 4, '買點好東西寄回老家孝敬父母，包裝完整仔細，值得等待！', '2022-04-05', NULL, NULL),
(1545, 0, 91, 78, 4, '超級順口好喝，出貨速度快，物超所值，已回購數次', '2022-07-16', NULL, NULL),
(1546, 0, 100, 78, 3, '商品品質超優，包裝完整服務也很好，期待開吃', '2022-03-02', NULL, NULL),
(1547, 0, 14, 78, 4, '超級好吃的啦，包裝完整服務也很好，值得購買', '2022-12-04', NULL, NULL),
(1548, 0, 96, 78, 4, '很適合當下酒菜，冷藏配送超新鮮，值得購買', '2022-12-12', NULL, NULL),
(1549, 0, 79, 78, 5, '超級順口好喝，包裝完整，品項齊全，會再來買', '2022-10-07', NULL, NULL),
(1550, 0, 28, 78, 3, '商品品質超優，包裝完整仔細，推推推！', '2022-05-29', NULL, NULL),
(1551, 0, 86, 78, 5, '口味超讚，包裝呵護食品包裝良好，好吃會一直回購', '2023-01-21', NULL, NULL),
(1552, 0, 60, 78, 3, '口感真的不錯，很好吃，價格很便宜，會再來買', '2022-12-10', NULL, NULL),
(1553, 0, 59, 78, 4, '口味還行，包裝完整且仔細，有需要會再回購', '2022-03-09', NULL, NULL),
(1554, 0, 47, 78, 3, '微酸但很好喝，包裝完整仔細，絕對值得再次回購', '2022-06-06', NULL, NULL),
(1555, 0, 37, 78, 4, '還吃得到水果原味超讚的，冷藏配送超新鮮，推推推！', '2022-06-07', NULL, NULL),
(1556, 0, 20, 78, 4, '小朋友都很喜歡，包裝保護很完整，值得購買', '2022-07-26', NULL, NULL),
(1557, 0, 10, 78, 5, '買點好東西寄回老家孝敬父母，包裝完整且仔細，絕對值得再次回購', '2023-02-25', NULL, NULL),
(1558, 0, 92, 78, 5, '媽媽很滿意，包裝完整仔細，會再來買', '2022-09-01', NULL, NULL),
(1559, 0, 31, 78, 4, '普普通通，出貨速度快，物超所值，值得等待！', '2022-09-07', NULL, NULL),
(1560, 0, 63, 78, 5, '口感真的不錯，很好吃，送貨包裝非常完整，很滿足', '2022-01-11', NULL, NULL),
(1561, 0, 54, 79, 5, '爸爸很喜歡，包裝完整，品項齊全，好吃會一直回購', '2022-09-22', NULL, NULL),
(1562, 0, 15, 79, 3, '超級好吃的啦，包裝呵護食品包裝良好，有需要會再回購', '2023-02-02', NULL, NULL),
(1563, 0, 60, 79, 3, '口感真的不錯，很好吃，出貨非快速，很滿足', '2022-02-14', NULL, NULL),
(1564, 0, 5, 79, 5, '價格優惠，出貨非快速，非常值得推薦', '2022-07-17', NULL, NULL),
(1565, 0, 31, 79, 3, '買點好東西寄回老家孝敬父母，價格很便宜，價位可以接受', '2022-12-27', NULL, NULL),
(1566, 0, 29, 79, 3, '超級好吃的啦，出貨速度快，物超所值，很滿足', '2022-06-13', NULL, NULL),
(1567, 0, 4, 79, 3, '配飯吃超讚，宅配到家的服務方便，吃一口就想回購', '2022-04-17', NULL, NULL),
(1568, 0, 84, 79, 5, '超讚的零嘴，宅配到家的服務方便，推推推！', '2022-04-30', NULL, NULL),
(1569, 0, 76, 79, 5, '沒有很甜但也還行，包裝完整且仔細，好吃會一直回購', '2022-02-25', NULL, NULL),
(1570, 0, 47, 79, 3, '很讚很好吃，出貨非快速，非常值得推薦', '2022-04-02', NULL, NULL),
(1571, 0, 31, 79, 4, '皮較粗糙一點，價格很便宜，已回購數次', '2022-06-21', NULL, NULL),
(1572, 0, 10, 79, 3, '微酸但很好喝，包裝保護很完整，有機會還是會再繼續回購的', '2023-01-15', NULL, NULL),
(1573, 0, 19, 79, 5, '還吃得到水果原味超讚的，包裝保護很完整，好吃會一直回購', '2022-11-22', NULL, NULL),
(1574, 0, 52, 79, 4, '略酸，但口感不錯，冷藏配送超新鮮，果然沒讓我失望', '2022-03-14', NULL, NULL),
(1575, 0, 96, 79, 5, '真是太滿意了，包裝保護很完整，期待開吃', '2022-07-20', NULL, NULL),
(1576, 0, 13, 79, 3, '小朋友都很喜歡，價格很便宜，非常值得推薦', '2022-06-14', NULL, NULL),
(1577, 0, 91, 79, 5, '超級順口好喝，包裝保護很完整，吃一口就想回購', '2022-07-09', NULL, NULL),
(1578, 0, 57, 79, 5, '配飯吃超讚，出貨迅速，包裝完善，價位可以接受', '2022-01-23', NULL, NULL),
(1579, 0, 3, 79, 3, '品質很優服務很讚，沒有任何受損，不錯不錯，非常值得推薦', '2022-07-18', NULL, NULL),
(1580, 0, 16, 79, 3, '烤麵包已經不能沒有他，出貨非快速，價位可以接受', '2022-03-03', NULL, NULL),
(1581, 0, 66, 80, 4, '皮較粗糙一點，包裝完整，品項齊全，值得等待！', '2022-12-22', NULL, NULL),
(1582, 0, 81, 80, 4, '超級好吃的啦，出貨速度快，物超所值，很滿足', '2022-01-17', NULL, NULL),
(1583, 0, 51, 80, 5, '超級好吃的啦，送貨很快速，絕對值得再次回購', '2022-07-27', NULL, NULL),
(1584, 0, 63, 80, 4, '烤麵包已經不能沒有他，出貨速度快，物超所值，值得等待！', '2023-02-04', NULL, NULL),
(1585, 0, 74, 80, 5, '商品品質超優，包裝呵護食品包裝良好，很滿足', '2022-04-24', NULL, NULL),
(1586, 0, 100, 80, 4, '皮較粗糙一點，包裝保護很完整，值得長期購買', '2022-09-10', NULL, NULL),
(1587, 0, 60, 80, 4, '皮較粗糙一點，送貨很快速，已回購數次', '2022-06-04', NULL, NULL),
(1588, 0, 50, 80, 3, '微酸但很好喝，出貨迅速，包裝完善，還行吧', '2022-10-24', NULL, NULL),
(1589, 0, 37, 80, 5, 'CP值及服務品質一級棒，價格很便宜，絕對值得再次回購', '2022-08-16', NULL, NULL),
(1590, 0, 76, 80, 5, '超級順口好喝，包裝完整且仔細，絕對值得再次回購', '2022-01-05', NULL, NULL),
(1591, 0, 62, 80, 4, '微酸但很好喝，宅配到家的服務方便，期待開吃', '2022-03-27', NULL, NULL),
(1592, 0, 50, 80, 5, '價格優惠，送貨包裝非常完整，好吃會一直回購', '2022-04-13', NULL, NULL),
(1593, 0, 94, 80, 5, '方便又好吃，出貨速度快，物超所值，好吃會一直回購', '2022-10-16', NULL, NULL),
(1594, 0, 77, 80, 3, '微酸但很好喝，包裝完整且仔細，已回購數次', '2022-07-31', NULL, NULL),
(1595, 0, 86, 80, 4, '媽媽很滿意，出貨非快速，很滿足', '2022-10-19', NULL, NULL),
(1596, 0, 86, 80, 4, '媽媽很滿意，包裝完整且仔細，值得長期購買', '2022-10-06', NULL, NULL),
(1597, 0, 43, 80, 4, '皮較粗糙一點，沒有任何受損，不錯不錯，會再來買', '2022-10-10', NULL, NULL),
(1598, 0, 49, 80, 4, '配飯吃超讚，沒有任何受損，不錯不錯，期待開吃', '2023-02-09', NULL, NULL),
(1599, 0, 98, 80, 5, '普普通通，包裝完整仔細，非常值得推薦', '2022-08-30', NULL, NULL),
(1600, 0, 72, 80, 5, '價格優惠，包裝保護很完整，推推推！', '2022-10-28', NULL, NULL),
(1601, 0, 35, 81, 4, '口味超讚，送貨包裝非常完整，值得購買', '2022-03-18', NULL, NULL),
(1602, 0, 5, 81, 3, '超級好吃的啦，包裝保護很完整，已回購數次', '2022-09-06', NULL, NULL),
(1603, 0, 27, 81, 4, '很讚很好吃，包裝完整仔細，絕對值得再次回購', '2022-05-26', NULL, NULL),
(1604, 0, 70, 81, 4, '配飯吃超讚，價格很便宜，期待開吃', '2022-03-28', NULL, NULL),
(1605, 0, 81, 81, 3, '超讚的零嘴，包裝保護很完整，已回購數次', '2022-03-06', NULL, NULL),
(1606, 0, 20, 81, 5, '口味超讚，包裝呵護食品包裝良好，推推推！', '2023-01-10', NULL, NULL),
(1607, 0, 64, 81, 5, '價格優惠，包裝呵護食品包裝良好，果然沒讓我失望', '2022-05-21', NULL, NULL),
(1608, 0, 78, 81, 4, '還吃得到水果原味超讚的，沒有任何受損，不錯不錯，值得購買', '2023-02-15', NULL, NULL),
(1609, 0, 96, 81, 3, '超級好吃的啦，價格很便宜，很滿足', '2022-04-10', NULL, NULL),
(1610, 0, 61, 81, 3, 'CP值很高，出貨迅速，包裝完善，吃一口就想回購', '2022-02-22', NULL, NULL),
(1611, 0, 53, 81, 3, '烤麵包已經不能沒有他，出貨速度快，物超所值，值得購買', '2022-05-21', NULL, NULL),
(1612, 0, 13, 81, 5, '口感真的不錯，很好吃，送貨包裝非常完整，還行吧', '2022-07-18', NULL, NULL),
(1613, 0, 63, 81, 3, '很讚很好吃，送貨很快速，推推推！', '2022-03-20', NULL, NULL),
(1614, 0, 74, 81, 5, '真是太滿意了，冷藏配送超新鮮，有機會還是會再繼續回購的', '2022-06-12', NULL, NULL),
(1615, 0, 77, 81, 3, '很讚很好吃，價格很便宜，還行吧', '2022-07-25', NULL, NULL),
(1616, 0, 37, 81, 4, '超級好吃的啦，送貨很快速，絕對值得再次回購', '2022-03-15', NULL, NULL),
(1617, 0, 75, 81, 5, '皮較粗糙一點，包裝完整仔細，果然沒讓我失望', '2022-11-09', NULL, NULL),
(1618, 0, 69, 81, 5, '方便又好吃，沒有任何受損，不錯不錯，價位可以接受', '2022-10-20', NULL, NULL),
(1619, 0, 69, 81, 5, '小朋友都很喜歡，包裝完整仔細，值得等待！', '2022-04-20', NULL, NULL),
(1620, 0, 1, 81, 5, 'CP值及服務品質一級棒，包裝呵護食品包裝良好，推推推！', '2022-01-17', NULL, NULL),
(1621, 0, 15, 82, 3, '微酸但很好喝，包裝完整仔細，還行吧', '2022-12-26', NULL, NULL),
(1622, 0, 62, 82, 4, '小朋友都很喜歡，送貨很快速，吃一口就想回購', '2022-05-09', NULL, NULL),
(1623, 0, 75, 82, 4, '口味還行，包裝完整仔細，吃一口就想回購', '2022-01-01', NULL, NULL),
(1624, 0, 22, 82, 5, '配飯吃超讚，價格很便宜，值得長期購買', '2022-07-24', NULL, NULL),
(1625, 0, 81, 82, 3, '略酸，但口感不錯，包裝完整服務也很好，價位可以接受', '2022-10-21', NULL, NULL),
(1626, 0, 50, 82, 4, '甜到糖尿病，出貨迅速，包裝完善，好吃會一直回購', '2022-09-19', NULL, NULL),
(1627, 0, 37, 82, 4, '略酸，但口感不錯，送貨很快速，值得等待！', '2023-01-18', NULL, NULL),
(1628, 0, 9, 82, 5, '配飯吃超讚，送貨很快速，有機會還是會再繼續回購的', '2022-02-16', NULL, NULL),
(1629, 0, 98, 82, 3, '買點好東西寄回老家孝敬父母，價格很便宜，值得長期購買', '2022-09-15', NULL, NULL),
(1630, 0, 99, 82, 5, '爸爸很喜歡，包裝完整仔細，還行吧', '2022-05-14', NULL, NULL),
(1631, 0, 56, 82, 5, '爸爸很喜歡，送貨很快速，價位可以接受', '2022-02-23', NULL, NULL),
(1632, 0, 91, 82, 5, '甜到糖尿病，包裝保護很完整，期待開吃', '2023-02-14', NULL, NULL),
(1633, 0, 86, 82, 5, '普普通通，出貨迅速，包裝完善，已回購數次', '2022-07-07', NULL, NULL),
(1634, 0, 80, 82, 5, '價格優惠，包裝完整且仔細，會再來買', '2023-01-11', NULL, NULL),
(1635, 0, 31, 82, 3, '爸爸很喜歡，包裝完整且仔細，吃一口就想回購', '2022-01-29', NULL, NULL),
(1636, 0, 54, 82, 3, '超級好吃的啦，包裝完整，品項齊全，值得長期購買', '2022-05-30', NULL, NULL),
(1637, 0, 17, 82, 3, '小朋友都很喜歡，包裝完整，品項齊全，很滿足', '2022-12-22', NULL, NULL),
(1638, 0, 97, 82, 3, '略酸，但口感不錯，包裝完整服務也很好，會再來買', '2022-02-03', NULL, NULL),
(1639, 0, 13, 82, 3, '品質很優服務很讚，包裝完整，品項齊全，絕對值得再次回購', '2022-06-15', NULL, NULL),
(1640, 0, 22, 82, 4, '超讚的零嘴，包裝完整且仔細，非常值得推薦', '2022-01-06', NULL, NULL),
(1641, 0, 66, 83, 5, '微酸但很好喝，沒有任何受損，不錯不錯，吃一口就想回購', '2022-05-06', NULL, NULL),
(1642, 0, 58, 83, 4, '烤麵包已經不能沒有他，包裝完整仔細，好吃會一直回購', '2022-10-11', NULL, NULL),
(1643, 0, 69, 83, 3, '口味超讚，包裝完整，品項齊全，值得長期購買', '2022-03-20', NULL, NULL),
(1644, 0, 16, 83, 4, '口味超讚，出貨非快速，值得長期購買', '2023-01-18', NULL, NULL),
(1645, 0, 88, 83, 3, '很讚很好吃，包裝完整，品項齊全，推推推！', '2022-11-05', NULL, NULL),
(1646, 0, 67, 83, 4, '很讚很好吃，包裝完整且仔細，吃一口就想回購', '2023-02-18', NULL, NULL),
(1647, 0, 43, 83, 5, '很讚很好吃，冷藏配送超新鮮，有需要會再回購', '2022-05-18', NULL, NULL),
(1648, 0, 13, 83, 3, '烤麵包已經不能沒有他，包裝完整仔細，會再來買', '2022-02-12', NULL, NULL),
(1649, 0, 77, 83, 4, '爸爸很喜歡，包裝完整，品項齊全，價位可以接受', '2022-02-01', NULL, NULL),
(1650, 0, 3, 83, 3, '媽媽很滿意，包裝完整服務也很好，非常值得推薦', '2022-02-04', NULL, NULL),
(1651, 0, 36, 83, 3, '很讚很好吃，價格很便宜，值得購買', '2022-03-25', NULL, NULL),
(1652, 0, 97, 83, 4, '商品品質超優，出貨非快速，有機會還是會再繼續回購的', '2022-09-11', NULL, NULL),
(1653, 0, 79, 83, 5, '方便又好吃，出貨迅速，包裝完善，值得長期購買', '2022-04-07', NULL, NULL),
(1654, 0, 10, 83, 3, '普普通通，沒有任何受損，不錯不錯，絕對值得再次回購', '2022-06-28', NULL, NULL),
(1655, 0, 15, 83, 5, '很讚很好吃，送貨包裝非常完整，價位可以接受', '2023-01-26', NULL, NULL),
(1656, 0, 24, 83, 4, '很適合當下酒菜，包裝完整且仔細，值得等待！', '2022-11-21', NULL, NULL),
(1657, 0, 95, 83, 5, '超級好吃的啦，包裝完整仔細，價位可以接受', '2022-04-26', NULL, NULL),
(1658, 0, 48, 83, 3, '略酸，但口感不錯，冷藏配送超新鮮，推推推！', '2023-02-19', NULL, NULL),
(1659, 0, 54, 83, 5, '沒有很甜但也還行，包裝完整仔細，好吃會一直回購', '2022-08-10', NULL, NULL),
(1660, 0, 48, 83, 4, '微酸但很好喝，包裝完整，品項齊全，推推推！', '2022-06-08', NULL, NULL),
(1661, 0, 31, 84, 3, '真是太滿意了，包裝呵護食品包裝良好，很滿足', '2022-02-11', NULL, NULL),
(1662, 0, 81, 84, 3, '配飯吃超讚，送貨很快速，果然沒讓我失望', '2023-01-06', NULL, NULL),
(1663, 0, 25, 84, 5, '微酸但很好喝，包裝呵護食品包裝良好，果然沒讓我失望', '2022-02-18', NULL, NULL),
(1664, 0, 68, 84, 5, '甜到糖尿病，包裝保護很完整，價位可以接受', '2022-02-01', NULL, NULL),
(1665, 0, 55, 84, 4, '超級好吃的啦，包裝保護很完整，價位可以接受', '2022-11-25', NULL, NULL),
(1666, 0, 61, 84, 3, '超級順口好喝，包裝呵護食品包裝良好，值得購買', '2022-05-16', NULL, NULL),
(1667, 0, 93, 84, 5, '很讚很好吃，出貨速度快，物超所值，值得長期購買', '2022-05-15', NULL, NULL),
(1668, 0, 12, 84, 3, '烤麵包已經不能沒有他，包裝保護很完整，果然沒讓我失望', '2022-10-18', NULL, NULL),
(1669, 0, 3, 84, 3, '很讚很好吃，送貨包裝非常完整，好吃會一直回購', '2022-11-15', NULL, NULL),
(1670, 0, 81, 84, 3, '商品品質超優，出貨迅速，包裝完善，果然沒讓我失望', '2022-06-27', NULL, NULL),
(1671, 0, 29, 84, 5, '超讚的零嘴，價格很便宜，值得長期購買', '2022-03-22', NULL, NULL),
(1672, 0, 8, 84, 5, '略酸，但口感不錯，包裝完整仔細，絕對值得再次回購', '2022-01-06', NULL, NULL),
(1673, 0, 82, 84, 4, '超級好吃的啦，出貨非快速，值得購買', '2022-05-05', NULL, NULL),
(1674, 0, 18, 84, 5, '口感真的不錯，很好吃，出貨迅速，包裝完善，好吃會一直回購', '2022-08-19', NULL, NULL),
(1675, 0, 21, 84, 4, '配飯吃超讚，冷藏配送超新鮮，很滿足', '2022-02-18', NULL, NULL),
(1676, 0, 2, 84, 5, '媽媽很滿意，沒有任何受損，不錯不錯，推推推！', '2022-04-18', NULL, NULL),
(1677, 0, 56, 84, 4, '普普通通，包裝呵護食品包裝良好，還行吧', '2022-01-28', NULL, NULL),
(1678, 0, 50, 84, 3, '還吃得到水果原味超讚的，包裝保護很完整，值得購買', '2022-05-13', NULL, NULL),
(1679, 0, 85, 84, 3, '商品品質超優，冷藏配送超新鮮，有機會還是會再繼續回購的', '2022-01-23', NULL, NULL),
(1680, 0, 51, 84, 3, '很適合當下酒菜，包裝完整且仔細，推推推！', '2022-05-19', NULL, NULL),
(1681, 0, 54, 85, 5, '很讚很好吃，出貨非快速，值得等待！', '2022-09-05', NULL, NULL),
(1682, 0, 96, 85, 4, '商品品質超優，包裝完整服務也很好，有需要會再回購', '2022-08-27', NULL, NULL),
(1683, 0, 53, 85, 5, '媽媽很滿意，包裝完整且仔細，期待開吃', '2022-04-09', NULL, NULL),
(1684, 0, 52, 85, 3, '方便又好吃，出貨非快速，已回購數次', '2022-01-01', NULL, NULL),
(1685, 0, 13, 85, 5, '超級好吃的啦，沒有任何受損，不錯不錯，價位可以接受', '2023-01-07', NULL, NULL),
(1686, 0, 85, 85, 3, '很讚很好吃，沒有任何受損，不錯不錯，期待開吃', '2022-11-24', NULL, NULL),
(1687, 0, 80, 85, 3, '小朋友都很喜歡，包裝保護很完整，有需要會再回購', '2022-03-30', NULL, NULL),
(1688, 0, 45, 85, 3, '微酸但很好喝，出貨非快速，價位可以接受', '2022-05-06', NULL, NULL),
(1689, 0, 18, 85, 5, '配飯吃超讚，宅配到家的服務方便，很滿足', '2022-04-18', NULL, NULL),
(1690, 0, 49, 85, 5, '商品品質超優，包裝完整服務也很好，值得長期購買', '2022-02-27', NULL, NULL),
(1691, 0, 3, 85, 4, '超級順口好喝，宅配到家的服務方便，已回購數次', '2022-05-15', NULL, NULL),
(1692, 0, 98, 85, 5, '媽媽很滿意，包裝呵護食品包裝良好，值得等待！', '2022-05-07', NULL, NULL),
(1693, 0, 81, 85, 5, '皮較粗糙一點，包裝完整服務也很好，絕對值得再次回購', '2022-11-25', NULL, NULL),
(1694, 0, 21, 85, 3, '很讚很好吃，包裝完整服務也很好，會再來買', '2022-02-04', NULL, NULL),
(1695, 0, 53, 85, 5, 'CP值及服務品質一級棒，包裝完整，品項齊全，還行吧', '2022-07-23', NULL, NULL),
(1696, 0, 47, 85, 4, '還吃得到水果原味超讚的，出貨非快速，值得購買', '2022-03-18', NULL, NULL),
(1697, 0, 5, 85, 3, '口感真的不錯，很好吃，沒有任何受損，不錯不錯，絕對值得再次回購', '2022-09-01', NULL, NULL),
(1698, 0, 56, 85, 3, 'CP值及服務品質一級棒，包裝呵護食品包裝良好，會再來買', '2022-08-30', NULL, NULL),
(1699, 0, 15, 85, 3, '方便又好吃，沒有任何受損，不錯不錯，果然沒讓我失望', '2022-01-18', NULL, NULL),
(1700, 0, 15, 85, 5, '真是太滿意了，送貨很快速，果然沒讓我失望', '2022-10-18', NULL, NULL),
(1701, 0, 7, 86, 3, '普普通通，包裝保護很完整，期待開吃', '2022-09-09', NULL, NULL),
(1702, 0, 94, 86, 5, '買點好東西寄回老家孝敬父母，包裝完整服務也很好，絕對值得再次回購', '2022-01-24', NULL, NULL),
(1703, 0, 88, 86, 5, '爸爸很喜歡，包裝保護很完整，有機會還是會再繼續回購的', '2022-12-31', NULL, NULL),
(1704, 0, 56, 86, 5, '超級順口好喝，出貨速度快，物超所值，有需要會再回購', '2022-05-19', NULL, NULL),
(1705, 0, 57, 86, 4, '超讚的零嘴，包裝呵護食品包裝良好，值得購買', '2022-04-08', NULL, NULL),
(1706, 0, 54, 86, 5, 'CP值及服務品質一級棒，出貨非快速，還行吧', '2022-01-13', NULL, NULL),
(1707, 0, 54, 86, 5, '配飯吃超讚，送貨包裝非常完整，絕對值得再次回購', '2022-11-27', NULL, NULL),
(1708, 0, 94, 86, 5, '口感真的不錯，很好吃，出貨速度快，物超所值，吃一口就想回購', '2022-07-17', NULL, NULL),
(1709, 0, 27, 86, 3, '很適合當下酒菜，價格很便宜，絕對值得再次回購', '2022-04-11', NULL, NULL),
(1710, 0, 93, 86, 4, '口味超讚，包裝完整服務也很好，值得長期購買', '2022-07-16', NULL, NULL),
(1711, 0, 46, 86, 4, '超級順口好喝，出貨迅速，包裝完善，好吃會一直回購', '2022-08-27', NULL, NULL),
(1712, 0, 96, 86, 5, '商品品質超優，價格很便宜，絕對值得再次回購', '2023-01-13', NULL, NULL),
(1713, 0, 90, 86, 3, '配飯吃超讚，包裝保護很完整，已回購數次', '2022-07-20', NULL, NULL),
(1714, 0, 52, 86, 3, '普普通通，出貨速度快，物超所值，已回購數次', '2022-03-26', NULL, NULL),
(1715, 0, 32, 86, 3, '甜到糖尿病，包裝完整且仔細，推推推！', '2022-07-22', NULL, NULL),
(1716, 0, 73, 86, 5, '口味超讚，包裝完整，品項齊全，值得長期購買', '2022-07-14', NULL, NULL),
(1717, 0, 76, 86, 4, 'CP值很高，包裝完整且仔細，有機會還是會再繼續回購的', '2022-08-27', NULL, NULL),
(1718, 0, 37, 86, 5, '甜到糖尿病，包裝呵護食品包裝良好，已回購數次', '2023-01-23', NULL, NULL),
(1719, 0, 55, 86, 5, 'CP值及服務品質一級棒，出貨迅速，包裝完善，期待開吃', '2022-12-13', NULL, NULL),
(1720, 0, 6, 86, 3, '超級好吃的啦，包裝完整，品項齊全，還行吧', '2022-04-13', NULL, NULL),
(1721, 0, 95, 87, 5, '很適合買來跟家人一起做，宅配到家的服務方便，已回購數次', '2022-01-26', NULL, NULL),
(1722, 0, 24, 87, 5, '送朋友當禮物，朋友很開心，出貨迅速，包裝完善，很滿足', '2023-01-27', NULL, NULL),
(1723, 0, 53, 87, 3, 'CP值及服務品質一級棒，宅配到家的服務方便，值得長期購買', '2022-10-14', NULL, NULL),
(1724, 0, 79, 87, 3, '很適合買來跟家人一起做，價格很便宜，推推推！', '2022-06-08', NULL, NULL),
(1725, 0, 77, 87, 4, '很可愛很喜歡，包裝完整且仔細，推推推！', '2022-08-31', NULL, NULL),
(1726, 0, 82, 87, 3, '普普，還行吧，宅配到家的服務方便，會再來買', '2023-02-10', NULL, NULL),
(1727, 0, 19, 87, 3, '商品品質超優，沒有任何受損，不錯不錯，推推推！', '2022-05-27', NULL, NULL),
(1728, 0, 86, 87, 4, '很適合初學者，出貨速度快，物超所值，果然沒讓我失望', '2022-06-29', NULL, NULL),
(1729, 0, 80, 87, 4, '跟朋友一起買一起做很開心，出貨迅速，包裝完善，還行吧', '2022-12-23', NULL, NULL),
(1730, 0, 42, 87, 5, 'CP值很高，包裝完整且仔細，果然沒讓我失望', '2022-02-28', NULL, NULL),
(1731, 0, 80, 87, 3, '手殘如我也能順利完成，包裝完整且仔細，果然沒讓我失望', '2022-03-16', NULL, NULL),
(1732, 0, 2, 87, 4, '手殘如我也能順利完成，包裝保護很完整，值得長期購買', '2022-02-18', NULL, NULL),
(1733, 0, 33, 87, 3, 'CP值及服務品質一級棒，包裝完整服務也很好，值得長期購買', '2022-05-10', NULL, NULL),
(1734, 0, 57, 87, 3, '商品品質超優，包裝保護很完整，絕對值得再次回購', '2022-01-27', NULL, NULL),
(1735, 0, 78, 87, 5, '很漂亮，超級喜歡，價格很便宜，還行吧', '2022-11-11', NULL, NULL),
(1736, 0, 28, 87, 5, '成品圖看起來很棒但我做不出來，出貨速度快，物超所值，絕對值得再次回購', '2022-02-17', NULL, NULL),
(1737, 0, 57, 87, 4, '很適合初學者，出貨迅速，包裝完善，有需要會再回購', '2022-08-13', NULL, NULL),
(1738, 0, 39, 87, 3, '超級喜歡，很療育，出貨迅速，包裝完善，值得購買', '2022-03-05', NULL, NULL),
(1739, 0, 14, 87, 5, '成品圖看起來很棒但我做不出來，包裝保護很完整，果然沒讓我失望', '2022-01-08', NULL, NULL),
(1740, 0, 4, 87, 4, '新手友善，沒有任何受損，不錯不錯，會再來買', '2022-12-09', NULL, NULL),
(1741, 0, 21, 88, 3, '送朋友當禮物，朋友很開心，包裝保護很完整，有需要會再回購', '2022-12-03', NULL, NULL),
(1742, 0, 97, 88, 5, '實體跟照片相符，價格很便宜，還行吧', '2022-12-17', NULL, NULL),
(1743, 0, 65, 88, 4, '很適合買來跟家人一起做，出貨速度快，物超所值，非常值得推薦', '2022-04-05', NULL, NULL),
(1744, 0, 70, 88, 5, '價格優惠，價格很便宜，果然沒讓我失望', '2022-08-21', NULL, NULL),
(1745, 0, 36, 88, 4, '看了心情就很好，送貨很快速，很滿足', '2022-07-12', NULL, NULL),
(1746, 0, 52, 88, 4, '普普，還行吧，送貨包裝非常完整，值得等待！', '2022-05-06', NULL, NULL),
(1747, 0, 69, 88, 3, '有點貴但品質蠻好的，價格很便宜，價位可以接受', '2022-07-17', NULL, NULL),
(1748, 0, 34, 88, 4, '手殘如我也能順利完成，包裝完整且仔細，很滿足', '2022-12-24', NULL, NULL),
(1749, 0, 10, 88, 5, '還行吧，有點貴，包裝完整且仔細，非常值得推薦', '2023-01-19', NULL, NULL),
(1750, 0, 14, 88, 3, '送朋友當禮物，朋友很開心，包裝完整，品項齊全，還行吧', '2022-06-27', NULL, NULL),
(1751, 0, 50, 88, 3, '看了心情就很好，出貨迅速，包裝完善，果然沒讓我失望', '2022-10-17', NULL, NULL),
(1752, 0, 12, 88, 3, '小朋友很喜歡玩得很開心，包裝保護很完整，有需要會再回購', '2022-09-05', NULL, NULL),
(1753, 0, 42, 88, 3, '超級喜歡，很療育，價格很便宜，推推推！', '2022-05-16', NULL, NULL),
(1754, 0, 18, 88, 3, '很適合買來跟家人一起做，價格很便宜，有機會還是會再繼續回購的', '2022-12-24', NULL, NULL),
(1755, 0, 65, 88, 4, '新手友善，出貨速度快，物超所值，值得等待！', '2022-02-04', NULL, NULL),
(1756, 0, 73, 88, 4, '送給媽媽他很喜歡，包裝良好，有機會還是會再繼續回購的', '2022-09-18', NULL, NULL),
(1757, 0, 42, 88, 3, '新手友善，價格很便宜，有需要會再回購', '2022-11-05', NULL, NULL),
(1758, 0, 27, 88, 5, '實體跟照片相符，包裝保護很完整，果然沒讓我失望', '2022-05-04', NULL, NULL),
(1759, 0, 52, 88, 5, '普普，還行吧，包裝保護很完整，絕對值得再次回購', '2022-01-08', NULL, NULL),
(1760, 0, 36, 88, 5, '很適合初學者，價格很便宜，值得購買', '2022-04-10', NULL, NULL),
(1761, 0, 43, 89, 3, '手殘如我也能順利完成，送貨包裝非常完整，很滿足', '2022-07-04', NULL, NULL),
(1762, 0, 43, 89, 3, 'CP值很高，包裝完整且仔細，有需要會再回購', '2023-02-13', NULL, NULL),
(1763, 0, 62, 89, 5, '很適合初學者，沒有任何受損，不錯不錯，推推推！', '2022-02-27', NULL, NULL),
(1764, 0, 100, 89, 3, '新手友善，送貨很快速，絕對值得再次回購', '2023-02-04', NULL, NULL),
(1765, 0, 92, 89, 3, 'CP值及服務品質一級棒，包裝完整服務也很好，非常值得推薦', '2022-09-14', NULL, NULL),
(1766, 0, 33, 89, 3, '超級喜歡，很療育，送貨很快速，很滿足', '2022-10-11', NULL, NULL),
(1767, 0, 79, 89, 5, '看了心情就很好，價格很便宜，價位可以接受', '2022-02-06', NULL, NULL),
(1768, 0, 59, 89, 4, '看了心情就很好，包裝完整服務也很好，很滿足', '2022-05-15', NULL, NULL),
(1769, 0, 78, 89, 5, '商品品質超優，宅配到家的服務方便，絕對值得再次回購', '2022-04-15', NULL, NULL),
(1770, 0, 43, 89, 4, '送朋友當禮物，朋友很開心，送貨很快速，還行吧', '2022-02-09', NULL, NULL),
(1771, 0, 5, 89, 4, '新手友善，包裝完整且仔細，已回購數次', '2022-06-11', NULL, NULL),
(1772, 0, 72, 89, 4, '超級喜歡，很療育，包裝完整仔細，絕對值得再次回購', '2022-11-30', NULL, NULL),
(1773, 0, 62, 89, 4, '跟朋友一起買一起做很開心，包裝良好，價位可以接受', '2022-01-02', NULL, NULL),
(1774, 0, 48, 89, 3, '很漂亮，超級喜歡，包裝完整，品項齊全，值得等待！', '2022-01-11', NULL, NULL),
(1775, 0, 45, 89, 3, '很適合買來跟家人一起做，宅配到家的服務方便，絕對值得再次回購', '2022-01-14', NULL, NULL),
(1776, 0, 60, 89, 3, '看了心情就很好，包裝完整，品項齊全，價位可以接受', '2022-05-31', NULL, NULL),
(1777, 0, 38, 89, 3, '普普，還行吧，宅配到家的服務方便，推推推！', '2023-01-17', NULL, NULL),
(1778, 0, 54, 89, 3, '商品品質超優，送貨很快速，值得長期購買', '2022-02-04', NULL, NULL),
(1779, 0, 48, 89, 5, '很適合初學者，沒有任何受損，不錯不錯，很滿足', '2022-01-15', NULL, NULL),
(1780, 0, 33, 89, 5, '小朋友很喜歡玩得很開心，送貨很快速，有需要會再回購', '2022-06-14', NULL, NULL),
(1781, 0, 68, 90, 3, '還行吧，有點貴，沒有任何受損，不錯不錯，果然沒讓我失望', '2022-02-25', NULL, NULL),
(1782, 0, 58, 90, 4, '很適合買來跟家人一起做，包裝良好，會再來買', '2022-10-08', NULL, NULL),
(1783, 0, 72, 90, 4, '送給媽媽他很喜歡，包裝保護很完整，已回購數次', '2022-08-26', NULL, NULL),
(1784, 0, 24, 90, 4, '很可愛很喜歡，包裝良好，值得等待！', '2022-02-11', NULL, NULL),
(1785, 0, 69, 90, 3, '跟朋友一起買一起做很開心，包裝完整仔細，還行吧', '2022-07-30', NULL, NULL),
(1786, 0, 7, 90, 3, '很適合買來跟家人一起做，包裝完整，品項齊全，有機會還是會再繼續回購的', '2022-05-01', NULL, NULL),
(1787, 0, 38, 90, 4, '成品圖看起來很棒但我做不出來，宅配到家的服務方便，有需要會再回購', '2023-01-30', NULL, NULL),
(1788, 0, 23, 90, 5, '普普，還行吧，送貨包裝非常完整，值得等待！', '2023-01-23', NULL, NULL),
(1789, 0, 48, 90, 5, '有點貴但品質蠻好的，出貨迅速，包裝完善，有需要會再回購', '2022-10-22', NULL, NULL),
(1790, 0, 20, 90, 4, '小朋友很喜歡玩得很開心，包裝保護很完整，值得長期購買', '2022-05-05', NULL, NULL),
(1791, 0, 51, 90, 3, '很漂亮，超級喜歡，出貨迅速，包裝完善，有需要會再回購', '2022-03-05', NULL, NULL),
(1792, 0, 54, 90, 3, '普普，還行吧，價格很便宜，值得購買', '2022-07-19', NULL, NULL),
(1793, 0, 15, 90, 3, '送朋友當禮物，朋友很開心，送貨很快速，有機會還是會再繼續回購的', '2022-03-25', NULL, NULL),
(1794, 0, 51, 90, 4, '小朋友很喜歡玩得很開心，送貨很快速，果然沒讓我失望', '2022-01-02', NULL, NULL),
(1795, 0, 54, 90, 3, '很漂亮，超級喜歡，送貨包裝非常完整，還行吧', '2022-07-05', NULL, NULL),
(1796, 0, 26, 90, 4, '很可愛很喜歡，包裝完整服務也很好，價位可以接受', '2022-08-01', NULL, NULL),
(1797, 0, 9, 90, 5, '很適合買來跟家人一起做，包裝完整且仔細，有機會還是會再繼續回購的', '2022-02-13', NULL, NULL),
(1798, 0, 59, 90, 5, '很適合買來跟家人一起做，價格很便宜，非常值得推薦', '2022-09-08', NULL, NULL),
(1799, 0, 49, 90, 4, '實體跟照片相符，價格很便宜，會再來買', '2022-08-02', NULL, NULL),
(1800, 0, 82, 90, 3, '新手友善，沒有任何受損，不錯不錯，絕對值得再次回購', '2022-09-14', NULL, NULL),
(1801, 0, 54, 91, 4, '實體跟照片相符，包裝完整，品項齊全，值得購買', '2023-02-12', NULL, NULL),
(1802, 0, 10, 91, 3, '超級喜歡，很療育，送貨很快速，價位可以接受', '2022-04-21', NULL, NULL),
(1803, 0, 77, 91, 5, '普普，還行吧，出貨非快速，還行吧', '2022-05-18', NULL, NULL),
(1804, 0, 59, 91, 5, '跟朋友一起買一起做很開心，送貨很快速，會再來買', '2022-12-18', NULL, NULL),
(1805, 0, 27, 91, 3, '很可愛很喜歡，送貨很快速，會再來買', '2023-02-01', NULL, NULL),
(1806, 0, 84, 91, 5, '價格優惠，包裝完整，品項齊全，值得長期購買', '2022-05-09', NULL, NULL),
(1807, 0, 36, 91, 4, '很漂亮，超級喜歡，包裝保護很完整，推推推！', '2022-04-23', NULL, NULL),
(1808, 0, 28, 91, 3, '普普，還行吧，出貨迅速，包裝完善，還行吧', '2022-03-22', NULL, NULL),
(1809, 0, 70, 91, 4, '看了心情就很好，出貨迅速，包裝完善，有需要會再回購', '2022-07-21', NULL, NULL),
(1810, 0, 44, 91, 4, '價格優惠，包裝完整且仔細，值得購買', '2022-09-30', NULL, NULL),
(1811, 0, 12, 91, 3, '超級喜歡，很療育，包裝完整服務也很好，還行吧', '2022-06-22', NULL, NULL),
(1812, 0, 57, 91, 4, '普普，還行吧，包裝完整服務也很好，會再來買', '2022-07-20', NULL, NULL),
(1813, 0, 18, 91, 5, '手殘如我也能順利完成，送貨包裝非常完整，很滿足', '2022-11-24', NULL, NULL),
(1814, 0, 93, 91, 4, '自己動手DIY很有成就感，出貨非快速，推推推！', '2022-08-25', NULL, NULL),
(1815, 0, 86, 91, 4, '新手友善，包裝完整服務也很好，絕對值得再次回購', '2022-03-16', NULL, NULL),
(1816, 0, 50, 91, 3, '成品圖看起來很棒但我做不出來，宅配到家的服務方便，有機會還是會再繼續回購的', '2022-09-24', NULL, NULL),
(1817, 0, 69, 91, 3, '有點貴但品質蠻好的，包裝完整仔細，果然沒讓我失望', '2022-05-23', NULL, NULL),
(1818, 0, 46, 91, 5, '普普，還行吧，價格很便宜，有需要會再回購', '2022-06-26', NULL, NULL),
(1819, 0, 67, 91, 4, '很適合買來跟家人一起做，包裝完整仔細，有需要會再回購', '2023-01-30', NULL, NULL),
(1820, 0, 61, 91, 3, '普普，還行吧，價格很便宜，絕對值得再次回購', '2022-11-27', NULL, NULL),
(1821, 0, 60, 92, 5, '新手友善，包裝完整且仔細，非常值得推薦', '2022-04-30', NULL, NULL),
(1822, 0, 74, 92, 3, '很適合初學者，包裝完整，品項齊全，價位可以接受', '2023-01-09', NULL, NULL),
(1823, 0, 93, 92, 4, 'CP值及服務品質一級棒，包裝完整仔細，非常值得推薦', '2022-01-23', NULL, NULL),
(1824, 0, 95, 92, 3, '手殘如我也能順利完成，出貨速度快，物超所值，絕對值得再次回購', '2022-11-09', NULL, NULL),
(1825, 0, 6, 92, 3, '自己動手DIY很有成就感，送貨包裝非常完整，有機會還是會再繼續回購的', '2023-01-31', NULL, NULL),
(1826, 0, 92, 92, 3, '小朋友很喜歡玩得很開心，包裝完整且仔細，很滿足', '2022-06-28', NULL, NULL),
(1827, 0, 78, 92, 4, '超級喜歡，很療育，包裝完整仔細，值得等待！', '2023-02-24', NULL, NULL),
(1828, 0, 35, 92, 4, '看了心情就很好，包裝良好，推推推！', '2022-08-11', NULL, NULL),
(1829, 0, 33, 92, 5, '看了心情就很好，送貨包裝非常完整，絕對值得再次回購', '2022-07-27', NULL, NULL),
(1830, 0, 95, 92, 3, 'CP值很高，沒有任何受損，不錯不錯，非常值得推薦', '2023-01-07', NULL, NULL),
(1831, 0, 54, 92, 5, '實體跟照片相符，包裝完整服務也很好，已回購數次', '2022-02-04', NULL, NULL),
(1832, 0, 52, 92, 4, '很漂亮，超級喜歡，送貨包裝非常完整，非常值得推薦', '2023-02-03', NULL, NULL),
(1833, 0, 61, 92, 3, '手殘如我也能順利完成，宅配到家的服務方便，絕對值得再次回購', '2022-09-29', NULL, NULL),
(1834, 0, 56, 92, 3, '價格偏高但還可以，包裝完整且仔細，值得等待！', '2022-01-04', NULL, NULL),
(1835, 0, 96, 92, 5, '普普，還行吧，包裝保護很完整，還行吧', '2022-05-06', NULL, NULL),
(1836, 0, 40, 92, 5, '商品品質超優，出貨迅速，包裝完善，已回購數次', '2022-07-17', NULL, NULL),
(1837, 0, 50, 92, 3, '成品圖看起來很棒但我做不出來，包裝良好，絕對值得再次回購', '2022-10-16', NULL, NULL),
(1838, 0, 74, 92, 5, '商品品質超優，包裝良好，有需要會再回購', '2022-02-19', NULL, NULL),
(1839, 0, 71, 92, 5, '很適合初學者，送貨很快速，很滿足', '2022-12-26', NULL, NULL),
(1840, 0, 29, 92, 4, '很漂亮，超級喜歡，送貨很快速，值得等待！', '2022-07-08', NULL, NULL),
(1841, 0, 16, 93, 4, 'CP值很高，包裝良好，非常值得推薦', '2022-03-16', NULL, NULL),
(1842, 0, 95, 93, 4, '價格偏高但還可以，沒有任何受損，不錯不錯，絕對值得再次回購', '2023-01-19', NULL, NULL),
(1843, 0, 13, 93, 4, '還行吧，有點貴，宅配到家的服務方便，很滿足', '2022-04-04', NULL, NULL),
(1844, 0, 36, 93, 5, '新手友善，出貨速度快，物超所值，還行吧', '2022-06-09', NULL, NULL),
(1845, 0, 22, 93, 4, '自己動手DIY很有成就感，送貨很快速，會再來買', '2022-05-21', NULL, NULL),
(1846, 0, 26, 93, 5, '實體跟照片相符，宅配到家的服務方便，絕對值得再次回購', '2023-01-06', NULL, NULL),
(1847, 0, 40, 93, 3, '商品品質超優，價格很便宜，值得等待！', '2022-05-21', NULL, NULL),
(1848, 0, 69, 93, 3, '價格優惠，包裝完整，品項齊全，已回購數次', '2022-02-07', NULL, NULL),
(1849, 0, 89, 93, 5, '送朋友當禮物，朋友很開心，出貨非快速，推推推！', '2022-06-15', NULL, NULL),
(1850, 0, 44, 93, 5, '看了心情就很好，送貨包裝非常完整，值得長期購買', '2022-06-13', NULL, NULL),
(1851, 0, 86, 93, 4, '超級喜歡，很療育，包裝完整，品項齊全，會再來買', '2022-12-01', NULL, NULL),
(1852, 0, 39, 93, 3, '跟朋友一起買一起做很開心，宅配到家的服務方便，值得等待！', '2023-02-07', NULL, NULL),
(1853, 0, 39, 93, 3, '有點貴但品質蠻好的，送貨很快速，有需要會再回購', '2022-09-10', NULL, NULL),
(1854, 0, 78, 93, 4, '很適合初學者，送貨包裝非常完整，會再來買', '2022-07-28', NULL, NULL),
(1855, 0, 79, 93, 3, '價格優惠，價格很便宜，值得購買', '2022-12-12', NULL, NULL),
(1856, 0, 1, 93, 4, 'CP值很高，包裝完整且仔細，值得購買', '2022-07-28', NULL, NULL),
(1857, 0, 70, 93, 4, '很漂亮，超級喜歡，送貨包裝非常完整，推推推！', '2022-01-22', NULL, NULL),
(1858, 0, 22, 93, 4, '很適合買來跟家人一起做，包裝完整且仔細，已回購數次', '2022-06-30', NULL, NULL),
(1859, 0, 10, 93, 3, 'CP值很高，送貨包裝非常完整，會再來買', '2022-05-24', NULL, NULL),
(1860, 0, 80, 93, 3, '還行吧，有點貴，送貨很快速，推推推！', '2022-01-13', NULL, NULL),
(1861, 0, 27, 94, 3, '看了心情就很好，出貨非快速，很滿足', '2022-04-29', NULL, NULL),
(1862, 0, 97, 94, 4, '價格優惠，沒有任何受損，不錯不錯，值得等待！', '2022-07-01', NULL, NULL),
(1863, 0, 77, 94, 5, '普普，還行吧，包裝完整，品項齊全，有機會還是會再繼續回購的', '2022-08-04', NULL, NULL),
(1864, 0, 57, 94, 5, 'CP值及服務品質一級棒，包裝完整，品項齊全，值得長期購買', '2023-01-20', NULL, NULL),
(1865, 0, 11, 94, 4, '普普，還行吧，出貨非快速，還行吧', '2022-03-10', NULL, NULL),
(1866, 0, 100, 94, 3, '自己動手DIY很有成就感，包裝完整，品項齊全，很滿足', '2023-02-11', NULL, NULL),
(1867, 0, 32, 94, 5, '價格偏高但還可以，包裝保護很完整，有機會還是會再繼續回購的', '2022-07-13', NULL, NULL),
(1868, 0, 87, 94, 4, '超級喜歡，很療育，沒有任何受損，不錯不錯，絕對值得再次回購', '2022-08-11', NULL, NULL),
(1869, 0, 60, 94, 4, '還行吧，有點貴，送貨包裝非常完整，值得購買', '2022-04-07', NULL, NULL),
(1870, 0, 64, 94, 5, '看了心情就很好，出貨非快速，值得等待！', '2023-01-09', NULL, NULL),
(1871, 0, 92, 94, 4, '手殘如我也能順利完成，包裝保護很完整，推推推！', '2022-09-08', NULL, NULL),
(1872, 0, 17, 94, 3, '還行吧，有點貴，包裝完整且仔細，果然沒讓我失望', '2023-02-13', NULL, NULL),
(1873, 0, 41, 94, 5, '很適合初學者，包裝完整且仔細，已回購數次', '2022-09-19', NULL, NULL),
(1874, 0, 84, 94, 3, '有點貴但品質蠻好的，包裝完整服務也很好，果然沒讓我失望', '2022-08-18', NULL, NULL),
(1875, 0, 24, 94, 5, '小朋友很喜歡玩得很開心，包裝良好，已回購數次', '2022-05-05', NULL, NULL),
(1876, 0, 27, 94, 3, '手殘如我也能順利完成，包裝完整仔細，推推推！', '2023-02-26', NULL, NULL),
(1877, 0, 40, 94, 3, '新手友善，出貨迅速，包裝完善，會再來買', '2022-05-02', NULL, NULL),
(1878, 0, 80, 94, 4, '商品品質超優，送貨包裝非常完整，推推推！', '2022-11-19', NULL, NULL),
(1879, 0, 24, 94, 5, '小朋友很喜歡玩得很開心，包裝良好，值得購買', '2023-01-21', NULL, NULL),
(1880, 0, 83, 94, 4, '商品品質超優，包裝保護很完整，有機會還是會再繼續回購的', '2022-10-14', NULL, NULL),
(1881, 0, 2, 95, 4, '很可愛很喜歡，宅配到家的服務方便，果然沒讓我失望', '2022-02-27', NULL, NULL),
(1882, 0, 26, 95, 3, '跟朋友一起買一起做很開心，包裝完整仔細，有機會還是會再繼續回購的', '2023-01-05', NULL, NULL),
(1883, 0, 50, 95, 4, '很漂亮，超級喜歡，包裝完整，品項齊全，值得購買', '2022-07-06', NULL, NULL),
(1884, 0, 55, 95, 4, '很漂亮，超級喜歡，包裝良好，推推推！', '2022-05-14', NULL, NULL),
(1885, 0, 65, 95, 5, 'CP值及服務品質一級棒，包裝良好，非常值得推薦', '2022-03-01', NULL, NULL),
(1886, 0, 95, 95, 4, '很可愛很喜歡，送貨包裝非常完整，非常值得推薦', '2022-08-26', NULL, NULL),
(1887, 0, 68, 95, 3, '自己動手DIY很有成就感，包裝完整仔細，有機會還是會再繼續回購的', '2022-04-02', NULL, NULL),
(1888, 0, 49, 95, 5, '送給媽媽他很喜歡，包裝保護很完整，價位可以接受', '2022-05-01', NULL, NULL),
(1889, 0, 65, 95, 3, '價格優惠，出貨迅速，包裝完善，有機會還是會再繼續回購的', '2022-11-15', NULL, NULL),
(1890, 0, 18, 95, 3, '很適合買來跟家人一起做，送貨很快速，值得購買', '2022-04-28', NULL, NULL),
(1891, 0, 48, 95, 5, '手殘如我也能順利完成，出貨迅速，包裝完善，很滿足', '2022-04-22', NULL, NULL),
(1892, 0, 58, 95, 5, 'CP值很高，出貨非快速，價位可以接受', '2022-02-20', NULL, NULL),
(1893, 0, 36, 95, 4, '還行吧，有點貴，出貨速度快，物超所值，推推推！', '2022-03-31', NULL, NULL),
(1894, 0, 29, 95, 3, '商品品質超優，送貨包裝非常完整，絕對值得再次回購', '2022-07-23', NULL, NULL),
(1895, 0, 28, 95, 4, '很適合初學者，出貨非快速，會再來買', '2022-09-19', NULL, NULL),
(1896, 0, 82, 95, 4, '還行吧，有點貴，價格很便宜，很滿足', '2022-08-17', NULL, NULL),
(1897, 0, 42, 95, 4, '成品圖看起來很棒但我做不出來，包裝完整仔細，絕對值得再次回購', '2022-04-28', NULL, NULL),
(1898, 0, 18, 95, 4, '超級喜歡，很療育，包裝保護很完整，值得等待！', '2022-09-08', NULL, NULL),
(1899, 0, 65, 95, 4, 'CP值很高，包裝良好，已回購數次', '2022-04-27', NULL, NULL),
(1900, 0, 90, 95, 4, '跟朋友一起買一起做很開心，價格很便宜，很滿足', '2022-07-08', NULL, NULL),
(1901, 0, 8, 96, 5, '超級喜歡，很療育，送貨包裝非常完整，還行吧', '2022-06-08', NULL, NULL),
(1902, 0, 60, 96, 5, '價格偏高但還可以，包裝良好，會再來買', '2022-01-29', NULL, NULL),
(1903, 0, 82, 96, 5, '新手友善，包裝完整服務也很好，會再來買', '2023-02-01', NULL, NULL),
(1904, 0, 19, 96, 5, '價格偏高但還可以，送貨包裝非常完整，有機會還是會再繼續回購的', '2022-10-18', NULL, NULL),
(1905, 0, 77, 96, 5, '價格優惠，包裝完整仔細，果然沒讓我失望', '2022-04-10', NULL, NULL),
(1906, 0, 32, 96, 5, '送給媽媽他很喜歡，出貨速度快，物超所值，還行吧', '2022-06-24', NULL, NULL),
(1907, 0, 16, 96, 5, 'CP值及服務品質一級棒，宅配到家的服務方便，已回購數次', '2022-04-03', NULL, NULL),
(1908, 0, 23, 96, 5, '商品品質超優，出貨迅速，包裝完善，很滿足', '2023-01-07', NULL, NULL),
(1909, 0, 100, 96, 3, '看了心情就很好，送貨很快速，會再來買', '2022-09-01', NULL, NULL),
(1910, 0, 85, 96, 3, '很可愛很喜歡，包裝完整且仔細，有需要會再回購', '2023-01-28', NULL, NULL),
(1911, 0, 95, 96, 3, '還行吧，有點貴，包裝完整服務也很好，值得購買', '2022-05-02', NULL, NULL),
(1912, 0, 71, 96, 3, '送給媽媽他很喜歡，包裝完整，品項齊全，有需要會再回購', '2023-02-28', NULL, NULL),
(1913, 0, 52, 96, 3, '很適合初學者，包裝保護很完整，值得購買', '2022-10-04', NULL, NULL),
(1914, 0, 12, 96, 3, '價格優惠，包裝完整，品項齊全，果然沒讓我失望', '2022-08-11', NULL, NULL),
(1915, 0, 89, 96, 3, '超級喜歡，很療育，送貨很快速，非常值得推薦', '2022-08-31', NULL, NULL),
(1916, 0, 7, 96, 4, '很漂亮，超級喜歡，宅配到家的服務方便，推推推！', '2022-03-14', NULL, NULL),
(1917, 0, 39, 96, 4, '價格優惠，送貨包裝非常完整，值得長期購買', '2022-07-29', NULL, NULL),
(1918, 0, 12, 96, 3, '送朋友當禮物，朋友很開心，包裝完整仔細，值得購買', '2022-03-08', NULL, NULL),
(1919, 0, 65, 96, 5, 'CP值及服務品質一級棒，出貨迅速，包裝完善，還行吧', '2022-12-03', NULL, NULL),
(1920, 0, 2, 96, 3, '跟朋友一起買一起做很開心，出貨非快速，有需要會再回購', '2022-03-10', NULL, NULL),
(1921, 0, 1, 97, 4, '手殘如我也能順利完成，沒有任何受損，不錯不錯，價位可以接受', '2022-07-05', NULL, NULL),
(1922, 0, 21, 97, 3, '很適合買來跟家人一起做，出貨速度快，物超所值，果然沒讓我失望', '2022-09-21', NULL, NULL),
(1923, 0, 55, 97, 3, '有點貴但品質蠻好的，出貨迅速，包裝完善，推推推！', '2022-03-20', NULL, NULL),
(1924, 0, 72, 97, 4, '還行吧，有點貴，沒有任何受損，不錯不錯，價位可以接受', '2022-07-09', NULL, NULL),
(1925, 0, 67, 97, 5, '很適合初學者，價格很便宜，已回購數次', '2023-02-28', NULL, NULL),
(1926, 0, 52, 97, 4, '還行吧，有點貴，出貨速度快，物超所值，絕對值得再次回購', '2022-06-22', NULL, NULL),
(1927, 0, 6, 97, 3, 'CP值很高，沒有任何受損，不錯不錯，還行吧', '2022-09-28', NULL, NULL),
(1928, 0, 47, 97, 4, '跟朋友一起買一起做很開心，送貨包裝非常完整，已回購數次', '2023-01-06', NULL, NULL),
(1929, 0, 5, 97, 3, '成品圖看起來很棒但我做不出來，宅配到家的服務方便，絕對值得再次回購', '2022-10-06', NULL, NULL),
(1930, 0, 32, 97, 5, '超級喜歡，很療育，出貨速度快，物超所值，很滿足', '2022-12-10', NULL, NULL),
(1931, 0, 94, 97, 3, '成品圖看起來很棒但我做不出來，包裝完整仔細，價位可以接受', '2022-05-22', NULL, NULL),
(1932, 0, 66, 97, 3, '普普，還行吧，送貨包裝非常完整，值得等待！', '2022-11-16', NULL, NULL),
(1933, 0, 47, 97, 4, '很可愛很喜歡，包裝完整且仔細，推推推！', '2023-01-23', NULL, NULL),
(1934, 0, 61, 97, 4, '成品圖看起來很棒但我做不出來，包裝良好，還行吧', '2022-12-31', NULL, NULL),
(1935, 0, 74, 97, 4, '有點貴但品質蠻好的，包裝完整且仔細，已回購數次', '2022-09-26', NULL, NULL),
(1936, 0, 34, 97, 4, '小朋友很喜歡玩得很開心，包裝完整，品項齊全，值得等待！', '2022-03-19', NULL, NULL),
(1937, 0, 99, 97, 3, '實體跟照片相符，包裝良好，已回購數次', '2022-03-31', NULL, NULL),
(1938, 0, 54, 97, 4, '價格優惠，宅配到家的服務方便，價位可以接受', '2022-08-08', NULL, NULL),
(1939, 0, 21, 97, 4, '新手友善，宅配到家的服務方便，值得購買', '2022-03-13', NULL, NULL),
(1940, 0, 21, 97, 3, '跟朋友一起買一起做很開心，送貨很快速，有機會還是會再繼續回購的', '2022-02-01', NULL, NULL),
(1941, 0, 35, 98, 3, '商品品質超優，包裝完整且仔細，價位可以接受', '2022-03-16', NULL, NULL),
(1942, 0, 78, 98, 3, '價格優惠，包裝完整，品項齊全，推推推！', '2022-12-08', NULL, NULL),
(1943, 0, 49, 98, 3, '小朋友很喜歡玩得很開心，包裝完整仔細，已回購數次', '2022-08-15', NULL, NULL),
(1944, 0, 78, 98, 4, '送給媽媽他很喜歡，出貨非快速，有需要會再回購', '2022-10-25', NULL, NULL),
(1945, 0, 41, 98, 4, '送朋友當禮物，朋友很開心，包裝完整且仔細，非常值得推薦', '2023-01-10', NULL, NULL),
(1946, 0, 83, 98, 5, '實體跟照片相符，送貨很快速，還行吧', '2022-08-28', NULL, NULL),
(1947, 0, 65, 98, 3, '很適合初學者，出貨非快速，有需要會再回購', '2022-11-25', NULL, NULL),
(1948, 0, 47, 98, 4, '成品圖看起來很棒但我做不出來，沒有任何受損，不錯不錯，還行吧', '2023-01-09', NULL, NULL),
(1949, 0, 92, 98, 3, '送給媽媽他很喜歡，出貨非快速，絕對值得再次回購', '2022-06-26', NULL, NULL),
(1950, 0, 6, 98, 3, '價格優惠，包裝保護很完整，推推推！', '2022-01-31', NULL, NULL),
(1951, 0, 67, 98, 4, '普普，還行吧，沒有任何受損，不錯不錯，值得購買', '2022-12-20', NULL, NULL),
(1952, 0, 78, 98, 3, '很可愛很喜歡，包裝完整，品項齊全，會再來買', '2022-12-24', NULL, NULL),
(1953, 0, 45, 98, 5, '普普，還行吧，價格很便宜，很滿足', '2022-01-19', NULL, NULL),
(1954, 0, 47, 98, 3, '跟朋友一起買一起做很開心，送貨很快速，會再來買', '2023-01-22', NULL, NULL),
(1955, 0, 97, 98, 4, '小朋友很喜歡玩得很開心，包裝完整服務也很好，值得購買', '2022-02-25', NULL, NULL),
(1956, 0, 28, 98, 5, '手殘如我也能順利完成，包裝完整，品項齊全，果然沒讓我失望', '2022-09-23', NULL, NULL),
(1957, 0, 99, 98, 5, '還行吧，有點貴，包裝完整且仔細，價位可以接受', '2022-06-22', NULL, NULL),
(1958, 0, 27, 98, 5, '很可愛很喜歡，沒有任何受損，不錯不錯，還行吧', '2022-08-29', NULL, NULL),
(1959, 0, 71, 98, 5, '看了心情就很好，包裝完整服務也很好，價位可以接受', '2022-11-20', NULL, NULL),
(1960, 0, 46, 98, 3, '很可愛很喜歡，送貨包裝非常完整，值得購買', '2023-01-04', NULL, NULL),
(1961, 0, 37, 99, 4, '成品圖看起來很棒但我做不出來，包裝完整，品項齊全，絕對值得再次回購', '2022-08-05', NULL, NULL),
(1962, 0, 31, 99, 5, '成品圖看起來很棒但我做不出來，包裝完整服務也很好，有機會還是會再繼續回購的', '2022-02-06', NULL, NULL),
(1963, 0, 21, 99, 4, '商品品質超優，價格很便宜，會再來買', '2023-02-25', NULL, NULL),
(1964, 0, 25, 99, 3, '很漂亮，超級喜歡，出貨非快速，值得等待！', '2022-01-14', NULL, NULL),
(1965, 0, 69, 99, 4, '送給媽媽他很喜歡，宅配到家的服務方便，值得購買', '2022-12-17', NULL, NULL),
(1966, 0, 2, 99, 4, '很可愛很喜歡，包裝保護很完整，值得等待！', '2022-05-26', NULL, NULL),
(1967, 0, 69, 99, 3, '實體跟照片相符，包裝完整且仔細，推推推！', '2022-12-29', NULL, NULL),
(1968, 0, 49, 99, 3, '送給媽媽他很喜歡，包裝完整仔細，價位可以接受', '2022-11-01', NULL, NULL),
(1969, 0, 25, 99, 4, 'CP值很高，送貨包裝非常完整，值得長期購買', '2022-08-07', NULL, NULL),
(1970, 0, 28, 99, 4, '成品圖看起來很棒但我做不出來，送貨包裝非常完整，非常值得推薦', '2022-10-27', NULL, NULL),
(1971, 0, 63, 99, 4, 'CP值很高，出貨非快速，非常值得推薦', '2022-06-03', NULL, NULL),
(1972, 0, 39, 99, 4, '普普，還行吧，包裝完整仔細，已回購數次', '2022-03-24', NULL, NULL),
(1973, 0, 98, 99, 5, '很適合初學者，包裝完整仔細，價位可以接受', '2022-06-17', NULL, NULL),
(1974, 0, 87, 99, 5, '看了心情就很好，包裝完整仔細，值得長期購買', '2023-02-25', NULL, NULL),
(1975, 0, 79, 99, 4, '實體跟照片相符，包裝完整服務也很好，非常值得推薦', '2022-09-05', NULL, NULL),
(1976, 0, 54, 99, 4, '實體跟照片相符，送貨包裝非常完整，已回購數次', '2022-07-03', NULL, NULL),
(1977, 0, 57, 99, 5, 'CP值很高，送貨很快速，非常值得推薦', '2022-09-17', NULL, NULL),
(1978, 0, 92, 99, 5, '送朋友當禮物，朋友很開心，出貨速度快，物超所值，很滿足', '2022-02-03', NULL, NULL),
(1979, 0, 56, 99, 4, '自己動手DIY很有成就感，包裝良好，價位可以接受', '2022-12-10', NULL, NULL),
(1980, 0, 71, 99, 5, '看了心情就很好，包裝完整服務也很好，值得購買', '2022-12-10', NULL, NULL),
(1981, 0, 68, 100, 3, '送朋友當禮物，朋友很開心，出貨非快速，果然沒讓我失望', '2022-02-17', NULL, NULL),
(1982, 0, 72, 100, 5, 'CP值很高，出貨迅速，包裝完善，很滿足', '2022-07-03', NULL, NULL),
(1983, 0, 70, 100, 5, '有點貴但品質蠻好的，宅配到家的服務方便，果然沒讓我失望', '2023-01-03', NULL, NULL),
(1984, 0, 79, 100, 3, '自己動手DIY很有成就感，包裝良好，有機會還是會再繼續回購的', '2022-05-04', NULL, NULL),
(1985, 0, 55, 100, 3, '很適合初學者，包裝保護很完整，值得等待！', '2022-06-15', NULL, NULL),
(1986, 0, 46, 100, 5, '還行吧，有點貴，送貨很快速，值得長期購買', '2022-08-22', NULL, NULL),
(1987, 0, 73, 100, 4, '商品品質超優，宅配到家的服務方便，有需要會再回購', '2023-01-20', NULL, NULL),
(1988, 0, 48, 100, 5, '新手友善，送貨很快速，有機會還是會再繼續回購的', '2022-03-16', NULL, NULL),
(1989, 0, 47, 100, 5, '有點貴但品質蠻好的，送貨包裝非常完整，有需要會再回購', '2023-02-01', NULL, NULL),
(1990, 0, 89, 100, 5, '價格優惠，出貨速度快，物超所值，會再來買', '2022-12-01', NULL, NULL),
(1991, 0, 5, 100, 5, '小朋友很喜歡玩得很開心，包裝良好，絕對值得再次回購', '2022-08-16', NULL, NULL),
(1992, 0, 83, 100, 5, '新手友善，出貨迅速，包裝完善，果然沒讓我失望', '2022-10-14', NULL, NULL),
(1993, 0, 40, 100, 4, '有點貴但品質蠻好的，包裝完整仔細，值得長期購買', '2022-06-14', NULL, NULL),
(1994, 0, 69, 100, 4, '送給媽媽他很喜歡，出貨速度快，物超所值，有需要會再回購', '2022-11-02', NULL, NULL),
(1995, 0, 47, 100, 5, 'CP值很高，出貨非快速，有需要會再回購', '2022-06-22', NULL, NULL),
(1996, 0, 80, 100, 5, '商品品質超優，包裝完整且仔細，值得購買', '2022-09-09', NULL, NULL),
(1997, 0, 17, 100, 4, '超級喜歡，很療育，送貨包裝非常完整，還行吧', '2023-01-30', NULL, NULL),
(1998, 0, 87, 100, 3, 'CP值及服務品質一級棒，出貨迅速，包裝完善，已回購數次', '2022-06-05', NULL, NULL),
(1999, 0, 100, 100, 4, '看了心情就很好，出貨迅速，包裝完善，推推推！', '2022-09-08', NULL, NULL),
(2000, 0, 100, 100, 5, '小朋友很喜歡玩得很開心，沒有任何受損，不錯不錯，推推推！', '2022-11-04', NULL, NULL),
(2001, 0, 59, 101, 4, '很適合買來跟家人一起做，出貨速度快，物超所值，價位可以接受', '2022-06-11', NULL, NULL),
(2002, 0, 78, 101, 5, '成品圖看起來很棒但我做不出來，出貨非快速，非常值得推薦', '2022-12-07', NULL, NULL),
(2003, 0, 20, 101, 4, '送給媽媽他很喜歡，送貨包裝非常完整，價位可以接受', '2022-04-02', NULL, NULL),
(2004, 0, 15, 101, 5, '還行吧，有點貴，沒有任何受損，不錯不錯，還行吧', '2022-08-05', NULL, NULL),
(2005, 0, 17, 101, 5, '有點貴但品質蠻好的，出貨速度快，物超所值，有需要會再回購', '2022-03-30', NULL, NULL),
(2006, 0, 33, 101, 3, 'CP值很高，送貨包裝非常完整，值得長期購買', '2022-09-23', NULL, NULL),
(2007, 0, 80, 101, 3, '普普，還行吧，出貨速度快，物超所值，有機會還是會再繼續回購的', '2023-01-14', NULL, NULL),
(2008, 0, 61, 101, 3, '很適合初學者，包裝良好，推推推！', '2022-12-27', NULL, NULL),
(2009, 0, 80, 101, 5, '商品品質超優，包裝保護很完整，值得購買', '2022-09-11', NULL, NULL),
(2010, 0, 58, 101, 5, 'CP值及服務品質一級棒，包裝完整服務也很好，價位可以接受', '2022-04-25', NULL, NULL),
(2011, 0, 18, 101, 5, '商品品質超優，包裝完整且仔細，值得購買', '2022-05-14', NULL, NULL),
(2012, 0, 83, 101, 4, '商品品質超優，沒有任何受損，不錯不錯，值得購買', '2022-09-10', NULL, NULL),
(2013, 0, 26, 101, 4, '送給媽媽他很喜歡，沒有任何受損，不錯不錯，還行吧', '2022-10-23', NULL, NULL),
(2014, 0, 18, 101, 5, 'CP值及服務品質一級棒，價格很便宜，還行吧', '2022-01-19', NULL, NULL),
(2015, 0, 25, 101, 4, '送給媽媽他很喜歡，包裝完整服務也很好，很滿足', '2022-05-09', NULL, NULL),
(2016, 0, 89, 101, 5, '有點貴但品質蠻好的，包裝完整，品項齊全，值得等待！', '2022-10-12', NULL, NULL),
(2017, 0, 31, 101, 3, '小朋友很喜歡玩得很開心，包裝完整，品項齊全，值得等待！', '2022-07-13', NULL, NULL),
(2018, 0, 32, 101, 4, '成品圖看起來很棒但我做不出來，價格很便宜，推推推！', '2022-09-15', NULL, NULL),
(2019, 0, 82, 101, 5, '很適合初學者，包裝完整且仔細，有機會還是會再繼續回購的', '2022-04-18', NULL, NULL),
(2020, 0, 20, 101, 5, '看了心情就很好，包裝保護很完整，有需要會再回購', '2022-05-14', NULL, NULL),
(2021, 0, 86, 102, 5, '價格偏高但還可以，包裝保護很完整，值得購買', '2022-07-21', NULL, NULL),
(2022, 0, 28, 102, 4, '普普，還行吧，包裝保護很完整，值得長期購買', '2022-06-12', NULL, NULL),
(2023, 0, 50, 102, 5, '很可愛很喜歡，出貨速度快，物超所值，值得購買', '2022-04-11', NULL, NULL),
(2024, 0, 4, 102, 3, '看了心情就很好，包裝保護很完整，果然沒讓我失望', '2022-12-15', NULL, NULL),
(2025, 0, 76, 102, 5, '很漂亮，超級喜歡，出貨速度快，物超所值，非常值得推薦', '2022-07-15', NULL, NULL),
(2026, 0, 85, 102, 4, '實體跟照片相符，送貨包裝非常完整，還行吧', '2022-06-10', NULL, NULL),
(2027, 0, 93, 102, 4, '自己動手DIY很有成就感，出貨非快速，值得購買', '2022-03-30', NULL, NULL),
(2028, 0, 35, 102, 3, '跟朋友一起買一起做很開心，送貨包裝非常完整，價位可以接受', '2023-01-16', NULL, NULL),
(2029, 0, 31, 102, 4, '小朋友很喜歡玩得很開心，送貨包裝非常完整，還行吧', '2022-06-25', NULL, NULL),
(2030, 0, 86, 102, 5, '送給媽媽他很喜歡，包裝良好，有需要會再回購', '2022-10-09', NULL, NULL),
(2031, 0, 33, 102, 3, '實體跟照片相符，包裝完整服務也很好，已回購數次', '2022-07-26', NULL, NULL),
(2032, 0, 77, 102, 3, '很適合初學者，送貨很快速，會再來買', '2022-11-23', NULL, NULL),
(2033, 0, 84, 102, 3, '還行吧，有點貴，出貨迅速，包裝完善，值得長期購買', '2023-01-30', NULL, NULL),
(2034, 0, 34, 102, 4, '跟朋友一起買一起做很開心，價格很便宜，已回購數次', '2023-02-28', NULL, NULL),
(2035, 0, 69, 102, 5, '有點貴但品質蠻好的，包裝完整服務也很好，已回購數次', '2022-10-09', NULL, NULL),
(2036, 0, 95, 102, 5, '手殘如我也能順利完成，包裝保護很完整，很滿足', '2023-02-21', NULL, NULL),
(2037, 0, 76, 102, 4, '價格偏高但還可以，宅配到家的服務方便，值得等待！', '2022-10-04', NULL, NULL),
(2038, 0, 77, 102, 5, '自己動手DIY很有成就感，包裝良好，有需要會再回購', '2022-10-23', NULL, NULL),
(2039, 0, 84, 102, 3, '價格優惠，包裝完整服務也很好，絕對值得再次回購', '2023-01-13', NULL, NULL),
(2040, 0, 7, 102, 5, '價格偏高但還可以，送貨很快速，很滿足', '2022-05-06', NULL, NULL),
(2041, 0, 34, 103, 5, '手殘如我也能順利完成，出貨非快速，果然沒讓我失望', '2023-01-21', NULL, NULL),
(2042, 0, 12, 103, 5, '小朋友很喜歡玩得很開心，包裝良好，價位可以接受', '2022-08-28', NULL, NULL),
(2043, 0, 19, 103, 5, '很可愛很喜歡，包裝完整，品項齊全，果然沒讓我失望', '2022-04-02', NULL, NULL),
(2044, 0, 51, 103, 5, '很適合初學者，包裝完整仔細，值得等待！', '2022-01-20', NULL, NULL),
(2045, 0, 81, 103, 4, '很可愛很喜歡，宅配到家的服務方便，絕對值得再次回購', '2022-10-05', NULL, NULL),
(2046, 0, 27, 103, 4, 'CP值及服務品質一級棒，包裝完整服務也很好，值得等待！', '2022-07-22', NULL, NULL),
(2047, 0, 43, 103, 4, 'CP值及服務品質一級棒，價格很便宜，有機會還是會再繼續回購的', '2022-02-25', NULL, NULL),
(2048, 0, 88, 103, 5, '看了心情就很好，沒有任何受損，不錯不錯，很滿足', '2022-08-24', NULL, NULL),
(2049, 0, 97, 103, 3, '有點貴但品質蠻好的，出貨非快速，值得購買', '2022-05-19', NULL, NULL),
(2050, 0, 4, 103, 3, '自己動手DIY很有成就感，送貨包裝非常完整，絕對值得再次回購', '2022-02-21', NULL, NULL),
(2051, 0, 34, 103, 5, '商品品質超優，送貨很快速，值得長期購買', '2022-10-23', NULL, NULL),
(2052, 0, 36, 103, 3, '跟朋友一起買一起做很開心，包裝良好，果然沒讓我失望', '2023-02-03', NULL, NULL),
(2053, 0, 59, 103, 3, '商品品質超優，宅配到家的服務方便，有需要會再回購', '2023-02-25', NULL, NULL),
(2054, 0, 20, 103, 5, 'CP值及服務品質一級棒，包裝完整服務也很好，會再來買', '2022-01-28', NULL, NULL),
(2055, 0, 76, 103, 4, '價格優惠，送貨包裝非常完整，價位可以接受', '2022-07-14', NULL, NULL),
(2056, 0, 67, 103, 4, '新手友善，價格很便宜，絕對值得再次回購', '2022-04-06', NULL, NULL),
(2057, 0, 5, 103, 5, '小朋友很喜歡玩得很開心，包裝完整服務也很好，值得長期購買', '2022-10-15', NULL, NULL),
(2058, 0, 12, 103, 5, '實體跟照片相符，出貨迅速，包裝完善，絕對值得再次回購', '2022-07-07', NULL, NULL),
(2059, 0, 24, 103, 5, '送給媽媽他很喜歡，包裝良好，值得等待！', '2023-02-01', NULL, NULL),
(2060, 0, 76, 103, 5, '實體跟照片相符，包裝完整服務也很好，很滿足', '2022-03-07', NULL, NULL),
(2061, 0, 92, 104, 5, '商品品質超優，價格很便宜，果然沒讓我失望', '2022-06-22', NULL, NULL),
(2062, 0, 32, 104, 5, '小朋友很喜歡玩得很開心，沒有任何受損，不錯不錯，值得購買', '2022-05-29', NULL, NULL),
(2063, 0, 58, 104, 3, '很適合初學者，包裝完整，品項齊全，值得長期購買', '2022-01-20', NULL, NULL),
(2064, 0, 83, 104, 4, '新手友善，送貨包裝非常完整，非常值得推薦', '2022-08-04', NULL, NULL),
(2065, 0, 100, 104, 4, '很適合買來跟家人一起做，沒有任何受損，不錯不錯，還行吧', '2022-02-07', NULL, NULL);
INSERT INTO `comment_product` (`sid`, `order_product_details_sid`, `member_sid`, `product_sid`, `comment_value`, `comment_content`, `comment_publish_date`, `comment_re`, `comment_update_date`) VALUES
(2066, 0, 8, 104, 3, 'CP值及服務品質一級棒，出貨速度快，物超所值，值得等待！', '2022-01-31', NULL, NULL),
(2067, 0, 34, 104, 5, '小朋友很喜歡玩得很開心，包裝完整仔細，推推推！', '2022-11-27', NULL, NULL),
(2068, 0, 40, 104, 3, '商品品質超優，包裝完整且仔細，會再來買', '2022-09-11', NULL, NULL),
(2069, 0, 7, 104, 5, '成品圖看起來很棒但我做不出來，送貨很快速，價位可以接受', '2022-11-14', NULL, NULL),
(2070, 0, 36, 104, 4, '價格偏高但還可以，包裝完整仔細，價位可以接受', '2022-02-21', NULL, NULL),
(2071, 0, 10, 104, 5, '跟朋友一起買一起做很開心，送貨包裝非常完整，果然沒讓我失望', '2022-09-23', NULL, NULL),
(2072, 0, 63, 104, 4, '很漂亮，超級喜歡，包裝完整仔細，值得長期購買', '2022-04-04', NULL, NULL),
(2073, 0, 65, 104, 4, '價格偏高但還可以，送貨包裝非常完整，推推推！', '2022-09-29', NULL, NULL),
(2074, 0, 25, 104, 3, '跟朋友一起買一起做很開心，包裝完整仔細，會再來買', '2022-09-19', NULL, NULL),
(2075, 0, 63, 104, 5, '手殘如我也能順利完成，送貨包裝非常完整，果然沒讓我失望', '2022-04-12', NULL, NULL),
(2076, 0, 77, 104, 4, 'CP值及服務品質一級棒，包裝完整服務也很好，推推推！', '2022-12-07', NULL, NULL),
(2077, 0, 61, 104, 4, 'CP值及服務品質一級棒，出貨非快速，會再來買', '2022-10-09', NULL, NULL),
(2078, 0, 58, 104, 3, '小朋友很喜歡玩得很開心，出貨迅速，包裝完善，值得購買', '2022-11-07', NULL, NULL),
(2079, 0, 20, 104, 3, '看了心情就很好，宅配到家的服務方便，值得等待！', '2022-05-23', NULL, NULL),
(2080, 0, 24, 104, 4, '小朋友很喜歡玩得很開心，包裝完整服務也很好，會再來買', '2022-12-09', NULL, NULL),
(2081, 0, 89, 105, 5, '普普，還行吧，包裝完整服務也很好，果然沒讓我失望', '2022-03-28', NULL, NULL),
(2082, 0, 28, 105, 4, '送給媽媽他很喜歡，送貨很快速，值得購買', '2022-03-12', NULL, NULL),
(2083, 0, 87, 105, 3, '很適合買來跟家人一起做，包裝保護很完整，推推推！', '2022-05-15', NULL, NULL),
(2084, 0, 25, 105, 5, '送給媽媽他很喜歡，送貨很快速，已回購數次', '2022-06-04', NULL, NULL),
(2085, 0, 40, 105, 5, '很可愛很喜歡，出貨速度快，物超所值，很滿足', '2023-02-17', NULL, NULL),
(2086, 0, 69, 105, 5, '還行吧，有點貴，出貨迅速，包裝完善，價位可以接受', '2022-02-28', NULL, NULL),
(2087, 0, 38, 105, 3, 'CP值很高，包裝完整服務也很好，果然沒讓我失望', '2022-12-02', NULL, NULL),
(2088, 0, 68, 105, 3, '很可愛很喜歡，價格很便宜，會再來買', '2022-07-31', NULL, NULL),
(2089, 0, 75, 105, 5, '很適合初學者，包裝良好，值得購買', '2022-11-22', NULL, NULL),
(2090, 0, 8, 105, 4, 'CP值很高，出貨非快速，價位可以接受', '2022-11-21', NULL, NULL),
(2091, 0, 21, 105, 4, '跟朋友一起買一起做很開心，包裝保護很完整，非常值得推薦', '2022-04-05', NULL, NULL),
(2092, 0, 80, 105, 4, '超級喜歡，很療育，包裝完整仔細，有需要會再回購', '2022-08-15', NULL, NULL),
(2093, 0, 5, 105, 5, '有點貴但品質蠻好的，包裝完整，品項齊全，已回購數次', '2022-03-06', NULL, NULL),
(2094, 0, 81, 105, 5, '實體跟照片相符，宅配到家的服務方便，非常值得推薦', '2022-02-11', NULL, NULL),
(2095, 0, 52, 105, 5, '實體跟照片相符，包裝完整，品項齊全，值得購買', '2022-08-11', NULL, NULL),
(2096, 0, 24, 105, 3, '小朋友很喜歡玩得很開心，出貨迅速，包裝完善，絕對值得再次回購', '2023-01-30', NULL, NULL),
(2097, 0, 8, 105, 5, '商品品質超優，包裝良好，價位可以接受', '2022-10-17', NULL, NULL),
(2098, 0, 17, 105, 4, '很漂亮，超級喜歡，包裝完整，品項齊全，值得購買', '2022-11-10', NULL, NULL),
(2099, 0, 11, 105, 4, '有點貴但品質蠻好的，包裝完整且仔細，有需要會再回購', '2022-01-17', NULL, NULL),
(2100, 0, 21, 105, 5, '價格優惠，出貨非快速，果然沒讓我失望', '2022-11-26', NULL, NULL),
(2101, 0, 31, 106, 3, '很可愛很喜歡，包裝完整且仔細，會再來買', '2022-03-29', NULL, NULL),
(2102, 0, 34, 106, 4, '還行吧，有點貴，包裝完整仔細，果然沒讓我失望', '2022-07-06', NULL, NULL),
(2103, 0, 37, 106, 4, 'CP值及服務品質一級棒，出貨速度快，物超所值，還行吧', '2022-07-26', NULL, NULL),
(2104, 0, 57, 106, 5, '還行吧，有點貴，包裝良好，還行吧', '2022-01-24', NULL, NULL),
(2105, 0, 22, 106, 4, '商品品質超優，宅配到家的服務方便，值得長期購買', '2023-01-27', NULL, NULL),
(2106, 0, 8, 106, 3, '很適合買來跟家人一起做，包裝完整仔細，值得等待！', '2022-12-14', NULL, NULL),
(2107, 0, 17, 106, 4, '很可愛很喜歡，包裝完整且仔細，果然沒讓我失望', '2022-09-04', NULL, NULL),
(2108, 0, 36, 106, 3, '還行吧，有點貴，出貨非快速，已回購數次', '2022-11-19', NULL, NULL),
(2109, 0, 82, 106, 5, '超級喜歡，很療育，送貨包裝非常完整，值得長期購買', '2022-06-29', NULL, NULL),
(2110, 0, 67, 106, 5, '有點貴但品質蠻好的，包裝完整仔細，已回購數次', '2022-10-19', NULL, NULL),
(2111, 0, 90, 106, 3, '送朋友當禮物，朋友很開心，包裝完整，品項齊全，很滿足', '2022-04-09', NULL, NULL),
(2112, 0, 65, 106, 3, '手殘如我也能順利完成，沒有任何受損，不錯不錯，有需要會再回購', '2022-03-10', NULL, NULL),
(2113, 0, 93, 106, 4, '成品圖看起來很棒但我做不出來，包裝完整仔細，值得等待！', '2022-09-28', NULL, NULL),
(2114, 0, 39, 106, 4, '新手友善，出貨非快速，值得等待！', '2022-02-11', NULL, NULL),
(2115, 0, 87, 106, 3, '小朋友很喜歡玩得很開心，價格很便宜，會再來買', '2023-02-01', NULL, NULL),
(2116, 0, 10, 106, 3, '成品圖看起來很棒但我做不出來，包裝良好，值得長期購買', '2022-04-18', NULL, NULL),
(2117, 0, 77, 106, 4, '很適合買來跟家人一起做，價格很便宜，有機會還是會再繼續回購的', '2022-05-25', NULL, NULL),
(2118, 0, 4, 106, 4, '小朋友很喜歡玩得很開心，送貨很快速，有需要會再回購', '2023-02-01', NULL, NULL),
(2119, 0, 68, 106, 3, 'CP值很高，包裝完整且仔細，會再來買', '2022-08-01', NULL, NULL),
(2120, 0, 19, 106, 4, '自己動手DIY很有成就感，出貨迅速，包裝完善，值得購買', '2022-12-06', NULL, NULL),
(2121, 0, 2, 107, 3, '價格優惠，冷藏配送超新鮮，非常值得推薦', '2023-02-01', NULL, NULL),
(2122, 0, 73, 107, 4, '品質還不錯，宅配到家的服務方便，吃一口就想回購', '2022-01-01', NULL, NULL),
(2123, 0, 91, 107, 3, '第N次訂購了，包裝完整仔細，還行吧', '2022-11-04', NULL, NULL),
(2124, 0, 6, 107, 5, '新鮮、品質好，防疫在家買菜不用愁，包裝保護很完整，價位可以接受', '2022-02-15', NULL, NULL),
(2125, 0, 80, 107, 4, '味道酸酸甜甜剛剛好，出貨非快速，還行吧', '2022-03-04', NULL, NULL),
(2126, 0, 53, 107, 5, '外表很漂亮但口感還好，包裝完整，品項齊全，會再來買', '2023-01-23', NULL, NULL),
(2127, 0, 28, 107, 5, '沒有很甜但也還行，價格很便宜，值得長期購買', '2022-05-31', NULL, NULL),
(2128, 0, 81, 107, 5, '價格優惠，包裝保護很完整，絕對值得再次回購', '2022-04-09', NULL, NULL),
(2129, 0, 98, 107, 5, '香氣很足，包裝完整服務也很好，果然沒讓我失望', '2022-02-20', NULL, NULL),
(2130, 0, 63, 107, 3, 'CP值及服務品質一級棒，送貨很快速，還行吧', '2022-10-24', NULL, NULL),
(2131, 0, 31, 107, 5, '超級好吃的啦，冷藏配送超新鮮，絕對值得再次回購', '2022-11-28', NULL, NULL),
(2132, 0, 80, 107, 4, '菜蠻甜的，價格很便宜，有機會還是會再繼續回購的', '2022-09-12', NULL, NULL),
(2133, 0, 46, 107, 4, '品質還不錯，出貨速度快，物超所值，價位可以接受', '2022-08-24', NULL, NULL),
(2134, 0, 60, 107, 3, '第N次訂購了，送貨包裝非常完整，有需要會再回購', '2022-10-27', NULL, NULL),
(2135, 0, 66, 107, 5, '品質還不錯，送貨包裝非常完整，有機會還是會再繼續回購的', '2022-11-30', NULL, NULL),
(2136, 0, 85, 107, 3, '新鮮、品質好，防疫在家買菜不用愁，沒有任何受損，不錯不錯，值得等待！', '2023-01-31', NULL, NULL),
(2137, 0, 25, 107, 3, '外表很漂亮但口感還好，包裝完整且仔細，吃一口就想回購', '2022-06-13', NULL, NULL),
(2138, 0, 48, 107, 4, '雖然有一顆爛的，其他品質都不錯，包裝完整且仔細，非常值得推薦', '2022-04-20', NULL, NULL),
(2139, 0, 4, 107, 5, '外表很漂亮但口感還好，冷藏配送超新鮮，值得購買', '2022-12-10', NULL, NULL),
(2140, 0, 1, 107, 4, '飽滿濃郁，送貨很快速，有機會還是會再繼續回購的', '2022-06-17', NULL, NULL),
(2141, 0, 19, 108, 4, '吃起來有點澀，出貨迅速，包裝完善，值得長期購買', '2022-01-29', NULL, NULL),
(2142, 0, 40, 108, 3, '菜蠻甜的，價格很便宜，很滿足', '2023-01-04', NULL, NULL),
(2143, 0, 45, 108, 3, '香氣很足，包裝呵護食品包裝良好，好吃會一直回購', '2022-06-20', NULL, NULL),
(2144, 0, 72, 108, 4, '超級好吃的啦，價格很便宜，好吃會一直回購', '2022-12-12', NULL, NULL),
(2145, 0, 70, 108, 5, '價格優惠，沒有任何受損，不錯不錯，值得購買', '2022-09-23', NULL, NULL),
(2146, 0, 86, 108, 4, '品質還不錯，包裝完整，品項齊全，非常值得推薦', '2022-09-19', NULL, NULL),
(2147, 0, 74, 108, 5, '外表很漂亮但口感還好，送貨包裝非常完整，期待開吃', '2022-08-04', NULL, NULL),
(2148, 0, 90, 108, 5, '超級好吃的啦，包裝完整，品項齊全，推推推！', '2022-09-05', NULL, NULL),
(2149, 0, 87, 108, 3, '價格很實會，菜都很漂亮，包裝完整，品項齊全，值得長期購買', '2022-06-12', NULL, NULL),
(2150, 0, 70, 108, 5, '沒有很甜但也還行，包裝完整且仔細，值得等待！', '2022-08-04', NULL, NULL),
(2151, 0, 67, 108, 4, '第N次訂購了，出貨非快速，已回購數次', '2022-07-28', NULL, NULL),
(2152, 0, 35, 108, 3, '很甜很好吃，價格很便宜，值得等待！', '2022-06-13', NULL, NULL),
(2153, 0, 64, 108, 5, '味道酸酸甜甜剛剛好，出貨速度快，物超所值，還行吧', '2022-01-20', NULL, NULL),
(2154, 0, 54, 108, 5, '蔬菜都很新鮮、漂亮，包裝完整服務也很好，絕對值得再次回購', '2022-06-08', NULL, NULL),
(2155, 0, 10, 108, 4, '味濃郁清甜好好吃，包裝呵護食品包裝良好，值得長期購買', '2022-03-13', NULL, NULL),
(2156, 0, 37, 108, 5, '真是太滿意了，出貨速度快，物超所值，很滿足', '2022-03-03', NULL, NULL),
(2157, 0, 7, 108, 5, '買點好東西寄回老家孝敬父母，包裝完整，品項齊全，很滿足', '2022-12-07', NULL, NULL),
(2158, 0, 4, 108, 4, 'CP值很高，包裝呵護食品包裝良好，值得等待！', '2023-01-05', NULL, NULL),
(2159, 0, 16, 108, 4, '菜蠻甜的，價格很便宜，有需要會再回購', '2022-11-21', NULL, NULL),
(2160, 0, 55, 108, 4, '香氣很足，包裝完整且仔細，果然沒讓我失望', '2022-08-30', NULL, NULL),
(2161, 0, 44, 109, 5, '第N次訂購了，出貨非快速，果然沒讓我失望', '2022-08-09', NULL, NULL),
(2162, 0, 70, 109, 3, '味濃郁清甜好好吃，包裝完整仔細，會再來買', '2022-11-24', NULL, NULL),
(2163, 0, 12, 109, 4, '包裝完整蔬菜好吃比全X的還要有誠意，包裝完整且仔細，已回購數次', '2022-08-10', NULL, NULL),
(2164, 0, 89, 109, 3, '吃起來有點澀，價格很便宜，值得等待！', '2022-11-02', NULL, NULL),
(2165, 0, 100, 109, 5, '味道酸酸甜甜剛剛好，包裝保護很完整，有機會還是會再繼續回購的', '2022-06-02', NULL, NULL),
(2166, 0, 57, 109, 3, '香氣很足，出貨非快速，已回購數次', '2022-04-22', NULL, NULL),
(2167, 0, 39, 109, 4, '飽滿濃郁，包裝完整服務也很好，已回購數次', '2022-10-24', NULL, NULL),
(2168, 0, 7, 109, 4, '第N次訂購了，宅配到家的服務方便，推推推！', '2022-02-13', NULL, NULL),
(2169, 0, 11, 109, 3, '價格優惠，包裝完整仔細，有需要會再回購', '2022-07-04', NULL, NULL),
(2170, 0, 100, 109, 5, '一開箱香氣撲面而來，怎麼會這麼香，包裝保護很完整，有機會還是會再繼續回購的', '2022-01-30', NULL, NULL),
(2171, 0, 100, 109, 4, '吃起來有點澀，包裝保護很完整，值得等待！', '2022-11-27', NULL, NULL),
(2172, 0, 29, 109, 4, '超級好吃的啦，包裝完整且仔細，有機會還是會再繼續回購的', '2022-07-13', NULL, NULL),
(2173, 0, 82, 109, 4, '吃起來有點澀，出貨速度快，物超所值，還行吧', '2022-08-11', NULL, NULL),
(2174, 0, 27, 109, 5, '品質還不錯，價格很便宜，值得長期購買', '2022-02-24', NULL, NULL),
(2175, 0, 56, 109, 5, '不出門就能吃到新鮮的蔬菜是非常幸福的事，包裝完整，品項齊全，非常值得推薦', '2022-12-16', NULL, NULL),
(2176, 0, 32, 109, 4, '真是太滿意了，出貨迅速，包裝完善，價位可以接受', '2022-09-23', NULL, NULL),
(2177, 0, 28, 109, 4, '買點好東西寄回老家孝敬父母，冷藏配送超新鮮，有需要會再回購', '2022-12-17', NULL, NULL),
(2178, 0, 4, 109, 3, '口感真的不錯，很好吃，送貨包裝非常完整，非常值得推薦', '2023-02-13', NULL, NULL),
(2179, 0, 72, 109, 3, '包裝完整蔬菜好吃比全X的還要有誠意，出貨迅速，包裝完善，已回購數次', '2022-04-14', NULL, NULL),
(2180, 0, 84, 109, 3, '吃起來有點澀，包裝完整仔細，很滿足', '2022-09-13', NULL, NULL),
(2181, 0, 77, 110, 5, '收到就馬上開始煮來吃了，包裝完整服務也很好，吃一口就想回購', '2022-05-13', NULL, NULL),
(2182, 0, 30, 110, 3, '第N次訂購了，包裝保護很完整，推推推！', '2022-11-12', NULL, NULL),
(2183, 0, 82, 110, 3, '收到就馬上開始煮來吃了，包裝保護很完整，推推推！', '2022-07-12', NULL, NULL),
(2184, 0, 34, 110, 3, '新鮮、品質好，防疫在家買菜不用愁，出貨速度快，物超所值，有需要會再回購', '2022-04-25', NULL, NULL),
(2185, 0, 35, 110, 5, '皮較粗糙一點，冷藏配送超新鮮，有需要會再回購', '2022-05-31', NULL, NULL),
(2186, 0, 8, 110, 3, '口感真的不錯，很好吃，包裝完整，品項齊全，值得等待！', '2022-04-20', NULL, NULL),
(2187, 0, 14, 110, 4, '普普通通，宅配到家的服務方便，絕對值得再次回購', '2022-03-04', NULL, NULL),
(2188, 0, 5, 110, 5, '商品品質超優，包裝保護很完整，還行吧', '2023-01-23', NULL, NULL),
(2189, 0, 80, 110, 5, '真是太滿意了，出貨速度快，物超所值，非常值得推薦', '2022-01-07', NULL, NULL),
(2190, 0, 49, 110, 3, '包裝完整蔬菜好吃比全X的還要有誠意，冷藏配送超新鮮，值得長期購買', '2023-01-08', NULL, NULL),
(2191, 0, 73, 110, 4, '包裝完整蔬菜好吃比全X的還要有誠意，包裝完整，品項齊全，值得購買', '2022-12-08', NULL, NULL),
(2192, 0, 93, 110, 5, '雖然有一顆爛的，其他品質都不錯，包裝保護很完整，好吃會一直回購', '2022-05-20', NULL, NULL),
(2193, 0, 88, 110, 5, '口感真的不錯，很好吃，包裝呵護食品包裝良好，有需要會再回購', '2022-02-20', NULL, NULL),
(2194, 0, 33, 110, 3, '品質還不錯，包裝呵護食品包裝良好，有機會還是會再繼續回購的', '2023-02-16', NULL, NULL),
(2195, 0, 89, 110, 3, '很甜很好吃，包裝完整，品項齊全，果然沒讓我失望', '2022-06-09', NULL, NULL),
(2196, 0, 44, 110, 3, '收到就馬上開始煮來吃了，送貨包裝非常完整，還行吧', '2022-09-05', NULL, NULL),
(2197, 0, 47, 110, 3, '味道酸酸甜甜剛剛好，包裝完整，品項齊全，好吃會一直回購', '2022-12-28', NULL, NULL),
(2198, 0, 45, 110, 5, '香氣很足，沒有任何受損，不錯不錯，推推推！', '2022-01-21', NULL, NULL),
(2199, 0, 41, 110, 4, '買點好東西寄回老家孝敬父母，送貨很快速，還行吧', '2022-05-03', NULL, NULL),
(2200, 0, 14, 110, 3, '吃起來有點澀，沒有任何受損，不錯不錯，推推推！', '2022-06-11', NULL, NULL),
(2201, 0, 88, 111, 3, '香氣很足，價格很便宜，價位可以接受', '2022-02-12', NULL, NULL),
(2202, 0, 63, 111, 5, '收到就馬上開始煮來吃了，包裝完整仔細，好吃會一直回購', '2023-01-26', NULL, NULL),
(2203, 0, 69, 111, 3, '超級好吃的啦，包裝呵護食品包裝良好，值得長期購買', '2022-04-01', NULL, NULL),
(2204, 0, 86, 111, 5, '價格優惠，送貨很快速，非常值得推薦', '2022-02-25', NULL, NULL),
(2205, 0, 55, 111, 5, '蔬菜都很新鮮、漂亮，包裝保護很完整，果然沒讓我失望', '2022-04-14', NULL, NULL),
(2206, 0, 9, 111, 3, '沒有很甜但也還行，送貨很快速，絕對值得再次回購', '2022-12-25', NULL, NULL),
(2207, 0, 99, 111, 4, '包裝完整蔬菜好吃比全X的還要有誠意，出貨迅速，包裝完善，值得購買', '2022-04-20', NULL, NULL),
(2208, 0, 83, 111, 4, '新鮮、品質好，防疫在家買菜不用愁，包裝完整仔細，推推推！', '2022-12-04', NULL, NULL),
(2209, 0, 98, 111, 5, '很甜很好吃，宅配到家的服務方便，有機會還是會再繼續回購的', '2022-10-09', NULL, NULL),
(2210, 0, 43, 111, 5, 'CP值及服務品質一級棒，送貨很快速，已回購數次', '2022-05-26', NULL, NULL),
(2211, 0, 73, 111, 5, '第N次訂購了，冷藏配送超新鮮，值得購買', '2022-02-04', NULL, NULL),
(2212, 0, 20, 111, 4, '雖然有一顆爛的，其他品質都不錯，宅配到家的服務方便，有機會還是會再繼續回購的', '2022-02-06', NULL, NULL),
(2213, 0, 95, 111, 3, '外表很漂亮但口感還好，出貨速度快，物超所值，有需要會再回購', '2022-09-30', NULL, NULL),
(2214, 0, 44, 111, 5, '雖然有一顆爛的，其他品質都不錯，出貨速度快，物超所值，會再來買', '2022-07-24', NULL, NULL),
(2215, 0, 86, 111, 5, '沒有很甜但也還行，包裝保護很完整，值得長期購買', '2022-11-08', NULL, NULL),
(2216, 0, 81, 111, 3, '商品品質超優，送貨包裝非常完整，有需要會再回購', '2022-04-07', NULL, NULL),
(2217, 0, 37, 111, 5, '一開箱香氣撲面而來，怎麼會這麼香，出貨速度快，物超所值，值得購買', '2022-05-31', NULL, NULL),
(2218, 0, 90, 111, 4, '一開箱香氣撲面而來，怎麼會這麼香，包裝保護很完整，已回購數次', '2022-06-13', NULL, NULL),
(2219, 0, 1, 111, 4, '吃起來有點澀，送貨包裝非常完整，很滿足', '2022-05-20', NULL, NULL),
(2220, 0, 81, 111, 3, '真是太滿意了，冷藏配送超新鮮，好吃會一直回購', '2022-03-05', NULL, NULL),
(2221, 0, 49, 112, 5, '蔬菜都很新鮮、漂亮，送貨很快速，推推推！', '2022-05-24', NULL, NULL),
(2222, 0, 27, 112, 3, '各種有機蔬菜都還很新鮮，送貨很快速，已回購數次', '2022-11-23', NULL, NULL),
(2223, 0, 15, 112, 5, '外表很漂亮但口感還好，沒有任何受損，不錯不錯，期待開吃', '2022-08-17', NULL, NULL),
(2224, 0, 54, 112, 5, 'CP值及服務品質一級棒，宅配到家的服務方便，期待開吃', '2022-06-05', NULL, NULL),
(2225, 0, 31, 112, 5, '普普通通，出貨迅速，包裝完善，推推推！', '2022-06-16', NULL, NULL),
(2226, 0, 85, 112, 3, '真是太滿意了，宅配到家的服務方便，有機會還是會再繼續回購的', '2022-10-31', NULL, NULL),
(2227, 0, 2, 112, 4, '商品品質超優，出貨非快速，果然沒讓我失望', '2022-11-03', NULL, NULL),
(2228, 0, 94, 112, 5, '口感真的不錯，很好吃，包裝完整仔細，有需要會再回購', '2022-02-21', NULL, NULL),
(2229, 0, 42, 112, 3, '蔬菜都很新鮮、漂亮，包裝完整仔細，期待開吃', '2022-02-26', NULL, NULL),
(2230, 0, 82, 112, 3, '菜蠻甜的，包裝完整且仔細，有需要會再回購', '2023-01-12', NULL, NULL),
(2231, 0, 73, 112, 4, '不出門就能吃到新鮮的蔬菜是非常幸福的事，包裝完整且仔細，果然沒讓我失望', '2022-08-10', NULL, NULL),
(2232, 0, 95, 112, 4, '普普通通，宅配到家的服務方便，值得購買', '2023-02-08', NULL, NULL),
(2233, 0, 39, 112, 4, '味道酸酸甜甜剛剛好，價格很便宜，有需要會再回購', '2022-12-14', NULL, NULL),
(2234, 0, 38, 112, 4, '品質還不錯，沒有任何受損，不錯不錯，還行吧', '2022-10-20', NULL, NULL),
(2235, 0, 39, 112, 4, '不出門就能吃到新鮮的蔬菜是非常幸福的事，送貨很快速，絕對值得再次回購', '2022-07-26', NULL, NULL),
(2236, 0, 94, 112, 4, '口感真的不錯，很好吃，出貨速度快，物超所值，值得購買', '2022-03-02', NULL, NULL),
(2237, 0, 17, 112, 4, '新鮮、品質好，防疫在家買菜不用愁，出貨迅速，包裝完善，值得購買', '2023-01-30', NULL, NULL),
(2238, 0, 96, 112, 3, '各種有機蔬菜都還很新鮮，沒有任何受損，不錯不錯，已回購數次', '2022-12-02', NULL, NULL),
(2239, 0, 73, 112, 3, '飽滿濃郁，送貨很快速，還行吧', '2022-02-24', NULL, NULL),
(2240, 0, 40, 112, 3, '口感真的不錯，很好吃，包裝完整仔細，值得長期購買', '2022-03-06', NULL, NULL),
(2241, 0, 3, 113, 4, '香氣很足，出貨速度快，物超所值，有需要會再回購', '2023-02-16', NULL, NULL),
(2242, 0, 37, 113, 4, '香氣很足，出貨非快速，價位可以接受', '2022-09-12', NULL, NULL),
(2243, 0, 100, 113, 4, '外表很漂亮但口感還好，包裝完整且仔細，有機會還是會再繼續回購的', '2022-01-03', NULL, NULL),
(2244, 0, 37, 113, 3, '品質還不錯，出貨非快速，已回購數次', '2022-09-10', NULL, NULL),
(2245, 0, 66, 113, 5, '超級好吃的啦，包裝呵護食品包裝良好，吃一口就想回購', '2022-01-19', NULL, NULL),
(2246, 0, 16, 113, 3, '很甜很好吃，包裝保護很完整，非常值得推薦', '2022-12-29', NULL, NULL),
(2247, 0, 8, 113, 5, '皮較粗糙一點，價格很便宜，還行吧', '2022-02-20', NULL, NULL),
(2248, 0, 37, 113, 3, '沒有很甜但也還行，包裝保護很完整，值得長期購買', '2022-07-03', NULL, NULL),
(2249, 0, 5, 113, 4, '沒有很甜但也還行，價格很便宜，吃一口就想回購', '2022-09-02', NULL, NULL),
(2250, 0, 88, 113, 4, '新鮮、品質好，防疫在家買菜不用愁，送貨包裝非常完整，值得等待！', '2022-12-30', NULL, NULL),
(2251, 0, 24, 113, 4, '菜蠻甜的，冷藏配送超新鮮，值得購買', '2022-08-24', NULL, NULL),
(2252, 0, 17, 113, 5, '真是太滿意了，沒有任何受損，不錯不錯，值得等待！', '2022-02-04', NULL, NULL),
(2253, 0, 97, 113, 5, '品質還不錯，包裝呵護食品包裝良好，果然沒讓我失望', '2022-03-15', NULL, NULL),
(2254, 0, 86, 113, 5, '商品品質超優，出貨非快速，還行吧', '2022-09-05', NULL, NULL),
(2255, 0, 47, 113, 3, '外表有些磕碰傷，但無損口感，送貨包裝非常完整，還行吧', '2022-01-19', NULL, NULL),
(2256, 0, 97, 113, 4, '飽滿濃郁，包裝完整服務也很好，吃一口就想回購', '2022-12-26', NULL, NULL),
(2257, 0, 15, 113, 5, '商品品質超優，出貨非快速，推推推！', '2022-02-03', NULL, NULL),
(2258, 0, 83, 113, 4, '夠新鮮，好吃，價格很便宜，有需要會再回購', '2022-05-15', NULL, NULL),
(2259, 0, 6, 113, 4, '雖然有一顆爛的，其他品質都不錯，宅配到家的服務方便，期待開吃', '2023-01-20', NULL, NULL),
(2260, 0, 32, 113, 5, '第N次訂購了，宅配到家的服務方便，非常值得推薦', '2023-02-17', NULL, NULL),
(2261, 0, 75, 114, 3, '收到就馬上開始煮來吃了，冷藏配送超新鮮，值得長期購買', '2022-07-10', NULL, NULL),
(2262, 0, 64, 114, 3, '夠新鮮，好吃，包裝完整且仔細，好吃會一直回購', '2022-10-16', NULL, NULL),
(2263, 0, 72, 114, 5, '不出門就能吃到新鮮的蔬菜是非常幸福的事，包裝完整仔細，值得等待！', '2022-04-14', NULL, NULL),
(2264, 0, 13, 114, 5, '不出門就能吃到新鮮的蔬菜是非常幸福的事，價格很便宜，有機會還是會再繼續回購的', '2022-09-07', NULL, NULL),
(2265, 0, 68, 114, 4, '菜蠻甜的，包裝完整服務也很好，吃一口就想回購', '2022-02-01', NULL, NULL),
(2266, 0, 77, 114, 4, '外表很漂亮但口感還好，送貨包裝非常完整，已回購數次', '2022-02-18', NULL, NULL),
(2267, 0, 91, 114, 4, '雖然有一顆爛的，其他品質都不錯，送貨很快速，值得等待！', '2022-10-08', NULL, NULL),
(2268, 0, 19, 114, 4, '外表很漂亮但口感還好，冷藏配送超新鮮，吃一口就想回購', '2022-08-01', NULL, NULL),
(2269, 0, 92, 114, 3, '飽滿濃郁，出貨速度快，物超所值，非常值得推薦', '2022-03-24', NULL, NULL),
(2270, 0, 5, 114, 3, '第N次訂購了，出貨迅速，包裝完善，期待開吃', '2023-01-09', NULL, NULL),
(2271, 0, 33, 114, 4, '收到就馬上開始煮來吃了，宅配到家的服務方便，很滿足', '2022-03-01', NULL, NULL),
(2272, 0, 75, 114, 4, '沒有很甜但也還行，出貨迅速，包裝完善，會再來買', '2023-02-16', NULL, NULL),
(2273, 0, 47, 114, 5, '品質很好，包裝呵護食品包裝良好，值得長期購買', '2022-08-12', NULL, NULL),
(2274, 0, 61, 114, 4, '不出門就能吃到新鮮的蔬菜是非常幸福的事，包裝完整且仔細，吃一口就想回購', '2022-01-12', NULL, NULL),
(2275, 0, 49, 114, 5, '皮較粗糙一點，包裝完整且仔細，值得等待！', '2022-05-25', NULL, NULL),
(2276, 0, 55, 114, 5, '新鮮、品質好，防疫在家買菜不用愁，沒有任何受損，不錯不錯，期待開吃', '2023-01-31', NULL, NULL),
(2277, 0, 48, 114, 4, '收到就馬上開始煮來吃了，價格很便宜，有需要會再回購', '2022-06-27', NULL, NULL),
(2278, 0, 17, 114, 4, 'CP值及服務品質一級棒，送貨很快速，好吃會一直回購', '2023-02-24', NULL, NULL),
(2279, 0, 58, 114, 5, '飽滿濃郁，包裝完整仔細，會再來買', '2022-05-07', NULL, NULL),
(2280, 0, 65, 114, 5, '收到就馬上開始煮來吃了，包裝呵護食品包裝良好，值得等待！', '2022-11-12', NULL, NULL),
(2281, 0, 42, 115, 3, '普普通通，送貨很快速，已回購數次', '2022-11-16', NULL, NULL),
(2282, 0, 63, 115, 3, '外表很漂亮但口感還好，包裝完整，品項齊全，推推推！', '2022-02-19', NULL, NULL),
(2283, 0, 77, 115, 3, '品質很好，送貨包裝非常完整，非常值得推薦', '2022-04-18', NULL, NULL),
(2284, 0, 44, 115, 4, '飽滿濃郁，送貨包裝非常完整，非常值得推薦', '2022-09-16', NULL, NULL),
(2285, 0, 50, 115, 5, '買點好東西寄回老家孝敬父母，價格很便宜，很滿足', '2022-08-01', NULL, NULL),
(2286, 0, 26, 115, 3, '新鮮、品質好，防疫在家買菜不用愁，出貨速度快，物超所值，會再來買', '2022-08-05', NULL, NULL),
(2287, 0, 73, 115, 4, '商品品質超優，出貨迅速，包裝完善，好吃會一直回購', '2022-08-13', NULL, NULL),
(2288, 0, 28, 115, 3, '收到就馬上開始煮來吃了，包裝保護很完整，值得長期購買', '2022-06-02', NULL, NULL),
(2289, 0, 47, 115, 4, '商品品質超優，出貨迅速，包裝完善，會再來買', '2022-02-05', NULL, NULL),
(2290, 0, 40, 115, 5, '皮較粗糙一點，出貨非快速，果然沒讓我失望', '2023-01-23', NULL, NULL),
(2291, 0, 73, 115, 4, '第N次訂購了，出貨非快速，果然沒讓我失望', '2023-01-07', NULL, NULL),
(2292, 0, 9, 115, 3, '皮較粗糙一點，包裝完整且仔細，會再來買', '2022-12-22', NULL, NULL),
(2293, 0, 62, 115, 3, '皮較粗糙一點，包裝完整服務也很好，值得長期購買', '2022-01-12', NULL, NULL),
(2294, 0, 93, 115, 3, '普普通通，出貨迅速，包裝完善，絕對值得再次回購', '2022-05-18', NULL, NULL),
(2295, 0, 90, 115, 5, 'CP值及服務品質一級棒，出貨非快速，有機會還是會再繼續回購的', '2022-01-31', NULL, NULL),
(2296, 0, 65, 115, 5, '吃起來有點澀，包裝完整服務也很好，很滿足', '2022-01-17', NULL, NULL),
(2297, 0, 39, 115, 3, '外表很漂亮但口感還好，包裝完整仔細，有機會還是會再繼續回購的', '2022-09-05', NULL, NULL),
(2298, 0, 49, 115, 5, '口感真的不錯，很好吃，出貨迅速，包裝完善，價位可以接受', '2022-12-26', NULL, NULL),
(2299, 0, 26, 115, 4, '包裝完整蔬菜好吃比全X的還要有誠意，包裝呵護食品包裝良好，有需要會再回購', '2022-11-12', NULL, NULL),
(2300, 0, 49, 115, 5, '雖然有一顆爛的，其他品質都不錯，價格很便宜，價位可以接受', '2022-05-30', NULL, NULL),
(2301, 0, 90, 116, 3, '品質很好，包裝呵護食品包裝良好，有需要會再回購', '2022-04-25', NULL, NULL),
(2302, 0, 8, 116, 3, '超級好吃的啦，包裝完整服務也很好，值得等待！', '2022-08-12', NULL, NULL),
(2303, 0, 69, 116, 3, '口感真的不錯，很好吃，包裝呵護食品包裝良好，有需要會再回購', '2023-02-22', NULL, NULL),
(2304, 0, 75, 116, 5, '品質很好，沒有任何受損，不錯不錯，吃一口就想回購', '2022-05-29', NULL, NULL),
(2305, 0, 55, 116, 3, '品質還不錯，出貨迅速，包裝完善，已回購數次', '2023-02-24', NULL, NULL),
(2306, 0, 95, 116, 5, '香氣很足，送貨包裝非常完整，已回購數次', '2022-01-08', NULL, NULL),
(2307, 0, 94, 116, 5, '真是太滿意了，宅配到家的服務方便，好吃會一直回購', '2022-09-08', NULL, NULL),
(2308, 0, 2, 116, 5, '吃起來有點澀，包裝保護很完整，推推推！', '2022-06-03', NULL, NULL),
(2309, 0, 93, 116, 3, '商品品質超優，包裝完整仔細，會再來買', '2022-11-02', NULL, NULL),
(2310, 0, 96, 116, 3, '很甜很好吃，宅配到家的服務方便，推推推！', '2022-12-28', NULL, NULL),
(2311, 0, 72, 116, 4, 'CP值及服務品質一級棒，包裝完整仔細，非常值得推薦', '2022-01-15', NULL, NULL),
(2312, 0, 8, 116, 4, '沒有很甜但也還行，包裝完整且仔細，期待開吃', '2022-11-02', NULL, NULL),
(2313, 0, 12, 116, 5, '飽滿濃郁，包裝完整，品項齊全，非常值得推薦', '2022-08-25', NULL, NULL),
(2314, 0, 36, 116, 5, '夠新鮮，好吃，冷藏配送超新鮮，值得等待！', '2022-05-30', NULL, NULL),
(2315, 0, 16, 116, 5, '外表有些磕碰傷，但無損口感，出貨速度快，物超所值，期待開吃', '2022-04-18', NULL, NULL),
(2316, 0, 83, 116, 5, '價格很實會，菜都很漂亮，宅配到家的服務方便，值得購買', '2022-08-21', NULL, NULL),
(2317, 0, 53, 116, 5, '新鮮、品質好，防疫在家買菜不用愁，包裝完整，品項齊全，推推推！', '2022-06-22', NULL, NULL),
(2318, 0, 87, 116, 4, '品質很好，包裝保護很完整，吃一口就想回購', '2022-10-07', NULL, NULL),
(2319, 0, 15, 116, 4, '商品品質超優，出貨速度快，物超所值，價位可以接受', '2022-11-08', NULL, NULL),
(2320, 0, 92, 116, 4, '價格優惠，包裝保護很完整，已回購數次', '2022-12-29', NULL, NULL),
(2321, 0, 12, 117, 3, '蔬菜都很新鮮、漂亮，沒有任何受損，不錯不錯，會再來買', '2023-02-21', NULL, NULL),
(2322, 0, 41, 117, 3, '品質還不錯，包裝保護很完整，會再來買', '2022-12-10', NULL, NULL),
(2323, 0, 47, 117, 5, '很甜很好吃，出貨速度快，物超所值，推推推！', '2023-01-11', NULL, NULL),
(2324, 0, 96, 117, 3, 'CP值很高，包裝完整仔細，會再來買', '2022-08-19', NULL, NULL),
(2325, 0, 99, 117, 3, '味濃郁清甜好好吃，包裝完整且仔細，值得等待！', '2022-10-14', NULL, NULL),
(2326, 0, 86, 117, 4, '買點好東西寄回老家孝敬父母，送貨包裝非常完整，有需要會再回購', '2022-03-13', NULL, NULL),
(2327, 0, 96, 117, 3, '香氣很足，沒有任何受損，不錯不錯，果然沒讓我失望', '2023-02-10', NULL, NULL),
(2328, 0, 99, 117, 5, '商品品質超優，沒有任何受損，不錯不錯，絕對值得再次回購', '2022-12-04', NULL, NULL),
(2329, 0, 71, 117, 5, '雖然有一顆爛的，其他品質都不錯，包裝完整仔細，非常值得推薦', '2022-09-25', NULL, NULL),
(2330, 0, 95, 117, 4, '普普通通，宅配到家的服務方便，會再來買', '2022-09-12', NULL, NULL),
(2331, 0, 57, 117, 4, '味道酸酸甜甜剛剛好，價格很便宜，價位可以接受', '2022-01-17', NULL, NULL),
(2332, 0, 51, 117, 4, '不出門就能吃到新鮮的蔬菜是非常幸福的事，冷藏配送超新鮮，吃一口就想回購', '2022-12-29', NULL, NULL),
(2333, 0, 11, 117, 4, '包裝完整蔬菜好吃比全X的還要有誠意，出貨非快速，值得等待！', '2022-04-25', NULL, NULL),
(2334, 0, 24, 117, 5, '各種有機蔬菜都還很新鮮，包裝保護很完整，還行吧', '2022-12-09', NULL, NULL),
(2335, 0, 13, 117, 4, '夠新鮮，好吃，包裝完整且仔細，吃一口就想回購', '2022-05-15', NULL, NULL),
(2336, 0, 68, 117, 5, '收到就馬上開始煮來吃了，送貨包裝非常完整，非常值得推薦', '2022-09-01', NULL, NULL),
(2337, 0, 84, 117, 5, '價格很實會，菜都很漂亮，包裝呵護食品包裝良好，有需要會再回購', '2023-01-07', NULL, NULL),
(2338, 0, 31, 117, 4, '普普通通，送貨很快速，很滿足', '2022-02-25', NULL, NULL),
(2339, 0, 28, 117, 3, '沒有很甜但也還行，包裝完整且仔細，果然沒讓我失望', '2022-11-25', NULL, NULL),
(2340, 0, 52, 117, 3, '皮較粗糙一點，宅配到家的服務方便，好吃會一直回購', '2023-02-06', NULL, NULL),
(2341, 0, 73, 118, 4, '一開箱香氣撲面而來，怎麼會這麼香，宅配到家的服務方便，價位可以接受', '2023-01-16', NULL, NULL),
(2342, 0, 43, 118, 4, '飽滿濃郁，沒有任何受損，不錯不錯，推推推！', '2023-01-14', NULL, NULL),
(2343, 0, 11, 118, 4, '蔬菜都很新鮮、漂亮，包裝呵護食品包裝良好，還行吧', '2022-08-10', NULL, NULL),
(2344, 0, 30, 118, 4, '皮較粗糙一點，沒有任何受損，不錯不錯，有機會還是會再繼續回購的', '2022-01-08', NULL, NULL),
(2345, 0, 83, 118, 3, '吃起來有點澀，包裝保護很完整，有需要會再回購', '2022-11-05', NULL, NULL),
(2346, 0, 88, 118, 5, '外表有些磕碰傷，但無損口感，包裝保護很完整，期待開吃', '2022-09-02', NULL, NULL),
(2347, 0, 40, 118, 5, '超級好吃的啦，價格很便宜，果然沒讓我失望', '2022-07-23', NULL, NULL),
(2348, 0, 15, 118, 5, '不出門就能吃到新鮮的蔬菜是非常幸福的事，價格很便宜，非常值得推薦', '2022-02-24', NULL, NULL),
(2349, 0, 80, 118, 5, 'CP值很高，送貨包裝非常完整，好吃會一直回購', '2022-10-22', NULL, NULL),
(2350, 0, 44, 118, 5, '品質還不錯，沒有任何受損，不錯不錯，好吃會一直回購', '2022-03-26', NULL, NULL),
(2351, 0, 47, 118, 5, '蔬菜都很新鮮、漂亮，冷藏配送超新鮮，值得長期購買', '2022-07-15', NULL, NULL),
(2352, 0, 2, 118, 3, '各種有機蔬菜都還很新鮮，出貨迅速，包裝完善，值得等待！', '2023-02-13', NULL, NULL),
(2353, 0, 32, 118, 3, '品質還不錯，包裝完整，品項齊全，好吃會一直回購', '2022-01-30', NULL, NULL),
(2354, 0, 97, 118, 3, 'CP值及服務品質一級棒，送貨包裝非常完整，絕對值得再次回購', '2022-03-01', NULL, NULL),
(2355, 0, 25, 118, 5, '品質很好，宅配到家的服務方便，吃一口就想回購', '2023-02-08', NULL, NULL),
(2356, 0, 87, 118, 4, '價格優惠，包裝完整且仔細，推推推！', '2022-12-05', NULL, NULL),
(2357, 0, 15, 118, 3, '味濃郁清甜好好吃，出貨迅速，包裝完善，期待開吃', '2022-05-10', NULL, NULL),
(2358, 0, 70, 118, 3, '第N次訂購了，包裝完整，品項齊全，值得購買', '2022-09-18', NULL, NULL),
(2359, 0, 67, 118, 4, '香氣很足，包裝完整且仔細，吃一口就想回購', '2022-09-04', NULL, NULL),
(2360, 0, 62, 118, 4, '品質很好，宅配到家的服務方便，值得購買', '2022-06-05', NULL, NULL),
(2361, 0, 49, 119, 4, 'CP值及服務品質一級棒，包裝呵護食品包裝良好，還行吧', '2023-02-13', NULL, NULL),
(2362, 0, 92, 119, 5, '真是太滿意了，出貨非快速，有機會還是會再繼續回購的', '2023-02-20', NULL, NULL),
(2363, 0, 2, 119, 3, 'CP值及服務品質一級棒，送貨很快速，非常值得推薦', '2022-04-14', NULL, NULL),
(2364, 0, 83, 119, 4, '口感真的不錯，很好吃，包裝完整服務也很好，值得購買', '2022-03-27', NULL, NULL),
(2365, 0, 48, 119, 3, '香氣很足，包裝完整仔細，有需要會再回購', '2022-03-30', NULL, NULL),
(2366, 0, 92, 119, 5, '普普通通，送貨包裝非常完整，值得長期購買', '2023-01-09', NULL, NULL),
(2367, 0, 87, 119, 5, '品質還不錯，包裝完整，品項齊全，會再來買', '2023-01-15', NULL, NULL),
(2368, 0, 94, 119, 4, 'CP值很高，冷藏配送超新鮮，會再來買', '2023-02-04', NULL, NULL),
(2369, 0, 27, 119, 4, '皮較粗糙一點，出貨迅速，包裝完善，有需要會再回購', '2022-01-20', NULL, NULL),
(2370, 0, 43, 119, 5, '吃起來有點澀，包裝保護很完整，推推推！', '2022-06-08', NULL, NULL),
(2371, 0, 27, 119, 3, 'CP值很高，沒有任何受損，不錯不錯，值得等待！', '2022-06-23', NULL, NULL),
(2372, 0, 84, 119, 4, '第N次訂購了，沒有任何受損，不錯不錯，值得等待！', '2022-03-31', NULL, NULL),
(2373, 0, 56, 119, 4, 'CP值及服務品質一級棒，出貨非快速，價位可以接受', '2023-01-03', NULL, NULL),
(2374, 0, 40, 119, 4, '收到就馬上開始煮來吃了，包裝呵護食品包裝良好，還行吧', '2022-02-16', NULL, NULL),
(2375, 0, 58, 119, 4, '很甜很好吃，包裝完整仔細，果然沒讓我失望', '2022-05-26', NULL, NULL),
(2376, 0, 65, 119, 5, '夠新鮮，好吃，包裝完整，品項齊全，有機會還是會再繼續回購的', '2022-12-08', NULL, NULL),
(2377, 0, 88, 119, 5, '普普通通，宅配到家的服務方便，絕對值得再次回購', '2022-01-05', NULL, NULL),
(2378, 0, 77, 119, 3, '皮較粗糙一點，沒有任何受損，不錯不錯，還行吧', '2022-09-11', NULL, NULL),
(2379, 0, 88, 119, 4, '口感真的不錯，很好吃，包裝完整服務也很好，值得等待！', '2022-07-07', NULL, NULL),
(2380, 0, 31, 119, 4, 'CP值及服務品質一級棒，冷藏配送超新鮮，有需要會再回購', '2022-03-18', NULL, NULL),
(2381, 0, 57, 120, 3, '品質還不錯，包裝完整服務也很好，已回購數次', '2022-07-11', NULL, NULL),
(2382, 0, 42, 120, 3, 'CP值很高，出貨非快速，絕對值得再次回購', '2022-12-30', NULL, NULL),
(2383, 0, 52, 120, 4, '價格很實會，菜都很漂亮，冷藏配送超新鮮，吃一口就想回購', '2022-08-16', NULL, NULL),
(2384, 0, 79, 120, 5, '品質很好，包裝呵護食品包裝良好，有需要會再回購', '2022-03-21', NULL, NULL),
(2385, 0, 32, 120, 4, '菜蠻甜的，冷藏配送超新鮮，很滿足', '2022-01-25', NULL, NULL),
(2386, 0, 78, 120, 3, '夠新鮮，好吃，出貨速度快，物超所值，吃一口就想回購', '2022-05-10', NULL, NULL),
(2387, 0, 92, 120, 4, '外表有些磕碰傷，但無損口感，價格很便宜，有機會還是會再繼續回購的', '2022-02-04', NULL, NULL),
(2388, 0, 32, 120, 5, '皮較粗糙一點，包裝完整服務也很好，值得等待！', '2022-04-03', NULL, NULL),
(2389, 0, 93, 120, 3, '吃起來有點澀，送貨很快速，非常值得推薦', '2023-01-28', NULL, NULL),
(2390, 0, 64, 120, 4, '收到就馬上開始煮來吃了，包裝完整，品項齊全，有機會還是會再繼續回購的', '2022-02-05', NULL, NULL),
(2391, 0, 45, 120, 3, '一開箱香氣撲面而來，怎麼會這麼香，包裝呵護食品包裝良好，好吃會一直回購', '2023-01-04', NULL, NULL),
(2392, 0, 51, 120, 5, '買點好東西寄回老家孝敬父母，出貨非快速，絕對值得再次回購', '2023-02-24', NULL, NULL),
(2393, 0, 67, 120, 4, '菜蠻甜的，包裝呵護食品包裝良好，已回購數次', '2022-06-26', NULL, NULL),
(2394, 0, 9, 120, 4, '包裝完整蔬菜好吃比全X的還要有誠意，冷藏配送超新鮮，還行吧', '2022-08-19', NULL, NULL),
(2395, 0, 100, 120, 5, '外表有些磕碰傷，但無損口感，出貨非快速，值得購買', '2023-02-10', NULL, NULL),
(2396, 0, 89, 120, 3, '商品品質超優，沒有任何受損，不錯不錯，有需要會再回購', '2022-11-25', NULL, NULL),
(2397, 0, 78, 120, 5, '飽滿濃郁，送貨包裝非常完整，還行吧', '2022-04-26', NULL, NULL),
(2398, 0, 16, 120, 4, '夠新鮮，好吃，出貨迅速，包裝完善，會再來買', '2023-02-06', NULL, NULL),
(2399, 0, 97, 120, 5, '價格優惠，沒有任何受損，不錯不錯，還行吧', '2022-12-22', NULL, NULL),
(2400, 0, 96, 120, 4, '口感真的不錯，很好吃，包裝完整且仔細，還行吧', '2022-08-09', NULL, NULL),
(2401, 0, 43, 121, 3, '味濃郁清甜好好吃，宅配到家的服務方便，絕對值得再次回購', '2022-12-09', NULL, NULL),
(2402, 0, 49, 121, 4, '普普通通，出貨速度快，物超所值，有機會還是會再繼續回購的', '2022-04-11', NULL, NULL),
(2403, 0, 85, 121, 4, '價格很實會，菜都很漂亮，包裝完整仔細，好吃會一直回購', '2023-02-10', NULL, NULL),
(2404, 0, 91, 121, 4, '買點好東西寄回老家孝敬父母，宅配到家的服務方便，絕對值得再次回購', '2022-06-28', NULL, NULL),
(2405, 0, 23, 121, 4, '價格優惠，包裝保護很完整，會再來買', '2022-03-06', NULL, NULL),
(2406, 0, 68, 121, 5, '新鮮、品質好，防疫在家買菜不用愁，出貨非快速，期待開吃', '2022-05-03', NULL, NULL),
(2407, 0, 8, 121, 4, '一開箱香氣撲面而來，怎麼會這麼香，包裝完整且仔細，還行吧', '2022-09-04', NULL, NULL),
(2408, 0, 22, 121, 3, '新鮮、品質好，防疫在家買菜不用愁，包裝完整仔細，絕對值得再次回購', '2022-12-17', NULL, NULL),
(2409, 0, 100, 121, 4, '商品品質超優，冷藏配送超新鮮，會再來買', '2022-03-24', NULL, NULL),
(2410, 0, 33, 121, 3, '蔬菜都很新鮮、漂亮，包裝完整仔細，值得購買', '2022-08-07', NULL, NULL),
(2411, 0, 53, 121, 5, '不出門就能吃到新鮮的蔬菜是非常幸福的事，出貨迅速，包裝完善，很滿足', '2022-10-31', NULL, NULL),
(2412, 0, 95, 121, 3, '第N次訂購了，包裝完整服務也很好，值得長期購買', '2022-09-12', NULL, NULL),
(2413, 0, 30, 121, 5, '第N次訂購了，冷藏配送超新鮮，會再來買', '2022-04-10', NULL, NULL),
(2414, 0, 51, 121, 3, 'CP值及服務品質一級棒，價格很便宜，吃一口就想回購', '2022-02-16', NULL, NULL),
(2415, 0, 93, 121, 3, '沒有很甜但也還行，出貨速度快，物超所值，非常值得推薦', '2022-10-01', NULL, NULL),
(2416, 0, 24, 121, 3, '沒有很甜但也還行，出貨非快速，果然沒讓我失望', '2022-07-28', NULL, NULL),
(2417, 0, 91, 121, 5, 'CP值及服務品質一級棒，包裝呵護食品包裝良好，期待開吃', '2022-10-22', NULL, NULL),
(2418, 0, 83, 121, 4, '外表很漂亮但口感還好，價格很便宜，會再來買', '2022-06-28', NULL, NULL),
(2419, 0, 45, 121, 3, '吃起來有點澀，出貨非快速，值得長期購買', '2022-10-15', NULL, NULL),
(2420, 0, 41, 121, 5, '飽滿濃郁，送貨很快速，有需要會再回購', '2022-05-06', NULL, NULL),
(2421, 0, 21, 122, 3, '皮較粗糙一點，價格很便宜，值得長期購買', '2022-02-03', NULL, NULL),
(2422, 0, 27, 122, 5, '價格優惠，包裝保護很完整，值得等待！', '2022-06-20', NULL, NULL),
(2423, 0, 74, 122, 3, '價格很實會，菜都很漂亮，包裝保護很完整，吃一口就想回購', '2022-04-06', NULL, NULL),
(2424, 0, 53, 122, 5, '菜蠻甜的，出貨迅速，包裝完善，有機會還是會再繼續回購的', '2022-08-31', NULL, NULL),
(2425, 0, 44, 122, 4, '一開箱香氣撲面而來，怎麼會這麼香，包裝呵護食品包裝良好，值得長期購買', '2022-11-29', NULL, NULL),
(2426, 0, 55, 122, 5, '不出門就能吃到新鮮的蔬菜是非常幸福的事，送貨包裝非常完整，有需要會再回購', '2022-03-31', NULL, NULL),
(2427, 0, 47, 122, 4, '沒有很甜但也還行，送貨包裝非常完整，有需要會再回購', '2022-02-21', NULL, NULL),
(2428, 0, 84, 122, 3, '品質很好，宅配到家的服務方便，好吃會一直回購', '2022-01-01', NULL, NULL),
(2429, 0, 78, 122, 3, '包裝完整蔬菜好吃比全X的還要有誠意，出貨速度快，物超所值，還行吧', '2022-12-12', NULL, NULL),
(2430, 0, 97, 122, 5, '吃起來有點澀，包裝呵護食品包裝良好，值得長期購買', '2022-08-13', NULL, NULL),
(2431, 0, 48, 122, 3, '吃起來有點澀，出貨迅速，包裝完善，期待開吃', '2022-02-03', NULL, NULL),
(2432, 0, 98, 122, 3, '收到就馬上開始煮來吃了，宅配到家的服務方便，值得購買', '2022-09-14', NULL, NULL),
(2433, 0, 47, 122, 3, '皮較粗糙一點，包裝完整仔細，會再來買', '2022-09-08', NULL, NULL),
(2434, 0, 14, 122, 5, '夠新鮮，好吃，冷藏配送超新鮮，有機會還是會再繼續回購的', '2022-05-30', NULL, NULL),
(2435, 0, 70, 122, 5, '皮較粗糙一點，沒有任何受損，不錯不錯，很滿足', '2022-04-20', NULL, NULL),
(2436, 0, 73, 122, 4, '價格優惠，出貨迅速，包裝完善，非常值得推薦', '2022-04-07', NULL, NULL),
(2437, 0, 6, 122, 3, 'CP值很高，包裝完整服務也很好，推推推！', '2022-12-30', NULL, NULL),
(2438, 0, 98, 122, 4, 'CP值及服務品質一級棒，出貨迅速，包裝完善，已回購數次', '2022-10-02', NULL, NULL),
(2439, 0, 20, 122, 5, '收到就馬上開始煮來吃了，包裝保護很完整，會再來買', '2022-12-19', NULL, NULL),
(2440, 0, 76, 122, 5, '菜蠻甜的，出貨非快速，期待開吃', '2022-11-23', NULL, NULL),
(2441, 0, 29, 123, 5, '第N次訂購了，出貨非快速，吃一口就想回購', '2023-01-26', NULL, NULL),
(2442, 0, 17, 123, 5, '口感真的不錯，很好吃，出貨迅速，包裝完善，已回購數次', '2022-10-22', NULL, NULL),
(2443, 0, 71, 123, 4, '菜蠻甜的，沒有任何受損，不錯不錯，會再來買', '2022-12-17', NULL, NULL),
(2444, 0, 50, 123, 4, '夠新鮮，好吃，包裝完整，品項齊全，值得等待！', '2022-05-07', NULL, NULL),
(2445, 0, 56, 123, 4, '皮較粗糙一點，包裝完整仔細，值得購買', '2023-01-22', NULL, NULL),
(2446, 0, 99, 123, 4, '外表很漂亮但口感還好，包裝完整仔細，會再來買', '2022-03-10', NULL, NULL),
(2447, 0, 97, 123, 5, 'CP值很高，出貨迅速，包裝完善，推推推！', '2022-11-18', NULL, NULL),
(2448, 0, 98, 123, 5, '第N次訂購了，包裝完整服務也很好，好吃會一直回購', '2022-01-15', NULL, NULL),
(2449, 0, 11, 123, 3, '包裝完整蔬菜好吃比全X的還要有誠意，出貨速度快，物超所值，期待開吃', '2022-08-31', NULL, NULL),
(2450, 0, 61, 123, 5, '雖然有一顆爛的，其他品質都不錯，包裝完整且仔細，值得長期購買', '2022-07-12', NULL, NULL),
(2451, 0, 46, 123, 4, '一開箱香氣撲面而來，怎麼會這麼香，包裝完整，品項齊全，很滿足', '2022-04-03', NULL, NULL),
(2452, 0, 4, 123, 3, '夠新鮮，好吃，包裝完整仔細，推推推！', '2022-08-05', NULL, NULL),
(2453, 0, 9, 123, 3, '味道酸酸甜甜剛剛好，沒有任何受損，不錯不錯，值得長期購買', '2022-02-02', NULL, NULL),
(2454, 0, 76, 123, 3, '吃起來有點澀，沒有任何受損，不錯不錯，好吃會一直回購', '2022-04-28', NULL, NULL),
(2455, 0, 8, 123, 5, '不出門就能吃到新鮮的蔬菜是非常幸福的事，冷藏配送超新鮮，價位可以接受', '2022-08-31', NULL, NULL),
(2456, 0, 91, 123, 5, '外表有些磕碰傷，但無損口感，包裝完整服務也很好，非常值得推薦', '2022-02-27', NULL, NULL),
(2457, 0, 26, 123, 5, '收到就馬上開始煮來吃了，包裝完整，品項齊全，非常值得推薦', '2022-02-03', NULL, NULL),
(2458, 0, 85, 123, 5, '沒有很甜但也還行，包裝完整且仔細，價位可以接受', '2022-12-20', NULL, NULL),
(2459, 0, 7, 123, 3, '味濃郁清甜好好吃，包裝完整仔細，絕對值得再次回購', '2023-02-28', NULL, NULL),
(2460, 0, 21, 123, 4, '沒有很甜但也還行，包裝保護很完整，值得等待！', '2022-03-08', NULL, NULL),
(2461, 0, 91, 124, 5, '雖然有一顆爛的，其他品質都不錯，包裝完整仔細，有機會還是會再繼續回購的', '2022-04-09', NULL, NULL),
(2462, 0, 9, 124, 4, '超級好吃的啦，包裝完整仔細，還行吧', '2022-05-12', NULL, NULL),
(2463, 0, 10, 124, 5, '沒有很甜但也還行，包裝保護很完整，絕對值得再次回購', '2022-02-13', NULL, NULL),
(2464, 0, 54, 124, 3, '新鮮、品質好，防疫在家買菜不用愁，宅配到家的服務方便，非常值得推薦', '2022-05-12', NULL, NULL),
(2465, 0, 35, 124, 3, '飽滿濃郁，包裝完整，品項齊全，吃一口就想回購', '2022-12-22', NULL, NULL),
(2466, 0, 19, 124, 3, '真是太滿意了，包裝完整，品項齊全，絕對值得再次回購', '2022-02-07', NULL, NULL),
(2467, 0, 51, 124, 3, '雖然有一顆爛的，其他品質都不錯，包裝完整仔細，推推推！', '2022-05-30', NULL, NULL),
(2468, 0, 32, 124, 5, '飽滿濃郁，出貨非快速，還行吧', '2022-04-22', NULL, NULL),
(2469, 0, 27, 124, 3, '香氣很足，包裝完整服務也很好，好吃會一直回購', '2022-08-18', NULL, NULL),
(2470, 0, 99, 124, 3, 'CP值很高，冷藏配送超新鮮，好吃會一直回購', '2022-06-14', NULL, NULL),
(2471, 0, 88, 124, 5, '超級好吃的啦，沒有任何受損，不錯不錯，好吃會一直回購', '2022-01-15', NULL, NULL),
(2472, 0, 7, 124, 5, '收到就馬上開始煮來吃了，包裝完整服務也很好，有需要會再回購', '2022-12-28', NULL, NULL),
(2473, 0, 44, 124, 5, '超級好吃的啦，送貨包裝非常完整，有需要會再回購', '2022-07-21', NULL, NULL),
(2474, 0, 7, 124, 4, '夠新鮮，好吃，包裝呵護食品包裝良好，非常值得推薦', '2023-02-12', NULL, NULL),
(2475, 0, 100, 124, 4, '外表很漂亮但口感還好，包裝完整，品項齊全，好吃會一直回購', '2022-06-26', NULL, NULL),
(2476, 0, 32, 124, 5, '口感真的不錯，很好吃，宅配到家的服務方便，推推推！', '2022-07-17', NULL, NULL),
(2477, 0, 7, 124, 4, '雖然有一顆爛的，其他品質都不錯，價格很便宜，價位可以接受', '2022-08-14', NULL, NULL),
(2478, 0, 35, 124, 4, '吃起來有點澀，包裝完整服務也很好，絕對值得再次回購', '2022-10-07', NULL, NULL),
(2479, 0, 85, 124, 3, '很甜很好吃，沒有任何受損，不錯不錯，非常值得推薦', '2022-09-03', NULL, NULL),
(2480, 0, 53, 124, 3, '超級好吃的啦，冷藏配送超新鮮，值得等待！', '2022-03-31', NULL, NULL),
(2481, 0, 31, 125, 3, '不出門就能吃到新鮮的蔬菜是非常幸福的事，包裝完整且仔細，還行吧', '2022-03-21', NULL, NULL),
(2482, 0, 12, 125, 5, '各種有機蔬菜都還很新鮮，沒有任何受損，不錯不錯，價位可以接受', '2022-01-18', NULL, NULL),
(2483, 0, 35, 125, 3, '買點好東西寄回老家孝敬父母，包裝完整，品項齊全，有機會還是會再繼續回購的', '2022-12-13', NULL, NULL),
(2484, 0, 84, 125, 3, '包裝完整蔬菜好吃比全X的還要有誠意，包裝完整且仔細，值得等待！', '2022-09-11', NULL, NULL),
(2485, 0, 28, 125, 4, '新鮮、品質好，防疫在家買菜不用愁，包裝完整服務也很好，有機會還是會再繼續回購的', '2022-04-25', NULL, NULL),
(2486, 0, 78, 125, 4, '蔬菜都很新鮮、漂亮，包裝完整服務也很好，絕對值得再次回購', '2022-05-07', NULL, NULL),
(2487, 0, 63, 125, 3, '沒有很甜但也還行，出貨迅速，包裝完善，值得長期購買', '2022-08-10', NULL, NULL),
(2488, 0, 55, 125, 4, '價格優惠，宅配到家的服務方便，很滿足', '2023-01-12', NULL, NULL),
(2489, 0, 88, 125, 4, '價格優惠，包裝呵護食品包裝良好，吃一口就想回購', '2022-03-30', NULL, NULL),
(2490, 0, 88, 125, 5, '商品品質超優，冷藏配送超新鮮，吃一口就想回購', '2022-09-20', NULL, NULL),
(2491, 0, 93, 125, 3, '很甜很好吃，宅配到家的服務方便，值得等待！', '2022-11-25', NULL, NULL),
(2492, 0, 25, 125, 3, '新鮮、品質好，防疫在家買菜不用愁，宅配到家的服務方便，值得長期購買', '2022-03-05', NULL, NULL),
(2493, 0, 83, 125, 5, '價格優惠，冷藏配送超新鮮，還行吧', '2022-12-12', NULL, NULL),
(2494, 0, 76, 125, 3, '口感真的不錯，很好吃，出貨迅速，包裝完善，會再來買', '2023-01-01', NULL, NULL),
(2495, 0, 75, 125, 4, '包裝完整蔬菜好吃比全X的還要有誠意，包裝保護很完整，期待開吃', '2022-02-15', NULL, NULL),
(2496, 0, 66, 125, 4, '新鮮、品質好，防疫在家買菜不用愁，出貨迅速，包裝完善，值得長期購買', '2022-01-28', NULL, NULL),
(2497, 0, 27, 125, 5, '各種有機蔬菜都還很新鮮，冷藏配送超新鮮，絕對值得再次回購', '2022-12-27', NULL, NULL),
(2498, 0, 48, 125, 4, '真是太滿意了，沒有任何受損，不錯不錯，推推推！', '2022-03-24', NULL, NULL),
(2499, 0, 22, 125, 3, '不出門就能吃到新鮮的蔬菜是非常幸福的事，包裝保護很完整，有需要會再回購', '2022-04-25', NULL, NULL),
(2500, 0, 9, 125, 4, '菜蠻甜的，冷藏配送超新鮮，值得長期購買', '2022-07-02', NULL, NULL),
(2501, 0, 13, 126, 3, '一開箱香氣撲面而來，怎麼會這麼香，包裝保護很完整，有機會還是會再繼續回購的', '2022-05-20', NULL, NULL),
(2502, 0, 43, 126, 5, '菜蠻甜的，出貨迅速，包裝完善，果然沒讓我失望', '2022-08-28', NULL, NULL),
(2503, 0, 25, 126, 4, '味道酸酸甜甜剛剛好，送貨包裝非常完整，好吃會一直回購', '2022-03-13', NULL, NULL),
(2504, 0, 27, 126, 5, '飽滿濃郁，冷藏配送超新鮮，值得等待！', '2022-03-10', NULL, NULL),
(2505, 0, 6, 126, 5, '買點好東西寄回老家孝敬父母，送貨很快速，非常值得推薦', '2022-03-04', NULL, NULL),
(2506, 0, 14, 126, 3, '不出門就能吃到新鮮的蔬菜是非常幸福的事，沒有任何受損，不錯不錯，果然沒讓我失望', '2022-12-19', NULL, NULL),
(2507, 0, 71, 126, 5, '新鮮、品質好，防疫在家買菜不用愁，包裝完整且仔細，已回購數次', '2022-10-13', NULL, NULL),
(2508, 0, 72, 126, 3, '品質還不錯，冷藏配送超新鮮，很滿足', '2022-12-23', NULL, NULL),
(2509, 0, 77, 126, 4, '商品品質超優，沒有任何受損，不錯不錯，好吃會一直回購', '2022-05-01', NULL, NULL),
(2510, 0, 57, 126, 5, '包裝完整蔬菜好吃比全X的還要有誠意，包裝呵護食品包裝良好，值得購買', '2022-10-08', NULL, NULL),
(2511, 0, 32, 126, 5, '雖然有一顆爛的，其他品質都不錯，包裝保護很完整，好吃會一直回購', '2022-10-25', NULL, NULL),
(2512, 0, 77, 126, 3, '皮較粗糙一點，包裝完整，品項齊全，果然沒讓我失望', '2022-03-11', NULL, NULL),
(2513, 0, 72, 126, 5, '收到就馬上開始煮來吃了，包裝完整，品項齊全，會再來買', '2023-01-09', NULL, NULL),
(2514, 0, 21, 126, 4, 'CP值很高，包裝完整服務也很好，推推推！', '2022-05-02', NULL, NULL),
(2515, 0, 17, 126, 4, '價格優惠，包裝完整且仔細，值得購買', '2022-05-20', NULL, NULL),
(2516, 0, 43, 126, 4, '品質還不錯，出貨速度快，物超所值，非常值得推薦', '2023-02-18', NULL, NULL),
(2517, 0, 97, 126, 4, '新鮮、品質好，防疫在家買菜不用愁，包裝完整且仔細，吃一口就想回購', '2022-12-23', NULL, NULL),
(2518, 0, 13, 126, 5, '各種有機蔬菜都還很新鮮，包裝完整，品項齊全，價位可以接受', '2023-02-18', NULL, NULL),
(2519, 0, 74, 126, 5, '新鮮、品質好，防疫在家買菜不用愁，宅配到家的服務方便，價位可以接受', '2022-01-15', NULL, NULL),
(2520, 0, 29, 126, 5, '沒有很甜但也還行，冷藏配送超新鮮，有機會還是會再繼續回購的', '2022-09-01', NULL, NULL),
(2521, 0, 4, 127, 5, '買點好東西寄回老家孝敬父母，出貨速度快，物超所值，很滿足', '2022-06-09', NULL, NULL),
(2522, 0, 95, 127, 3, '香氣很足，包裝完整，品項齊全，很滿足', '2022-03-03', NULL, NULL),
(2523, 0, 75, 127, 3, '真是太滿意了，出貨迅速，包裝完善，會再來買', '2022-08-24', NULL, NULL),
(2524, 0, 71, 127, 3, '真是太滿意了，送貨很快速，非常值得推薦', '2022-07-07', NULL, NULL),
(2525, 0, 73, 127, 4, '不出門就能吃到新鮮的蔬菜是非常幸福的事，包裝完整且仔細，價位可以接受', '2022-05-10', NULL, NULL),
(2526, 0, 63, 127, 5, '不出門就能吃到新鮮的蔬菜是非常幸福的事，包裝保護很完整，會再來買', '2023-01-11', NULL, NULL),
(2527, 0, 56, 127, 3, '飽滿濃郁，送貨包裝非常完整，絕對值得再次回購', '2023-02-06', NULL, NULL),
(2528, 0, 91, 127, 5, '皮較粗糙一點，宅配到家的服務方便，有需要會再回購', '2022-05-12', NULL, NULL),
(2529, 0, 9, 127, 4, '收到就馬上開始煮來吃了，價格很便宜，推推推！', '2022-09-09', NULL, NULL),
(2530, 0, 47, 127, 5, '品質還不錯，沒有任何受損，不錯不錯，期待開吃', '2022-06-15', NULL, NULL),
(2531, 0, 98, 127, 3, '超級好吃的啦，出貨迅速，包裝完善，還行吧', '2022-11-27', NULL, NULL),
(2532, 0, 31, 127, 4, '外表有些磕碰傷，但無損口感，包裝完整仔細，好吃會一直回購', '2022-02-23', NULL, NULL),
(2533, 0, 25, 127, 5, '味濃郁清甜好好吃，包裝完整仔細，有機會還是會再繼續回購的', '2022-04-20', NULL, NULL),
(2534, 0, 97, 127, 4, 'CP值很高，包裝完整服務也很好，有需要會再回購', '2022-02-18', NULL, NULL),
(2535, 0, 93, 127, 4, '普普通通，沒有任何受損，不錯不錯，吃一口就想回購', '2022-02-22', NULL, NULL),
(2536, 0, 58, 127, 5, '普普通通，送貨很快速，值得長期購買', '2023-02-16', NULL, NULL),
(2537, 0, 38, 127, 5, '外表很漂亮但口感還好，出貨迅速，包裝完善，有需要會再回購', '2022-06-06', NULL, NULL),
(2538, 0, 66, 127, 4, '雖然有一顆爛的，其他品質都不錯，包裝完整且仔細，果然沒讓我失望', '2022-08-06', NULL, NULL),
(2539, 0, 26, 127, 3, '各種有機蔬菜都還很新鮮，包裝完整仔細，果然沒讓我失望', '2022-01-05', NULL, NULL),
(2540, 0, 11, 127, 4, '皮較粗糙一點，包裝完整且仔細，價位可以接受', '2022-11-01', NULL, NULL),
(2541, 0, 26, 128, 5, '真是太滿意了，包裝呵護食品包裝良好，推推推！', '2022-01-14', NULL, NULL),
(2542, 0, 65, 128, 4, '真是太滿意了，包裝保護很完整，好吃會一直回購', '2022-09-07', NULL, NULL),
(2543, 0, 3, 128, 3, '第N次訂購了，出貨迅速，包裝完善，還行吧', '2023-02-04', NULL, NULL),
(2544, 0, 30, 128, 5, '價格優惠，包裝呵護食品包裝良好，值得長期購買', '2022-06-28', NULL, NULL),
(2545, 0, 4, 128, 3, '第N次訂購了，出貨非快速，會再來買', '2022-05-03', NULL, NULL),
(2546, 0, 73, 128, 5, '飽滿濃郁，出貨非快速，非常值得推薦', '2022-12-23', NULL, NULL),
(2547, 0, 74, 128, 5, '雖然有一顆爛的，其他品質都不錯，宅配到家的服務方便，有機會還是會再繼續回購的', '2022-10-31', NULL, NULL),
(2548, 0, 35, 128, 5, '外表很漂亮但口感還好，包裝完整仔細，值得等待！', '2022-03-04', NULL, NULL),
(2549, 0, 56, 128, 4, '超級好吃的啦，出貨非快速，果然沒讓我失望', '2022-09-27', NULL, NULL),
(2550, 0, 73, 128, 5, 'CP值及服務品質一級棒，包裝完整仔細，絕對值得再次回購', '2022-09-04', NULL, NULL),
(2551, 0, 73, 128, 3, '口感真的不錯，很好吃，包裝呵護食品包裝良好，還行吧', '2022-08-20', NULL, NULL),
(2552, 0, 98, 128, 3, '第N次訂購了，價格很便宜，價位可以接受', '2023-01-20', NULL, NULL),
(2553, 0, 91, 128, 4, '一開箱香氣撲面而來，怎麼會這麼香，出貨速度快，物超所值，吃一口就想回購', '2022-03-23', NULL, NULL),
(2554, 0, 96, 128, 3, '價格很實會，菜都很漂亮，出貨迅速，包裝完善，好吃會一直回購', '2022-03-21', NULL, NULL),
(2555, 0, 47, 128, 5, '夠新鮮，好吃，包裝完整仔細，已回購數次', '2023-02-09', NULL, NULL),
(2556, 0, 59, 128, 3, '口感真的不錯，很好吃，價格很便宜，會再來買', '2022-06-17', NULL, NULL),
(2557, 0, 81, 128, 3, '外表有些磕碰傷，但無損口感，包裝完整且仔細，值得長期購買', '2022-08-20', NULL, NULL),
(2558, 0, 87, 128, 5, '夠新鮮，好吃，價格很便宜，價位可以接受', '2022-11-04', NULL, NULL),
(2559, 0, 74, 128, 3, '第N次訂購了，宅配到家的服務方便，值得長期購買', '2022-12-23', NULL, NULL),
(2560, 0, 68, 128, 3, '超級好吃的啦，出貨非快速，值得長期購買', '2022-04-27', NULL, NULL),
(2561, 0, 27, 129, 4, '不出門就能吃到新鮮的蔬菜是非常幸福的事，宅配到家的服務方便，值得長期購買', '2022-01-23', NULL, NULL),
(2562, 0, 8, 129, 5, '吃起來有點澀，沒有任何受損，不錯不錯，值得長期購買', '2022-01-24', NULL, NULL),
(2563, 0, 34, 129, 5, '第N次訂購了，包裝完整，品項齊全，已回購數次', '2022-05-05', NULL, NULL),
(2564, 0, 8, 129, 5, '一開箱香氣撲面而來，怎麼會這麼香，出貨非快速，吃一口就想回購', '2023-02-11', NULL, NULL),
(2565, 0, 27, 129, 4, '味道酸酸甜甜剛剛好，送貨很快速，有機會還是會再繼續回購的', '2023-02-20', NULL, NULL),
(2566, 0, 46, 129, 4, '不出門就能吃到新鮮的蔬菜是非常幸福的事，出貨迅速，包裝完善，很滿足', '2023-02-23', NULL, NULL),
(2567, 0, 12, 129, 3, '不出門就能吃到新鮮的蔬菜是非常幸福的事，出貨迅速，包裝完善，有需要會再回購', '2022-02-09', NULL, NULL),
(2568, 0, 23, 129, 5, '收到就馬上開始煮來吃了，包裝完整仔細，非常值得推薦', '2022-11-30', NULL, NULL),
(2569, 0, 97, 129, 4, '第N次訂購了，送貨很快速，吃一口就想回購', '2022-03-29', NULL, NULL),
(2570, 0, 93, 129, 5, '外表很漂亮但口感還好，出貨速度快，物超所值，期待開吃', '2022-05-07', NULL, NULL),
(2571, 0, 50, 129, 4, '第N次訂購了，宅配到家的服務方便，有機會還是會再繼續回購的', '2022-10-25', NULL, NULL),
(2572, 0, 67, 129, 4, '收到就馬上開始煮來吃了，包裝呵護食品包裝良好，好吃會一直回購', '2022-09-29', NULL, NULL),
(2573, 0, 74, 129, 3, '菜蠻甜的，包裝呵護食品包裝良好，果然沒讓我失望', '2022-02-17', NULL, NULL),
(2574, 0, 62, 129, 4, '真是太滿意了，包裝完整，品項齊全，還行吧', '2022-07-31', NULL, NULL),
(2575, 0, 85, 129, 5, '菜蠻甜的，包裝完整且仔細，有需要會再回購', '2022-03-05', NULL, NULL),
(2576, 0, 20, 129, 4, '飽滿濃郁，出貨速度快，物超所值，有機會還是會再繼續回購的', '2023-02-12', NULL, NULL),
(2577, 0, 51, 129, 3, '皮較粗糙一點，包裝保護很完整，推推推！', '2022-01-06', NULL, NULL),
(2578, 0, 57, 129, 3, '價格很實會，菜都很漂亮，包裝完整服務也很好，好吃會一直回購', '2023-01-31', NULL, NULL),
(2579, 0, 63, 129, 4, '很甜很好吃，沒有任何受損，不錯不錯，值得等待！', '2022-11-19', NULL, NULL),
(2580, 0, 31, 129, 4, 'CP值及服務品質一級棒，價格很便宜，很滿足', '2022-08-21', NULL, NULL),
(2581, 0, 92, 130, 3, 'CP值很高，送貨很快速，好吃會一直回購', '2022-02-04', NULL, NULL),
(2582, 0, 75, 130, 5, '品質還不錯，包裝保護很完整，會再來買', '2022-11-29', NULL, NULL),
(2583, 0, 99, 130, 5, '菜蠻甜的，價格很便宜，有需要會再回購', '2022-10-26', NULL, NULL),
(2584, 0, 87, 130, 3, '品質很好，包裝呵護食品包裝良好，好吃會一直回購', '2022-10-13', NULL, NULL),
(2585, 0, 97, 130, 4, '普普通通，沒有任何受損，不錯不錯，還行吧', '2022-02-07', NULL, NULL),
(2586, 0, 49, 130, 3, '真是太滿意了，沒有任何受損，不錯不錯，非常值得推薦', '2022-11-02', NULL, NULL),
(2587, 0, 1, 130, 5, '買點好東西寄回老家孝敬父母，出貨非快速，已回購數次', '2022-09-11', NULL, NULL),
(2588, 0, 59, 130, 5, '新鮮、品質好，防疫在家買菜不用愁，出貨迅速，包裝完善，值得長期購買', '2022-09-11', NULL, NULL),
(2589, 0, 37, 130, 5, '夠新鮮，好吃，沒有任何受損，不錯不錯，期待開吃', '2023-02-16', NULL, NULL),
(2590, 0, 71, 130, 5, '蔬菜都很新鮮、漂亮，沒有任何受損，不錯不錯，已回購數次', '2022-03-02', NULL, NULL),
(2591, 0, 69, 130, 5, '第N次訂購了，包裝保護很完整，很滿足', '2022-02-28', NULL, NULL),
(2592, 0, 21, 130, 5, '味濃郁清甜好好吃，出貨迅速，包裝完善，非常值得推薦', '2022-01-09', NULL, NULL),
(2593, 0, 50, 130, 5, 'CP值很高，包裝完整服務也很好，好吃會一直回購', '2022-07-14', NULL, NULL),
(2594, 0, 51, 130, 5, '外表有些磕碰傷，但無損口感，價格很便宜，非常值得推薦', '2022-01-02', NULL, NULL),
(2595, 0, 45, 130, 5, '夠新鮮，好吃，包裝保護很完整，值得等待！', '2022-07-10', NULL, NULL),
(2596, 0, 25, 130, 4, '很甜很好吃，送貨包裝非常完整，有機會還是會再繼續回購的', '2022-02-17', NULL, NULL),
(2597, 0, 49, 130, 3, '香氣很足，包裝完整服務也很好，值得購買', '2022-01-29', NULL, NULL),
(2598, 0, 51, 130, 3, '飽滿濃郁，包裝完整服務也很好，絕對值得再次回購', '2022-07-08', NULL, NULL),
(2599, 0, 23, 130, 4, '超級好吃的啦，包裝保護很完整，有機會還是會再繼續回購的', '2022-11-06', NULL, NULL),
(2600, 0, 54, 130, 5, '一開箱香氣撲面而來，怎麼會這麼香，出貨速度快，物超所值，有機會還是會再繼續回購的', '2022-03-12', NULL, NULL),
(2601, 0, 71, 131, 3, '新鮮、品質好，防疫在家買菜不用愁，送貨很快速，值得購買', '2022-10-19', NULL, NULL),
(2602, 0, 3, 131, 3, '味濃郁清甜好好吃，送貨很快速，絕對值得再次回購', '2022-10-13', NULL, NULL),
(2603, 0, 42, 131, 4, '品質還不錯，送貨很快速，有機會還是會再繼續回購的', '2023-01-30', NULL, NULL),
(2604, 0, 77, 131, 3, '品質很好，沒有任何受損，不錯不錯，期待開吃', '2023-02-04', NULL, NULL),
(2605, 0, 98, 131, 4, '超級好吃的啦，包裝保護很完整，值得長期購買', '2022-01-03', NULL, NULL),
(2606, 0, 55, 131, 4, '雖然有一顆爛的，其他品質都不錯，沒有任何受損，不錯不錯，絕對值得再次回購', '2022-05-16', NULL, NULL),
(2607, 0, 6, 131, 3, '蔬菜都很新鮮、漂亮，冷藏配送超新鮮，好吃會一直回購', '2022-11-04', NULL, NULL),
(2608, 0, 13, 131, 3, '飽滿濃郁，包裝完整且仔細，很滿足', '2022-03-18', NULL, NULL),
(2609, 0, 65, 131, 4, '品質很好，沒有任何受損，不錯不錯，值得長期購買', '2023-02-08', NULL, NULL),
(2610, 0, 87, 131, 5, '普普通通，沒有任何受損，不錯不錯，果然沒讓我失望', '2022-12-20', NULL, NULL),
(2611, 0, 38, 131, 5, '新鮮、品質好，防疫在家買菜不用愁，沒有任何受損，不錯不錯，果然沒讓我失望', '2022-11-15', NULL, NULL),
(2612, 0, 42, 131, 3, '商品品質超優，出貨非快速，很滿足', '2023-02-12', NULL, NULL),
(2613, 0, 77, 131, 4, '菜蠻甜的，包裝完整服務也很好，還行吧', '2022-10-05', NULL, NULL),
(2614, 0, 80, 131, 4, '不出門就能吃到新鮮的蔬菜是非常幸福的事，送貨包裝非常完整，有需要會再回購', '2022-03-26', NULL, NULL),
(2615, 0, 32, 131, 4, '買點好東西寄回老家孝敬父母，包裝完整且仔細，吃一口就想回購', '2022-02-28', NULL, NULL),
(2616, 0, 6, 131, 3, '新鮮、品質好，防疫在家買菜不用愁，包裝完整仔細，吃一口就想回購', '2022-08-18', NULL, NULL),
(2617, 0, 26, 131, 5, 'CP值及服務品質一級棒，包裝呵護食品包裝良好，絕對值得再次回購', '2022-07-29', NULL, NULL),
(2618, 0, 41, 131, 5, '外表很漂亮但口感還好，出貨速度快，物超所值，還行吧', '2022-02-10', NULL, NULL),
(2619, 0, 11, 131, 4, '味濃郁清甜好好吃，包裝保護很完整，有需要會再回購', '2022-06-06', NULL, NULL),
(2620, 0, 32, 131, 5, '第N次訂購了，沒有任何受損，不錯不錯，吃一口就想回購', '2022-06-14', NULL, NULL),
(2621, 0, 86, 132, 5, '夠新鮮，好吃，包裝呵護食品包裝良好，吃一口就想回購', '2022-05-21', NULL, NULL),
(2622, 0, 33, 132, 4, '超級好吃的啦，沒有任何受損，不錯不錯，吃一口就想回購', '2022-09-18', NULL, NULL),
(2623, 0, 12, 132, 4, '品質還不錯，出貨速度快，物超所值，很滿足', '2022-02-10', NULL, NULL),
(2624, 0, 35, 132, 5, '吃起來有點澀，出貨迅速，包裝完善，會再來買', '2022-12-09', NULL, NULL),
(2625, 0, 85, 132, 5, '蔬菜都很新鮮、漂亮，送貨很快速，值得長期購買', '2022-10-05', NULL, NULL),
(2626, 0, 40, 132, 4, '吃起來有點澀，出貨速度快，物超所值，值得長期購買', '2022-04-20', NULL, NULL),
(2627, 0, 19, 132, 5, '外表很漂亮但口感還好，包裝完整，品項齊全，吃一口就想回購', '2022-06-15', NULL, NULL),
(2628, 0, 47, 132, 5, '外表很漂亮但口感還好，出貨非快速，吃一口就想回購', '2022-01-13', NULL, NULL),
(2629, 0, 61, 132, 3, '包裝完整蔬菜好吃比全X的還要有誠意，出貨速度快，物超所值，有需要會再回購', '2023-01-01', NULL, NULL),
(2630, 0, 32, 132, 5, 'CP值及服務品質一級棒，價格很便宜，有機會還是會再繼續回購的', '2022-01-25', NULL, NULL),
(2631, 0, 69, 132, 5, 'CP值及服務品質一級棒，包裝完整且仔細，有需要會再回購', '2022-10-06', NULL, NULL),
(2632, 0, 61, 132, 3, '吃起來有點澀，冷藏配送超新鮮，好吃會一直回購', '2022-01-02', NULL, NULL),
(2633, 0, 63, 132, 3, 'CP值及服務品質一級棒，出貨非快速，還行吧', '2023-01-02', NULL, NULL),
(2634, 0, 89, 132, 3, '超級好吃的啦，包裝完整且仔細，果然沒讓我失望', '2022-04-06', NULL, NULL),
(2635, 0, 51, 132, 5, '很甜很好吃，包裝完整且仔細，吃一口就想回購', '2022-04-01', NULL, NULL),
(2636, 0, 44, 132, 4, '外表有些磕碰傷，但無損口感，宅配到家的服務方便，有機會還是會再繼續回購的', '2022-10-25', NULL, NULL),
(2637, 0, 17, 132, 3, '很甜很好吃，出貨非快速，價位可以接受', '2023-01-23', NULL, NULL),
(2638, 0, 81, 132, 4, 'CP值很高，宅配到家的服務方便，吃一口就想回購', '2022-07-04', NULL, NULL),
(2639, 0, 40, 132, 4, '普普通通，送貨很快速，值得購買', '2022-03-03', NULL, NULL),
(2640, 0, 90, 132, 5, '品質還不錯，包裝完整且仔細，期待開吃', '2022-01-08', NULL, NULL),
(2641, 0, 21, 133, 3, '雖然有一顆爛的，其他品質都不錯，包裝完整，品項齊全，還行吧', '2022-01-28', NULL, NULL),
(2642, 0, 16, 133, 3, '品質很好，宅配到家的服務方便，值得長期購買', '2022-03-16', NULL, NULL),
(2643, 0, 63, 133, 5, '味濃郁清甜好好吃，包裝完整仔細，推推推！', '2022-12-08', NULL, NULL),
(2644, 0, 45, 133, 4, '夠新鮮，好吃，冷藏配送超新鮮，已回購數次', '2022-04-11', NULL, NULL),
(2645, 0, 49, 133, 5, '品質很好，冷藏配送超新鮮，會再來買', '2022-08-19', NULL, NULL),
(2646, 0, 50, 133, 4, '夠新鮮，好吃，包裝完整服務也很好，吃一口就想回購', '2022-06-01', NULL, NULL),
(2647, 0, 35, 133, 4, '沒有很甜但也還行，冷藏配送超新鮮，期待開吃', '2022-05-11', NULL, NULL),
(2648, 0, 16, 133, 5, '蔬菜都很新鮮、漂亮，冷藏配送超新鮮，有需要會再回購', '2022-07-06', NULL, NULL),
(2649, 0, 80, 133, 3, 'CP值很高，冷藏配送超新鮮，還行吧', '2022-03-23', NULL, NULL),
(2650, 0, 10, 133, 3, '真是太滿意了，包裝呵護食品包裝良好，已回購數次', '2022-10-12', NULL, NULL),
(2651, 0, 66, 133, 3, '蔬菜都很新鮮、漂亮，包裝完整，品項齊全，推推推！', '2022-12-18', NULL, NULL),
(2652, 0, 97, 133, 3, '菜蠻甜的，包裝保護很完整，值得長期購買', '2022-03-21', NULL, NULL),
(2653, 0, 68, 133, 4, '價格優惠，送貨很快速，絕對值得再次回購', '2022-01-09', NULL, NULL),
(2654, 0, 77, 133, 3, '普普通通，包裝完整，品項齊全，果然沒讓我失望', '2022-10-07', NULL, NULL),
(2655, 0, 67, 133, 4, '口感真的不錯，很好吃，出貨速度快，物超所值，很滿足', '2022-02-27', NULL, NULL),
(2656, 0, 67, 133, 4, '真是太滿意了，價格很便宜，果然沒讓我失望', '2022-10-12', NULL, NULL),
(2657, 0, 56, 133, 4, '夠新鮮，好吃，包裝保護很完整，已回購數次', '2022-10-31', NULL, NULL),
(2658, 0, 87, 133, 4, '買點好東西寄回老家孝敬父母，送貨很快速，價位可以接受', '2022-05-26', NULL, NULL),
(2659, 0, 22, 133, 3, '夠新鮮，好吃，包裝完整且仔細，期待開吃', '2023-02-17', NULL, NULL),
(2660, 0, 90, 133, 4, '蔬菜都很新鮮、漂亮，包裝完整仔細，好吃會一直回購', '2022-01-27', NULL, NULL),
(2661, 0, 59, 134, 3, '收到就馬上開始煮來吃了，包裝完整且仔細，已回購數次', '2022-06-26', NULL, NULL),
(2662, 0, 24, 134, 3, '外表很漂亮但口感還好，包裝完整仔細，會再來買', '2023-02-27', NULL, NULL),
(2663, 0, 39, 134, 4, '外表很漂亮但口感還好，沒有任何受損，不錯不錯，期待開吃', '2022-10-31', NULL, NULL),
(2664, 0, 78, 134, 3, '皮較粗糙一點，出貨迅速，包裝完善，值得長期購買', '2022-03-20', NULL, NULL),
(2665, 0, 48, 134, 5, '口感真的不錯，很好吃，包裝呵護食品包裝良好，值得等待！', '2022-03-05', NULL, NULL),
(2666, 0, 86, 134, 4, '外表有些磕碰傷，但無損口感，宅配到家的服務方便，值得等待！', '2022-07-16', NULL, NULL),
(2667, 0, 20, 134, 3, '不出門就能吃到新鮮的蔬菜是非常幸福的事，冷藏配送超新鮮，值得等待！', '2022-06-18', NULL, NULL),
(2668, 0, 2, 134, 5, '口感真的不錯，很好吃，宅配到家的服務方便，很滿足', '2022-06-03', NULL, NULL),
(2669, 0, 26, 134, 5, '第N次訂購了，宅配到家的服務方便，好吃會一直回購', '2023-01-04', NULL, NULL),
(2670, 0, 44, 134, 3, '香氣很足，冷藏配送超新鮮，價位可以接受', '2022-08-02', NULL, NULL),
(2671, 0, 66, 134, 4, '品質還不錯，包裝保護很完整，會再來買', '2022-03-05', NULL, NULL),
(2672, 0, 6, 134, 4, '皮較粗糙一點，包裝呵護食品包裝良好，好吃會一直回購', '2022-01-11', NULL, NULL),
(2673, 0, 78, 134, 3, '吃起來有點澀，包裝完整仔細，非常值得推薦', '2022-05-26', NULL, NULL),
(2674, 0, 21, 134, 3, '香氣很足，包裝保護很完整，值得購買', '2022-01-18', NULL, NULL),
(2675, 0, 30, 134, 5, '真是太滿意了，冷藏配送超新鮮，會再來買', '2022-07-16', NULL, NULL),
(2676, 0, 23, 134, 3, '吃起來有點澀，沒有任何受損，不錯不錯，非常值得推薦', '2022-02-17', NULL, NULL),
(2677, 0, 2, 134, 5, '菜蠻甜的，冷藏配送超新鮮，值得長期購買', '2022-12-09', NULL, NULL),
(2678, 0, 37, 134, 4, '很甜很好吃，包裝保護很完整，好吃會一直回購', '2023-01-22', NULL, NULL),
(2679, 0, 84, 134, 3, '菜蠻甜的，宅配到家的服務方便，期待開吃', '2023-01-23', NULL, NULL),
(2680, 0, 49, 134, 5, '一開箱香氣撲面而來，怎麼會這麼香，宅配到家的服務方便，果然沒讓我失望', '2022-06-21', NULL, NULL),
(2681, 0, 6, 135, 5, '新鮮、品質好，防疫在家買菜不用愁，冷藏配送超新鮮，推推推！', '2022-04-02', NULL, NULL),
(2682, 0, 58, 135, 3, '味道酸酸甜甜剛剛好，出貨速度快，物超所值，有機會還是會再繼續回購的', '2022-11-03', NULL, NULL),
(2683, 0, 82, 135, 3, '味道酸酸甜甜剛剛好，送貨包裝非常完整，果然沒讓我失望', '2022-01-19', NULL, NULL),
(2684, 0, 3, 135, 4, '超級好吃的啦，送貨包裝非常完整，價位可以接受', '2022-06-12', NULL, NULL),
(2685, 0, 7, 135, 5, '第N次訂購了，包裝呵護食品包裝良好，期待開吃', '2022-02-13', NULL, NULL),
(2686, 0, 4, 135, 3, '吃起來有點澀，出貨非快速，推推推！', '2022-03-20', NULL, NULL),
(2687, 0, 62, 135, 3, '味濃郁清甜好好吃，送貨很快速，吃一口就想回購', '2023-02-08', NULL, NULL),
(2688, 0, 96, 135, 5, '一開箱香氣撲面而來，怎麼會這麼香，出貨速度快，物超所值，好吃會一直回購', '2023-01-01', NULL, NULL),
(2689, 0, 12, 135, 4, '不出門就能吃到新鮮的蔬菜是非常幸福的事，包裝呵護食品包裝良好，會再來買', '2023-02-01', NULL, NULL),
(2690, 0, 40, 135, 5, '價格優惠，沒有任何受損，不錯不錯，非常值得推薦', '2023-02-26', NULL, NULL),
(2691, 0, 69, 135, 3, '外表有些磕碰傷，但無損口感，出貨迅速，包裝完善，非常值得推薦', '2022-04-02', NULL, NULL),
(2692, 0, 41, 135, 4, '商品品質超優，包裝呵護食品包裝良好，有機會還是會再繼續回購的', '2023-02-03', NULL, NULL),
(2693, 0, 72, 135, 5, '味濃郁清甜好好吃，包裝完整且仔細，推推推！', '2022-11-25', NULL, NULL),
(2694, 0, 85, 135, 4, '皮較粗糙一點，包裝呵護食品包裝良好，推推推！', '2022-05-25', NULL, NULL),
(2695, 0, 21, 135, 4, '價格很實會，菜都很漂亮，出貨迅速，包裝完善，很滿足', '2023-02-25', NULL, NULL),
(2696, 0, 82, 135, 3, '外表有些磕碰傷，但無損口感，包裝完整且仔細，已回購數次', '2023-02-21', NULL, NULL),
(2697, 0, 70, 135, 5, '各種有機蔬菜都還很新鮮，包裝完整仔細，還行吧', '2023-01-04', NULL, NULL),
(2698, 0, 3, 135, 3, '外表很漂亮但口感還好，出貨速度快，物超所值，值得購買', '2022-12-11', NULL, NULL),
(2699, 0, 93, 135, 3, 'CP值很高，包裝完整服務也很好，果然沒讓我失望', '2022-10-21', NULL, NULL),
(2700, 0, 6, 135, 4, '飽滿濃郁，冷藏配送超新鮮，價位可以接受', '2022-02-13', NULL, NULL),
(2701, 0, 38, 136, 4, '商品品質超優，包裝完整服務也很好，期待開吃', '2023-02-06', NULL, NULL),
(2702, 0, 51, 136, 3, '吃起來有點澀，宅配到家的服務方便，已回購數次', '2022-12-09', NULL, NULL),
(2703, 0, 98, 136, 3, '價格優惠，出貨迅速，包裝完善，有機會還是會再繼續回購的', '2022-06-11', NULL, NULL),
(2704, 0, 94, 136, 3, '不出門就能吃到新鮮的蔬菜是非常幸福的事，出貨速度快，物超所值，價位可以接受', '2022-01-25', NULL, NULL),
(2705, 0, 89, 136, 5, '買點好東西寄回老家孝敬父母，冷藏配送超新鮮，值得等待！', '2022-08-15', NULL, NULL),
(2706, 0, 27, 136, 5, '一開箱香氣撲面而來，怎麼會這麼香，出貨速度快，物超所值，期待開吃', '2022-08-21', NULL, NULL),
(2707, 0, 7, 136, 3, '味濃郁清甜好好吃，包裝完整且仔細，值得長期購買', '2023-02-18', NULL, NULL),
(2708, 0, 47, 136, 3, '夠新鮮，好吃，包裝保護很完整，值得購買', '2022-10-15', NULL, NULL),
(2709, 0, 94, 136, 4, '雖然有一顆爛的，其他品質都不錯，包裝完整且仔細，很滿足', '2022-01-07', NULL, NULL),
(2710, 0, 12, 136, 3, '一開箱香氣撲面而來，怎麼會這麼香，冷藏配送超新鮮，值得長期購買', '2023-01-26', NULL, NULL),
(2711, 0, 8, 136, 3, '口感真的不錯，很好吃，出貨非快速，還行吧', '2022-08-09', NULL, NULL),
(2712, 0, 55, 136, 5, '價格很實會，菜都很漂亮，價格很便宜，值得購買', '2022-05-25', NULL, NULL),
(2713, 0, 53, 136, 5, '口感真的不錯，很好吃，沒有任何受損，不錯不錯，還行吧', '2022-08-09', NULL, NULL),
(2714, 0, 5, 136, 5, '品質很好，冷藏配送超新鮮，有需要會再回購', '2023-02-14', NULL, NULL),
(2715, 0, 13, 136, 4, '不出門就能吃到新鮮的蔬菜是非常幸福的事，包裝完整服務也很好，推推推！', '2022-01-17', NULL, NULL),
(2716, 0, 49, 136, 3, '蔬菜都很新鮮、漂亮，宅配到家的服務方便，已回購數次', '2023-01-09', NULL, NULL),
(2717, 0, 73, 136, 4, '口感真的不錯，很好吃，出貨速度快，物超所值，推推推！', '2022-09-05', NULL, NULL),
(2718, 0, 26, 136, 3, '外表很漂亮但口感還好，包裝保護很完整，會再來買', '2022-10-25', NULL, NULL),
(2719, 0, 11, 136, 5, '口感真的不錯，很好吃，包裝完整服務也很好，值得長期購買', '2023-01-11', NULL, NULL),
(2720, 0, 61, 136, 3, '不出門就能吃到新鮮的蔬菜是非常幸福的事，宅配到家的服務方便，價位可以接受', '2022-09-21', NULL, NULL),
(2721, 0, 62, 137, 3, '價格優惠，包裝完整服務也很好，值得長期購買', '2022-02-13', NULL, NULL),
(2722, 0, 49, 137, 3, '價格優惠，冷藏配送超新鮮，還行吧', '2022-12-19', NULL, NULL),
(2723, 0, 53, 137, 3, '商品品質超優，包裝完整仔細，期待開吃', '2022-08-02', NULL, NULL),
(2724, 0, 8, 137, 3, '外表有些磕碰傷，但無損口感，出貨速度快，物超所值，好吃會一直回購', '2022-02-11', NULL, NULL),
(2725, 0, 48, 137, 3, '真是太滿意了，宅配到家的服務方便，吃一口就想回購', '2022-09-14', NULL, NULL),
(2726, 0, 50, 137, 3, 'CP值很高，包裝呵護食品包裝良好，非常值得推薦', '2022-03-08', NULL, NULL),
(2727, 0, 45, 137, 4, '價格很實會，菜都很漂亮，包裝呵護食品包裝良好，很滿足', '2022-04-22', NULL, NULL);
INSERT INTO `comment_product` (`sid`, `order_product_details_sid`, `member_sid`, `product_sid`, `comment_value`, `comment_content`, `comment_publish_date`, `comment_re`, `comment_update_date`) VALUES
(2728, 0, 27, 137, 3, '沒有很甜但也還行，冷藏配送超新鮮，還行吧', '2022-05-10', NULL, NULL),
(2729, 0, 30, 137, 5, '蔬菜都很新鮮、漂亮，送貨很快速，絕對值得再次回購', '2022-04-11', NULL, NULL),
(2730, 0, 93, 137, 5, '雖然有一顆爛的，其他品質都不錯，宅配到家的服務方便，有機會還是會再繼續回購的', '2022-08-20', NULL, NULL),
(2731, 0, 89, 137, 3, '菜蠻甜的，沒有任何受損，不錯不錯，值得購買', '2023-02-26', NULL, NULL),
(2732, 0, 19, 137, 4, '夠新鮮，好吃，宅配到家的服務方便，值得等待！', '2022-02-15', NULL, NULL),
(2733, 0, 98, 137, 4, '外表有些磕碰傷，但無損口感，包裝呵護食品包裝良好，還行吧', '2022-11-24', NULL, NULL),
(2734, 0, 94, 137, 3, '夠新鮮，好吃，出貨速度快，物超所值，會再來買', '2022-12-02', NULL, NULL),
(2735, 0, 56, 137, 3, '味濃郁清甜好好吃，包裝完整仔細，果然沒讓我失望', '2023-01-13', NULL, NULL),
(2736, 0, 75, 137, 3, '雖然有一顆爛的，其他品質都不錯，出貨非快速，非常值得推薦', '2022-08-17', NULL, NULL),
(2737, 0, 74, 137, 3, '收到就馬上開始煮來吃了，送貨包裝非常完整，已回購數次', '2023-01-09', NULL, NULL),
(2738, 0, 58, 137, 4, '各種有機蔬菜都還很新鮮，包裝完整服務也很好，值得長期購買', '2022-06-12', NULL, NULL),
(2739, 0, 22, 137, 5, '夠新鮮，好吃，沒有任何受損，不錯不錯，很滿足', '2022-07-08', NULL, NULL),
(2740, 0, 96, 137, 3, '收到就馬上開始煮來吃了，出貨迅速，包裝完善，很滿足', '2022-03-31', NULL, NULL),
(2741, 0, 81, 138, 3, '包裝完整蔬菜好吃比全X的還要有誠意，包裝完整仔細，有需要會再回購', '2022-02-18', NULL, NULL),
(2742, 0, 25, 138, 4, '味濃郁清甜好好吃，出貨速度快，物超所值，有機會還是會再繼續回購的', '2023-01-19', NULL, NULL),
(2743, 0, 61, 138, 4, '價格優惠，送貨包裝非常完整，值得等待！', '2022-12-12', NULL, NULL),
(2744, 0, 23, 138, 4, '菜蠻甜的，宅配到家的服務方便，已回購數次', '2023-01-27', NULL, NULL),
(2745, 0, 62, 138, 3, '各種有機蔬菜都還很新鮮，包裝完整，品項齊全，價位可以接受', '2022-09-23', NULL, NULL),
(2746, 0, 6, 138, 4, '普普通通，出貨非快速，已回購數次', '2022-02-23', NULL, NULL),
(2747, 0, 86, 138, 5, '口感真的不錯，很好吃，送貨很快速，有需要會再回購', '2023-02-15', NULL, NULL),
(2748, 0, 10, 138, 5, '味道酸酸甜甜剛剛好，出貨速度快，物超所值，已回購數次', '2022-09-19', NULL, NULL),
(2749, 0, 16, 138, 4, '吃起來有點澀，包裝保護很完整，期待開吃', '2022-02-15', NULL, NULL),
(2750, 0, 92, 138, 3, '第N次訂購了，包裝保護很完整，有機會還是會再繼續回購的', '2022-03-09', NULL, NULL),
(2751, 0, 16, 138, 5, '超級好吃的啦，送貨很快速，有需要會再回購', '2022-07-08', NULL, NULL),
(2752, 0, 14, 138, 4, '香氣很足，送貨很快速，吃一口就想回購', '2022-07-18', NULL, NULL),
(2753, 0, 49, 138, 3, '味道酸酸甜甜剛剛好，包裝保護很完整，好吃會一直回購', '2022-08-29', NULL, NULL),
(2754, 0, 76, 138, 3, '飽滿濃郁，送貨很快速，非常值得推薦', '2022-09-11', NULL, NULL),
(2755, 0, 85, 138, 5, '真是太滿意了，價格很便宜，價位可以接受', '2023-02-14', NULL, NULL),
(2756, 0, 47, 138, 3, '真是太滿意了，包裝完整服務也很好，有需要會再回購', '2022-04-18', NULL, NULL),
(2757, 0, 48, 138, 5, 'CP值很高，包裝完整服務也很好，有需要會再回購', '2022-10-20', NULL, NULL),
(2758, 0, 53, 138, 3, '包裝完整蔬菜好吃比全X的還要有誠意，冷藏配送超新鮮，值得長期購買', '2023-01-20', NULL, NULL),
(2759, 0, 27, 138, 3, '吃起來有點澀，沒有任何受損，不錯不錯，有機會還是會再繼續回購的', '2022-12-18', NULL, NULL),
(2760, 0, 38, 138, 3, '外表很漂亮但口感還好，送貨很快速，好吃會一直回購', '2023-02-08', NULL, NULL),
(2761, 0, 59, 139, 5, '價格很實會，菜都很漂亮，出貨非快速，非常值得推薦', '2022-02-17', NULL, NULL),
(2762, 0, 36, 139, 5, '品質還不錯，出貨速度快，物超所值，值得等待！', '2022-12-18', NULL, NULL),
(2763, 0, 52, 139, 3, '買點好東西寄回老家孝敬父母，冷藏配送超新鮮，果然沒讓我失望', '2023-01-13', NULL, NULL),
(2764, 0, 94, 139, 5, '普普通通，包裝完整仔細，期待開吃', '2022-07-26', NULL, NULL),
(2765, 0, 61, 139, 5, '普普通通，包裝完整且仔細，值得長期購買', '2022-07-27', NULL, NULL),
(2766, 0, 94, 139, 5, '新鮮、品質好，防疫在家買菜不用愁，冷藏配送超新鮮，很滿足', '2022-11-01', NULL, NULL),
(2767, 0, 80, 139, 4, '吃起來有點澀，包裝完整服務也很好，期待開吃', '2022-01-17', NULL, NULL),
(2768, 0, 79, 139, 3, '新鮮、品質好，防疫在家買菜不用愁，冷藏配送超新鮮，有需要會再回購', '2022-10-25', NULL, NULL),
(2769, 0, 84, 139, 3, '品質還不錯，包裝完整服務也很好，很滿足', '2022-10-14', NULL, NULL),
(2770, 0, 57, 139, 5, '外表有些磕碰傷，但無損口感，包裝呵護食品包裝良好，價位可以接受', '2022-03-28', NULL, NULL),
(2771, 0, 14, 139, 3, '不出門就能吃到新鮮的蔬菜是非常幸福的事，送貨包裝非常完整，價位可以接受', '2022-01-08', NULL, NULL),
(2772, 0, 59, 139, 4, '飽滿濃郁，送貨很快速，期待開吃', '2023-01-09', NULL, NULL),
(2773, 0, 67, 139, 4, '菜蠻甜的，出貨迅速，包裝完善，果然沒讓我失望', '2022-10-25', NULL, NULL),
(2774, 0, 74, 139, 5, '蔬菜都很新鮮、漂亮，包裝完整仔細，價位可以接受', '2022-11-12', NULL, NULL),
(2775, 0, 94, 139, 3, '第N次訂購了，出貨非快速，絕對值得再次回購', '2022-06-23', NULL, NULL),
(2776, 0, 2, 139, 5, '價格很實會，菜都很漂亮，包裝呵護食品包裝良好，值得長期購買', '2022-02-20', NULL, NULL),
(2777, 0, 60, 139, 4, '一開箱香氣撲面而來，怎麼會這麼香，包裝完整服務也很好，很滿足', '2022-03-17', NULL, NULL),
(2778, 0, 19, 139, 4, '香氣很足，包裝呵護食品包裝良好，值得長期購買', '2022-05-08', NULL, NULL),
(2779, 0, 51, 139, 5, '收到就馬上開始煮來吃了，包裝呵護食品包裝良好，有機會還是會再繼續回購的', '2022-04-07', NULL, NULL),
(2780, 0, 23, 139, 4, '菜蠻甜的，包裝呵護食品包裝良好，吃一口就想回購', '2022-05-04', NULL, NULL),
(2781, 0, 46, 140, 3, '外表有些磕碰傷，但無損口感，包裝保護很完整，有需要會再回購', '2022-03-21', NULL, NULL),
(2782, 0, 78, 140, 5, '一開箱香氣撲面而來，怎麼會這麼香，送貨包裝非常完整，很滿足', '2022-06-23', NULL, NULL),
(2783, 0, 56, 140, 5, '價格很實會，菜都很漂亮，包裝保護很完整，非常值得推薦', '2022-07-23', NULL, NULL),
(2784, 0, 51, 140, 4, '味濃郁清甜好好吃，送貨很快速，有需要會再回購', '2022-04-16', NULL, NULL),
(2785, 0, 80, 140, 4, '品質很好，包裝保護很完整，果然沒讓我失望', '2022-07-12', NULL, NULL),
(2786, 0, 43, 140, 4, '口感真的不錯，很好吃，出貨迅速，包裝完善，已回購數次', '2022-02-05', NULL, NULL),
(2787, 0, 68, 140, 5, '外表有些磕碰傷，但無損口感，包裝完整且仔細，值得購買', '2022-12-19', NULL, NULL),
(2788, 0, 87, 140, 3, '品質很好，送貨很快速，吃一口就想回購', '2022-10-15', NULL, NULL),
(2789, 0, 44, 140, 4, '吃起來有點澀，冷藏配送超新鮮，值得等待！', '2022-02-22', NULL, NULL),
(2790, 0, 34, 140, 4, '很甜很好吃，價格很便宜，果然沒讓我失望', '2022-03-09', NULL, NULL),
(2791, 0, 35, 140, 3, '夠新鮮，好吃，包裝完整且仔細，有機會還是會再繼續回購的', '2023-02-07', NULL, NULL),
(2792, 0, 94, 140, 4, '香氣很足，出貨速度快，物超所值，值得長期購買', '2023-01-25', NULL, NULL),
(2793, 0, 18, 140, 3, '商品品質超優，價格很便宜，有機會還是會再繼續回購的', '2022-02-18', NULL, NULL),
(2794, 0, 45, 140, 3, '新鮮、品質好，防疫在家買菜不用愁，出貨非快速，還行吧', '2023-01-16', NULL, NULL),
(2795, 0, 7, 140, 4, '品質很好，冷藏配送超新鮮，非常值得推薦', '2022-04-23', NULL, NULL),
(2796, 0, 99, 140, 5, '普普通通，包裝完整仔細，有機會還是會再繼續回購的', '2023-01-04', NULL, NULL),
(2797, 0, 20, 140, 4, '品質很好，包裝保護很完整，很滿足', '2022-06-05', NULL, NULL),
(2798, 0, 5, 140, 5, '價格優惠，宅配到家的服務方便，很滿足', '2022-02-26', NULL, NULL),
(2799, 0, 47, 140, 4, '皮較粗糙一點，送貨很快速，已回購數次', '2022-04-14', NULL, NULL),
(2800, 0, 47, 140, 4, '夠新鮮，好吃，包裝保護很完整，已回購數次', '2022-04-24', NULL, NULL),
(2801, 0, 23, 141, 3, '普普通通，包裝保護很完整，推推推！', '2022-02-23', NULL, NULL),
(2802, 0, 58, 141, 4, '價格很實會，菜都很漂亮，出貨非快速，很滿足', '2022-07-26', NULL, NULL),
(2803, 0, 55, 141, 4, '價格優惠，出貨速度快，物超所值，果然沒讓我失望', '2023-01-02', NULL, NULL),
(2804, 0, 98, 141, 5, '價格優惠，出貨非快速，價位可以接受', '2022-01-25', NULL, NULL),
(2805, 0, 20, 141, 3, '菜蠻甜的，包裝完整，品項齊全，很滿足', '2022-12-27', NULL, NULL),
(2806, 0, 10, 141, 3, '真是太滿意了，價格很便宜，絕對值得再次回購', '2022-11-09', NULL, NULL),
(2807, 0, 52, 141, 4, '價格很實會，菜都很漂亮，沒有任何受損，不錯不錯，價位可以接受', '2022-06-21', NULL, NULL),
(2808, 0, 42, 141, 3, '沒有很甜但也還行，出貨非快速，推推推！', '2022-09-07', NULL, NULL),
(2809, 0, 89, 141, 3, '口感真的不錯，很好吃，送貨很快速，非常值得推薦', '2023-02-26', NULL, NULL),
(2810, 0, 45, 141, 3, '吃起來有點澀，出貨非快速，期待開吃', '2023-01-23', NULL, NULL),
(2811, 0, 6, 141, 3, '香氣很足，包裝保護很完整，值得等待！', '2022-06-16', NULL, NULL),
(2812, 0, 43, 141, 4, '皮較粗糙一點，包裝保護很完整，吃一口就想回購', '2022-08-24', NULL, NULL),
(2813, 0, 33, 141, 3, '夠新鮮，好吃，出貨速度快，物超所值，好吃會一直回購', '2022-12-25', NULL, NULL),
(2814, 0, 17, 141, 3, '品質還不錯，包裝呵護食品包裝良好，價位可以接受', '2022-04-27', NULL, NULL),
(2815, 0, 62, 141, 3, '新鮮、品質好，防疫在家買菜不用愁，出貨迅速，包裝完善，會再來買', '2022-07-22', NULL, NULL),
(2816, 0, 50, 141, 4, '雖然有一顆爛的，其他品質都不錯，包裝完整且仔細，有需要會再回購', '2022-08-18', NULL, NULL),
(2817, 0, 14, 141, 4, '價格很實會，菜都很漂亮，包裝保護很完整，期待開吃', '2022-08-03', NULL, NULL),
(2818, 0, 22, 141, 4, '雖然有一顆爛的，其他品質都不錯，包裝保護很完整，推推推！', '2022-07-08', NULL, NULL),
(2819, 0, 74, 141, 3, '飽滿濃郁，沒有任何受損，不錯不錯，果然沒讓我失望', '2022-02-04', NULL, NULL),
(2820, 0, 15, 141, 3, 'CP值很高，送貨很快速，好吃會一直回購', '2022-09-27', NULL, NULL),
(2821, 0, 96, 142, 4, '飽滿濃郁，包裝呵護食品包裝良好，會再來買', '2022-04-24', NULL, NULL),
(2822, 0, 45, 142, 5, 'CP值及服務品質一級棒，沒有任何受損，不錯不錯，值得等待！', '2023-02-12', NULL, NULL),
(2823, 0, 32, 142, 5, 'CP值很高，包裝完整仔細，值得購買', '2022-07-23', NULL, NULL),
(2824, 0, 32, 142, 5, '蔬菜都很新鮮、漂亮，包裝完整，品項齊全，值得購買', '2022-01-15', NULL, NULL),
(2825, 0, 12, 142, 5, '外表很漂亮但口感還好，包裝呵護食品包裝良好，有機會還是會再繼續回購的', '2022-07-09', NULL, NULL),
(2826, 0, 85, 142, 5, '味濃郁清甜好好吃，出貨速度快，物超所值，非常值得推薦', '2022-01-02', NULL, NULL),
(2827, 0, 64, 142, 5, '普普通通，包裝呵護食品包裝良好，值得長期購買', '2022-08-23', NULL, NULL),
(2828, 0, 38, 142, 5, '價格很實會，菜都很漂亮，包裝完整仔細，推推推！', '2022-07-23', NULL, NULL),
(2829, 0, 26, 142, 5, '一開箱香氣撲面而來，怎麼會這麼香，出貨非快速，期待開吃', '2022-03-13', NULL, NULL),
(2830, 0, 23, 142, 4, '香氣很足，出貨速度快，物超所值，果然沒讓我失望', '2022-04-23', NULL, NULL),
(2831, 0, 67, 142, 3, '外表很漂亮但口感還好，送貨很快速，值得購買', '2022-06-14', NULL, NULL),
(2832, 0, 58, 142, 3, '不出門就能吃到新鮮的蔬菜是非常幸福的事，送貨很快速，價位可以接受', '2023-01-15', NULL, NULL),
(2833, 0, 17, 142, 3, '不出門就能吃到新鮮的蔬菜是非常幸福的事，包裝保護很完整，價位可以接受', '2022-03-11', NULL, NULL),
(2834, 0, 76, 142, 3, '皮較粗糙一點，出貨速度快，物超所值，價位可以接受', '2022-07-19', NULL, NULL),
(2835, 0, 17, 142, 5, '買點好東西寄回老家孝敬父母，送貨很快速，非常值得推薦', '2022-01-12', NULL, NULL),
(2836, 0, 26, 142, 3, '超級好吃的啦，包裝完整仔細，值得長期購買', '2023-01-29', NULL, NULL),
(2837, 0, 58, 142, 4, '吃起來有點澀，沒有任何受損，不錯不錯，吃一口就想回購', '2023-02-05', NULL, NULL),
(2838, 0, 88, 142, 3, '外表有些磕碰傷，但無損口感，出貨速度快，物超所值，吃一口就想回購', '2022-05-24', NULL, NULL),
(2839, 0, 39, 142, 5, '買點好東西寄回老家孝敬父母，包裝完整服務也很好，好吃會一直回購', '2022-01-06', NULL, NULL),
(2840, 0, 94, 142, 4, '吃起來有點澀，出貨迅速，包裝完善，會再來買', '2022-04-03', NULL, NULL),
(2841, 0, 95, 143, 5, '味道酸酸甜甜剛剛好，包裝保護很完整，好吃會一直回購', '2022-07-08', NULL, NULL),
(2842, 0, 65, 143, 3, '收到就馬上開始煮來吃了，出貨非快速，果然沒讓我失望', '2022-07-22', NULL, NULL),
(2843, 0, 11, 143, 3, '飽滿濃郁，冷藏配送超新鮮，值得長期購買', '2022-02-26', NULL, NULL),
(2844, 0, 15, 143, 3, '口感真的不錯，很好吃，包裝完整，品項齊全，推推推！', '2022-11-22', NULL, NULL),
(2845, 0, 52, 143, 3, '收到就馬上開始煮來吃了，包裝完整且仔細，有機會還是會再繼續回購的', '2023-01-04', NULL, NULL),
(2846, 0, 54, 143, 4, '飽滿濃郁，包裝呵護食品包裝良好，已回購數次', '2022-03-22', NULL, NULL),
(2847, 0, 88, 143, 3, '價格優惠，價格很便宜，會再來買', '2022-11-02', NULL, NULL),
(2848, 0, 83, 143, 5, '外表很漂亮但口感還好，出貨迅速，包裝完善，吃一口就想回購', '2022-08-27', NULL, NULL),
(2849, 0, 60, 143, 4, '吃起來有點澀，價格很便宜，有需要會再回購', '2022-02-03', NULL, NULL),
(2850, 0, 52, 143, 5, '買點好東西寄回老家孝敬父母，送貨包裝非常完整，有機會還是會再繼續回購的', '2022-08-18', NULL, NULL),
(2851, 0, 30, 143, 4, '外表很漂亮但口感還好，包裝完整且仔細，已回購數次', '2022-09-22', NULL, NULL),
(2852, 0, 38, 143, 4, '口感真的不錯，很好吃，沒有任何受損，不錯不錯，絕對值得再次回購', '2022-08-22', NULL, NULL),
(2853, 0, 9, 143, 3, '新鮮、品質好，防疫在家買菜不用愁，價格很便宜，絕對值得再次回購', '2022-06-16', NULL, NULL),
(2854, 0, 26, 143, 4, '一開箱香氣撲面而來，怎麼會這麼香，包裝保護很完整，已回購數次', '2022-12-08', NULL, NULL),
(2855, 0, 79, 143, 5, '收到就馬上開始煮來吃了，送貨包裝非常完整，好吃會一直回購', '2022-10-30', NULL, NULL),
(2856, 0, 71, 143, 5, '價格優惠，包裝呵護食品包裝良好，非常值得推薦', '2022-10-25', NULL, NULL),
(2857, 0, 31, 143, 4, '買點好東西寄回老家孝敬父母，包裝完整，品項齊全，果然沒讓我失望', '2022-01-30', NULL, NULL),
(2858, 0, 3, 143, 4, '皮較粗糙一點，包裝完整仔細，有機會還是會再繼續回購的', '2022-05-23', NULL, NULL),
(2859, 0, 32, 143, 5, '買點好東西寄回老家孝敬父母，包裝完整服務也很好，果然沒讓我失望', '2022-06-21', NULL, NULL),
(2860, 0, 89, 143, 3, '包裝完整蔬菜好吃比全X的還要有誠意，送貨很快速，會再來買', '2022-12-31', NULL, NULL),
(2861, 0, 76, 144, 4, '很甜很好吃，出貨非快速，吃一口就想回購', '2022-07-28', NULL, NULL),
(2862, 0, 79, 144, 4, '沒有很甜但也還行，冷藏配送超新鮮，已回購數次', '2022-10-17', NULL, NULL),
(2863, 0, 53, 144, 5, '味濃郁清甜好好吃，出貨迅速，包裝完善，期待開吃', '2022-10-06', NULL, NULL),
(2864, 0, 91, 144, 5, '商品品質超優，出貨速度快，物超所值，價位可以接受', '2022-08-02', NULL, NULL),
(2865, 0, 52, 144, 4, '外表很漂亮但口感還好，包裝完整，品項齊全，已回購數次', '2022-10-16', NULL, NULL),
(2866, 0, 84, 144, 3, '超級好吃的啦，送貨包裝非常完整，還行吧', '2022-09-18', NULL, NULL),
(2867, 0, 27, 144, 5, '外表有些磕碰傷，但無損口感，價格很便宜，好吃會一直回購', '2022-06-05', NULL, NULL),
(2868, 0, 62, 144, 3, '蔬菜都很新鮮、漂亮，包裝呵護食品包裝良好，絕對值得再次回購', '2022-04-06', NULL, NULL),
(2869, 0, 92, 144, 5, '雖然有一顆爛的，其他品質都不錯，沒有任何受損，不錯不錯，值得等待！', '2022-05-07', NULL, NULL),
(2870, 0, 98, 144, 5, '吃起來有點澀，出貨非快速，非常值得推薦', '2022-12-21', NULL, NULL),
(2871, 0, 31, 144, 3, '一開箱香氣撲面而來，怎麼會這麼香，送貨包裝非常完整，值得等待！', '2022-03-19', NULL, NULL),
(2872, 0, 25, 144, 4, '外表有些磕碰傷，但無損口感，包裝完整且仔細，值得長期購買', '2022-03-20', NULL, NULL),
(2873, 0, 34, 144, 4, '外表很漂亮但口感還好，沒有任何受損，不錯不錯，值得長期購買', '2022-05-30', NULL, NULL),
(2874, 0, 31, 144, 5, '價格優惠，宅配到家的服務方便，值得等待！', '2022-03-21', NULL, NULL),
(2875, 0, 15, 144, 5, '超級好吃的啦，沒有任何受損，不錯不錯，會再來買', '2022-07-09', NULL, NULL),
(2876, 0, 47, 144, 4, '蔬菜都很新鮮、漂亮，送貨包裝非常完整，絕對值得再次回購', '2022-03-24', NULL, NULL),
(2877, 0, 33, 144, 3, 'CP值及服務品質一級棒，宅配到家的服務方便，值得等待！', '2022-01-15', NULL, NULL),
(2878, 0, 96, 144, 4, '品質還不錯，出貨速度快，物超所值，已回購數次', '2022-01-16', NULL, NULL),
(2879, 0, 64, 144, 3, '超級好吃的啦，出貨迅速，包裝完善，絕對值得再次回購', '2022-04-27', NULL, NULL),
(2880, 0, 72, 144, 4, '買點好東西寄回老家孝敬父母，冷藏配送超新鮮，非常值得推薦', '2022-08-27', NULL, NULL),
(2881, 0, 20, 145, 3, '夠新鮮，好吃，送貨包裝非常完整，還行吧', '2022-06-21', NULL, NULL),
(2882, 0, 39, 145, 3, '品質很好，價格很便宜，有機會還是會再繼續回購的', '2022-05-08', NULL, NULL),
(2883, 0, 66, 145, 4, '香氣很足，包裝完整仔細，值得等待！', '2022-11-17', NULL, NULL),
(2884, 0, 48, 145, 3, '一開箱香氣撲面而來，怎麼會這麼香，沒有任何受損，不錯不錯，期待開吃', '2022-08-09', NULL, NULL),
(2885, 0, 48, 145, 5, '收到就馬上開始煮來吃了，沒有任何受損，不錯不錯，價位可以接受', '2022-04-29', NULL, NULL),
(2886, 0, 72, 145, 5, '很甜很好吃，包裝呵護食品包裝良好，果然沒讓我失望', '2022-06-14', NULL, NULL),
(2887, 0, 40, 145, 5, '吃起來有點澀，包裝呵護食品包裝良好，有機會還是會再繼續回購的', '2022-05-27', NULL, NULL),
(2888, 0, 82, 145, 3, '菜蠻甜的，出貨速度快，物超所值，值得等待！', '2022-03-12', NULL, NULL),
(2889, 0, 82, 145, 5, '菜蠻甜的，包裝完整，品項齊全，非常值得推薦', '2022-09-25', NULL, NULL),
(2890, 0, 12, 145, 3, '收到就馬上開始煮來吃了，包裝完整，品項齊全，還行吧', '2022-02-19', NULL, NULL),
(2891, 0, 44, 145, 3, '第N次訂購了，包裝呵護食品包裝良好，很滿足', '2023-02-23', NULL, NULL),
(2892, 0, 99, 145, 4, 'CP值及服務品質一級棒，沒有任何受損，不錯不錯，還行吧', '2022-01-28', NULL, NULL),
(2893, 0, 25, 145, 3, '收到就馬上開始煮來吃了，出貨速度快，物超所值，價位可以接受', '2023-01-08', NULL, NULL),
(2894, 0, 70, 145, 4, '價格優惠，宅配到家的服務方便，期待開吃', '2022-05-01', NULL, NULL),
(2895, 0, 70, 145, 5, '價格很實會，菜都很漂亮，價格很便宜，絕對值得再次回購', '2023-01-03', NULL, NULL),
(2896, 0, 67, 145, 4, '商品品質超優，包裝完整仔細，推推推！', '2022-02-11', NULL, NULL),
(2897, 0, 4, 145, 5, '超級好吃的啦，包裝完整服務也很好，有需要會再回購', '2022-10-24', NULL, NULL),
(2898, 0, 6, 145, 3, '買點好東西寄回老家孝敬父母，包裝完整且仔細，值得長期購買', '2022-11-14', NULL, NULL),
(2899, 0, 38, 145, 4, '第N次訂購了，包裝完整且仔細，值得購買', '2022-03-19', NULL, NULL),
(2900, 0, 27, 145, 4, '超級好吃的啦，包裝呵護食品包裝良好，期待開吃', '2022-11-05', NULL, NULL),
(2901, 0, 99, 146, 5, '第N次訂購了，出貨迅速，包裝完善，推推推！', '2022-08-10', NULL, NULL),
(2902, 0, 48, 146, 3, '新鮮、品質好，防疫在家買菜不用愁，宅配到家的服務方便，推推推！', '2022-03-16', NULL, NULL),
(2903, 0, 60, 146, 4, '一開箱香氣撲面而來，怎麼會這麼香，送貨包裝非常完整，推推推！', '2022-12-03', NULL, NULL),
(2904, 0, 71, 146, 5, '價格很實會，菜都很漂亮，宅配到家的服務方便，有需要會再回購', '2022-02-07', NULL, NULL),
(2905, 0, 87, 146, 3, '香氣很足，宅配到家的服務方便，有機會還是會再繼續回購的', '2022-03-30', NULL, NULL),
(2906, 0, 10, 146, 5, '價格優惠，送貨包裝非常完整，期待開吃', '2022-01-02', NULL, NULL),
(2907, 0, 82, 146, 4, '超級好吃的啦，送貨包裝非常完整，果然沒讓我失望', '2022-06-20', NULL, NULL),
(2908, 0, 44, 146, 3, '外表有些磕碰傷，但無損口感，送貨很快速，值得長期購買', '2022-10-22', NULL, NULL),
(2909, 0, 28, 146, 5, 'CP值很高，送貨很快速，絕對值得再次回購', '2022-09-05', NULL, NULL),
(2910, 0, 64, 146, 5, '很甜很好吃，包裝呵護食品包裝良好，果然沒讓我失望', '2023-02-23', NULL, NULL),
(2911, 0, 70, 146, 3, '味道酸酸甜甜剛剛好，包裝保護很完整，價位可以接受', '2022-09-29', NULL, NULL),
(2912, 0, 27, 146, 3, '品質還不錯，沒有任何受損，不錯不錯，期待開吃', '2022-06-07', NULL, NULL),
(2913, 0, 35, 146, 3, 'CP值及服務品質一級棒，包裝呵護食品包裝良好，絕對值得再次回購', '2022-01-23', NULL, NULL),
(2914, 0, 84, 146, 5, '菜蠻甜的，宅配到家的服務方便，絕對值得再次回購', '2022-10-14', NULL, NULL),
(2915, 0, 86, 146, 3, '普普通通，包裝完整且仔細，有機會還是會再繼續回購的', '2022-10-09', NULL, NULL),
(2916, 0, 96, 146, 3, '各種有機蔬菜都還很新鮮，出貨速度快，物超所值，果然沒讓我失望', '2022-03-14', NULL, NULL),
(2917, 0, 12, 146, 3, '雖然有一顆爛的，其他品質都不錯，包裝保護很完整，值得長期購買', '2022-07-10', NULL, NULL),
(2918, 0, 14, 146, 3, '皮較粗糙一點，出貨非快速，非常值得推薦', '2022-09-12', NULL, NULL),
(2919, 0, 80, 146, 4, '品質還不錯，包裝保護很完整，吃一口就想回購', '2022-03-25', NULL, NULL),
(2920, 0, 72, 146, 5, '夠新鮮，好吃，出貨迅速，包裝完善，值得等待！', '2022-07-18', NULL, NULL),
(2921, 0, 48, 147, 4, '各種有機蔬菜都還很新鮮，出貨速度快，物超所值，好吃會一直回購', '2022-08-14', NULL, NULL),
(2922, 0, 56, 147, 5, '品質還不錯，包裝完整服務也很好，好吃會一直回購', '2023-01-17', NULL, NULL),
(2923, 0, 38, 147, 5, '沒有很甜但也還行，包裝完整且仔細，果然沒讓我失望', '2022-05-08', NULL, NULL),
(2924, 0, 85, 147, 5, '新鮮、品質好，防疫在家買菜不用愁，包裝呵護食品包裝良好，價位可以接受', '2022-04-04', NULL, NULL),
(2925, 0, 33, 147, 4, '真是太滿意了，包裝完整仔細，已回購數次', '2022-10-02', NULL, NULL),
(2926, 0, 35, 147, 4, '價格優惠，送貨很快速，期待開吃', '2022-09-03', NULL, NULL),
(2927, 0, 58, 147, 3, '皮較粗糙一點，出貨迅速，包裝完善，值得長期購買', '2022-12-21', NULL, NULL),
(2928, 0, 16, 147, 4, '包裝完整蔬菜好吃比全X的還要有誠意，包裝完整且仔細，吃一口就想回購', '2022-02-07', NULL, NULL),
(2929, 0, 3, 147, 4, '一開箱香氣撲面而來，怎麼會這麼香，冷藏配送超新鮮，吃一口就想回購', '2022-05-03', NULL, NULL),
(2930, 0, 1, 147, 4, '夠新鮮，好吃，出貨速度快，物超所值，期待開吃', '2022-06-15', NULL, NULL),
(2931, 0, 93, 147, 4, 'CP值及服務品質一級棒，送貨包裝非常完整，絕對值得再次回購', '2022-12-15', NULL, NULL),
(2932, 0, 17, 147, 3, '超級好吃的啦，出貨速度快，物超所值，吃一口就想回購', '2022-04-07', NULL, NULL),
(2933, 0, 44, 147, 5, '皮較粗糙一點，包裝完整服務也很好，值得長期購買', '2022-11-11', NULL, NULL),
(2934, 0, 34, 147, 3, '品質很好，包裝完整且仔細，果然沒讓我失望', '2022-11-26', NULL, NULL),
(2935, 0, 32, 147, 4, '包裝完整蔬菜好吃比全X的還要有誠意，冷藏配送超新鮮，會再來買', '2022-05-03', NULL, NULL),
(2936, 0, 63, 147, 5, '買點好東西寄回老家孝敬父母，包裝保護很完整，絕對值得再次回購', '2022-01-26', NULL, NULL),
(2937, 0, 51, 147, 4, '皮較粗糙一點，送貨包裝非常完整，還行吧', '2022-02-22', NULL, NULL),
(2938, 0, 46, 147, 5, '吃起來有點澀，送貨很快速，推推推！', '2022-09-13', NULL, NULL),
(2939, 0, 72, 147, 5, 'CP值很高，包裝完整服務也很好，會再來買', '2022-10-19', NULL, NULL),
(2940, 0, 80, 147, 4, '外表很漂亮但口感還好，包裝保護很完整，值得長期購買', '2022-10-19', NULL, NULL),
(2941, 0, 56, 148, 5, '味道酸酸甜甜剛剛好，出貨非快速，價位可以接受', '2022-03-14', NULL, NULL),
(2942, 0, 74, 148, 3, '味濃郁清甜好好吃，送貨很快速，非常值得推薦', '2022-06-26', NULL, NULL),
(2943, 0, 47, 148, 3, '蔬菜都很新鮮、漂亮，包裝完整且仔細，值得長期購買', '2022-07-21', NULL, NULL),
(2944, 0, 30, 148, 3, '收到就馬上開始煮來吃了，送貨包裝非常完整，很滿足', '2022-09-15', NULL, NULL),
(2945, 0, 58, 148, 4, '價格優惠，送貨很快速，值得購買', '2022-06-02', NULL, NULL),
(2946, 0, 36, 148, 3, '普普通通，包裝完整，品項齊全，有機會還是會再繼續回購的', '2022-11-28', NULL, NULL),
(2947, 0, 92, 148, 4, '價格很實會，菜都很漂亮，價格很便宜，絕對值得再次回購', '2022-07-17', NULL, NULL),
(2948, 0, 2, 148, 5, '外表很漂亮但口感還好，冷藏配送超新鮮，推推推！', '2022-04-04', NULL, NULL),
(2949, 0, 93, 148, 3, '味道酸酸甜甜剛剛好，包裝保護很完整，期待開吃', '2022-04-30', NULL, NULL),
(2950, 0, 35, 148, 5, '一開箱香氣撲面而來，怎麼會這麼香，送貨包裝非常完整，好吃會一直回購', '2023-01-01', NULL, NULL),
(2951, 0, 83, 148, 5, '一開箱香氣撲面而來，怎麼會這麼香，包裝完整仔細，好吃會一直回購', '2023-01-07', NULL, NULL),
(2952, 0, 1, 148, 3, '包裝完整蔬菜好吃比全X的還要有誠意，送貨很快速，值得等待！', '2022-01-09', NULL, NULL),
(2953, 0, 86, 148, 5, '價格優惠，冷藏配送超新鮮，絕對值得再次回購', '2022-10-14', NULL, NULL),
(2954, 0, 67, 148, 3, '新鮮、品質好，防疫在家買菜不用愁，包裝保護很完整，非常值得推薦', '2022-07-18', NULL, NULL),
(2955, 0, 5, 148, 5, '買點好東西寄回老家孝敬父母，包裝完整仔細，非常值得推薦', '2022-11-22', NULL, NULL),
(2956, 0, 27, 148, 5, '皮較粗糙一點，包裝完整，品項齊全，吃一口就想回購', '2022-09-30', NULL, NULL),
(2957, 0, 49, 148, 3, '夠新鮮，好吃，沒有任何受損，不錯不錯，會再來買', '2022-04-09', NULL, NULL),
(2958, 0, 100, 148, 3, '菜蠻甜的，出貨速度快，物超所值，還行吧', '2022-02-02', NULL, NULL),
(2959, 0, 21, 148, 4, '皮較粗糙一點，宅配到家的服務方便，果然沒讓我失望', '2022-06-26', NULL, NULL),
(2960, 0, 94, 148, 4, '新鮮、品質好，防疫在家買菜不用愁，包裝完整仔細，有機會還是會再繼續回購的', '2022-05-28', NULL, NULL),
(2961, 0, 27, 149, 3, '雖然有一顆爛的，其他品質都不錯，送貨很快速，很滿足', '2022-09-27', NULL, NULL),
(2962, 0, 32, 149, 4, '雖然有一顆爛的，其他品質都不錯，宅配到家的服務方便，值得等待！', '2023-01-04', NULL, NULL),
(2963, 0, 93, 149, 4, '香氣很足，送貨包裝非常完整，有需要會再回購', '2022-12-02', NULL, NULL),
(2964, 0, 8, 149, 3, '包裝完整蔬菜好吃比全X的還要有誠意，包裝完整，品項齊全，有需要會再回購', '2022-05-19', NULL, NULL),
(2965, 0, 61, 149, 3, '不出門就能吃到新鮮的蔬菜是非常幸福的事，包裝完整且仔細，會再來買', '2022-10-28', NULL, NULL),
(2966, 0, 29, 149, 5, '超級好吃的啦，包裝完整仔細，非常值得推薦', '2022-12-08', NULL, NULL),
(2967, 0, 39, 149, 3, '一開箱香氣撲面而來，怎麼會這麼香，宅配到家的服務方便，值得長期購買', '2022-06-30', NULL, NULL),
(2968, 0, 77, 149, 3, '一開箱香氣撲面而來，怎麼會這麼香，冷藏配送超新鮮，有機會還是會再繼續回購的', '2022-07-21', NULL, NULL),
(2969, 0, 34, 149, 5, '新鮮、品質好，防疫在家買菜不用愁，包裝呵護食品包裝良好，價位可以接受', '2022-09-04', NULL, NULL),
(2970, 0, 88, 149, 4, '很甜很好吃，包裝呵護食品包裝良好，期待開吃', '2022-05-19', NULL, NULL),
(2971, 0, 48, 149, 4, '品質很好，送貨很快速，絕對值得再次回購', '2023-02-08', NULL, NULL),
(2972, 0, 19, 149, 5, '價格很實會，菜都很漂亮，包裝完整仔細，值得等待！', '2023-02-01', NULL, NULL),
(2973, 0, 46, 149, 5, '不出門就能吃到新鮮的蔬菜是非常幸福的事，包裝保護很完整，值得購買', '2022-02-28', NULL, NULL),
(2974, 0, 69, 149, 5, '蔬菜都很新鮮、漂亮，宅配到家的服務方便，價位可以接受', '2022-02-16', NULL, NULL),
(2975, 0, 1, 149, 3, '口感真的不錯，很好吃，沒有任何受損，不錯不錯，值得購買', '2022-07-16', NULL, NULL),
(2976, 0, 32, 149, 3, '新鮮、品質好，防疫在家買菜不用愁，包裝完整服務也很好，還行吧', '2022-10-18', NULL, NULL),
(2977, 0, 21, 149, 5, '超級好吃的啦，包裝完整服務也很好，值得購買', '2023-01-20', NULL, NULL),
(2978, 0, 11, 149, 3, 'CP值及服務品質一級棒，包裝完整且仔細，絕對值得再次回購', '2022-06-19', NULL, NULL),
(2979, 0, 51, 149, 3, '品質很好，包裝保護很完整，有機會還是會再繼續回購的', '2022-01-31', NULL, NULL),
(2980, 0, 64, 149, 5, '外表很漂亮但口感還好，包裝完整仔細，很滿足', '2023-02-01', NULL, NULL),
(2981, 0, 80, 150, 3, '包裝完整蔬菜好吃比全X的還要有誠意，冷藏配送超新鮮，會再來買', '2022-01-18', NULL, NULL),
(2982, 0, 22, 150, 3, '買點好東西寄回老家孝敬父母，包裝完整，品項齊全，吃一口就想回購', '2022-06-06', NULL, NULL),
(2983, 0, 51, 150, 4, '蔬菜都很新鮮、漂亮，包裝完整服務也很好，值得長期購買', '2022-11-10', NULL, NULL),
(2984, 0, 88, 150, 3, 'CP值及服務品質一級棒，包裝完整仔細，有需要會再回購', '2022-08-24', NULL, NULL),
(2985, 0, 55, 150, 5, '夠新鮮，好吃，出貨非快速，果然沒讓我失望', '2022-04-01', NULL, NULL),
(2986, 0, 62, 150, 4, '第N次訂購了，包裝完整，品項齊全，推推推！', '2022-09-17', NULL, NULL),
(2987, 0, 45, 150, 4, '品質很好，送貨很快速，期待開吃', '2022-10-27', NULL, NULL),
(2988, 0, 22, 150, 5, '味道酸酸甜甜剛剛好，出貨迅速，包裝完善，非常值得推薦', '2022-07-09', NULL, NULL),
(2989, 0, 34, 150, 3, '菜蠻甜的，送貨很快速，有需要會再回購', '2023-01-08', NULL, NULL),
(2990, 0, 42, 150, 4, '不出門就能吃到新鮮的蔬菜是非常幸福的事，包裝呵護食品包裝良好，有機會還是會再繼續回購的', '2022-04-11', NULL, NULL),
(2991, 0, 92, 150, 5, '菜蠻甜的，出貨迅速，包裝完善，還行吧', '2022-05-23', NULL, NULL),
(2992, 0, 54, 150, 5, '品質很好，出貨速度快，物超所值，果然沒讓我失望', '2022-06-28', NULL, NULL),
(2993, 0, 36, 150, 5, '蔬菜都很新鮮、漂亮，送貨包裝非常完整，會再來買', '2022-08-23', NULL, NULL),
(2994, 0, 100, 150, 4, '外表有些磕碰傷，但無損口感，送貨很快速，會再來買', '2022-08-28', NULL, NULL),
(2995, 0, 65, 150, 3, '味道酸酸甜甜剛剛好，包裝完整，品項齊全，很滿足', '2022-02-26', NULL, NULL),
(2996, 0, 88, 150, 4, '蔬菜都很新鮮、漂亮，出貨迅速，包裝完善，有需要會再回購', '2022-04-19', NULL, NULL),
(2997, 0, 7, 150, 4, '外表很漂亮但口感還好，出貨速度快，物超所值，有需要會再回購', '2022-07-08', NULL, NULL),
(2998, 0, 94, 150, 5, '包裝完整蔬菜好吃比全X的還要有誠意，送貨很快速，已回購數次', '2022-04-13', NULL, NULL),
(2999, 0, 4, 150, 5, '吃起來有點澀，宅配到家的服務方便，絕對值得再次回購', '2022-03-17', NULL, NULL),
(3000, 0, 79, 150, 4, '皮較粗糙一點，包裝保護很完整，會再來買', '2023-01-03', NULL, NULL),
(3001, 0, 7, 151, 5, 'CP值很高，包裝完整服務也很好，非常值得推薦', '2022-12-12', NULL, NULL),
(3002, 0, 50, 151, 4, '外表有些磕碰傷，但無損口感，包裝完整仔細，果然沒讓我失望', '2022-02-10', NULL, NULL),
(3003, 0, 24, 151, 3, '一開箱香氣撲面而來，怎麼會這麼香，包裝完整，品項齊全，會再來買', '2022-03-22', NULL, NULL),
(3004, 0, 17, 151, 3, '香氣很足，送貨很快速，值得長期購買', '2022-05-19', NULL, NULL),
(3005, 0, 48, 151, 3, '普普通通，價格很便宜，很滿足', '2022-01-21', NULL, NULL),
(3006, 0, 53, 151, 4, '口感真的不錯，很好吃，包裝完整，品項齊全，會再來買', '2023-01-09', NULL, NULL),
(3007, 0, 70, 151, 4, '味道酸酸甜甜剛剛好，包裝保護很完整，推推推！', '2022-10-07', NULL, NULL),
(3008, 0, 30, 151, 5, '夠新鮮，好吃，價格很便宜，有需要會再回購', '2022-09-21', NULL, NULL),
(3009, 0, 25, 151, 5, '吃起來有點澀，出貨速度快，物超所值，值得購買', '2022-11-18', NULL, NULL),
(3010, 0, 59, 151, 3, '吃起來有點澀，包裝完整，品項齊全，非常值得推薦', '2023-02-16', NULL, NULL),
(3011, 0, 82, 151, 4, '飽滿濃郁，包裝保護很完整，值得長期購買', '2022-03-05', NULL, NULL),
(3012, 0, 14, 151, 4, '普普通通，價格很便宜，期待開吃', '2022-12-22', NULL, NULL),
(3013, 0, 28, 151, 5, '價格優惠，包裝完整仔細，絕對值得再次回購', '2022-03-26', NULL, NULL),
(3014, 0, 11, 151, 3, '很甜很好吃，宅配到家的服務方便，非常值得推薦', '2023-02-24', NULL, NULL),
(3015, 0, 92, 151, 5, 'CP值及服務品質一級棒，送貨包裝非常完整，推推推！', '2022-06-07', NULL, NULL),
(3016, 0, 82, 151, 3, '買點好東西寄回老家孝敬父母，價格很便宜，還行吧', '2023-02-03', NULL, NULL),
(3017, 0, 36, 151, 5, '普普通通，出貨迅速，包裝完善，有需要會再回購', '2022-10-13', NULL, NULL),
(3018, 0, 91, 151, 4, '雖然有一顆爛的，其他品質都不錯，送貨很快速，有需要會再回購', '2023-01-16', NULL, NULL),
(3019, 0, 66, 151, 3, '吃起來有點澀，包裝完整且仔細，吃一口就想回購', '2022-05-07', NULL, NULL),
(3020, 0, 30, 151, 3, '真是太滿意了，出貨迅速，包裝完善，推推推！', '2022-02-13', NULL, NULL),
(3021, 0, 93, 152, 3, '飽滿濃郁，包裝完整，品項齊全，期待開吃', '2022-07-20', NULL, NULL),
(3022, 0, 97, 152, 3, '一開箱香氣撲面而來，怎麼會這麼香，價格很便宜，推推推！', '2022-02-03', NULL, NULL),
(3023, 0, 89, 152, 5, '新鮮、品質好，防疫在家買菜不用愁，包裝完整，品項齊全，已回購數次', '2022-03-18', NULL, NULL),
(3024, 0, 88, 152, 4, '不出門就能吃到新鮮的蔬菜是非常幸福的事，出貨非快速，果然沒讓我失望', '2023-01-26', NULL, NULL),
(3025, 0, 31, 152, 3, '夠新鮮，好吃，送貨很快速，還行吧', '2022-01-28', NULL, NULL),
(3026, 0, 6, 152, 4, '不出門就能吃到新鮮的蔬菜是非常幸福的事，價格很便宜，有機會還是會再繼續回購的', '2022-09-09', NULL, NULL),
(3027, 0, 59, 152, 5, 'CP值很高，送貨包裝非常完整，很滿足', '2022-11-30', NULL, NULL),
(3028, 0, 75, 152, 3, '普普通通，包裝完整仔細，很滿足', '2022-09-07', NULL, NULL),
(3029, 0, 64, 152, 3, '皮較粗糙一點，出貨迅速，包裝完善，有需要會再回購', '2022-04-25', NULL, NULL),
(3030, 0, 43, 152, 5, '蔬菜都很新鮮、漂亮，出貨速度快，物超所值，值得長期購買', '2022-08-21', NULL, NULL),
(3031, 0, 10, 152, 4, '皮較粗糙一點，包裝完整服務也很好，有需要會再回購', '2022-12-01', NULL, NULL),
(3032, 0, 26, 152, 3, '口感真的不錯，很好吃，出貨非快速，有需要會再回購', '2022-03-31', NULL, NULL),
(3033, 0, 7, 152, 5, '香氣很足，送貨很快速，非常值得推薦', '2022-12-18', NULL, NULL),
(3034, 0, 73, 152, 3, '雖然有一顆爛的，其他品質都不錯，價格很便宜，價位可以接受', '2022-05-05', NULL, NULL),
(3035, 0, 30, 152, 5, 'CP值及服務品質一級棒，包裝完整仔細，好吃會一直回購', '2022-08-10', NULL, NULL),
(3036, 0, 12, 152, 4, '味濃郁清甜好好吃，包裝完整，品項齊全，非常值得推薦', '2022-05-15', NULL, NULL),
(3037, 0, 57, 152, 5, '夠新鮮，好吃，沒有任何受損，不錯不錯，會再來買', '2022-12-18', NULL, NULL),
(3038, 0, 58, 152, 3, '一開箱香氣撲面而來，怎麼會這麼香，宅配到家的服務方便，絕對值得再次回購', '2022-03-09', NULL, NULL),
(3039, 0, 5, 152, 3, '味濃郁清甜好好吃，包裝保護很完整，值得購買', '2022-08-29', NULL, NULL),
(3040, 0, 63, 152, 4, '口感真的不錯，很好吃，包裝完整服務也很好，價位可以接受', '2022-02-27', NULL, NULL),
(3041, 0, 50, 153, 5, '夠新鮮，好吃，沒有任何受損，不錯不錯，好吃會一直回購', '2023-02-10', NULL, NULL),
(3042, 0, 31, 153, 4, '商品品質超優，出貨迅速，包裝完善，吃一口就想回購', '2023-02-28', NULL, NULL),
(3043, 0, 60, 153, 4, '飽滿濃郁，送貨很快速，絕對值得再次回購', '2022-10-11', NULL, NULL),
(3044, 0, 81, 153, 3, '味濃郁清甜好好吃，宅配到家的服務方便，價位可以接受', '2022-08-01', NULL, NULL),
(3045, 0, 59, 153, 3, '收到就馬上開始煮來吃了，送貨包裝非常完整，會再來買', '2022-07-17', NULL, NULL),
(3046, 0, 49, 153, 3, '收到就馬上開始煮來吃了，包裝完整，品項齊全，好吃會一直回購', '2022-11-07', NULL, NULL),
(3047, 0, 68, 153, 3, '不出門就能吃到新鮮的蔬菜是非常幸福的事，包裝完整服務也很好，非常值得推薦', '2022-03-19', NULL, NULL),
(3048, 0, 35, 153, 3, '買點好東西寄回老家孝敬父母，包裝完整且仔細，會再來買', '2022-06-04', NULL, NULL),
(3049, 0, 83, 153, 3, '普普通通，包裝完整服務也很好，有機會還是會再繼續回購的', '2022-07-21', NULL, NULL),
(3050, 0, 40, 153, 5, '買點好東西寄回老家孝敬父母，出貨迅速，包裝完善，期待開吃', '2022-10-29', NULL, NULL),
(3051, 0, 45, 153, 4, 'CP值及服務品質一級棒，冷藏配送超新鮮，有需要會再回購', '2022-09-01', NULL, NULL),
(3052, 0, 72, 153, 5, '菜蠻甜的，包裝完整仔細，值得等待！', '2022-09-05', NULL, NULL),
(3053, 0, 92, 153, 4, '價格優惠，包裝完整服務也很好，吃一口就想回購', '2023-02-17', NULL, NULL),
(3054, 0, 77, 153, 4, '皮較粗糙一點，包裝完整服務也很好，絕對值得再次回購', '2022-03-17', NULL, NULL),
(3055, 0, 40, 153, 5, '價格很實會，菜都很漂亮，宅配到家的服務方便，已回購數次', '2022-12-22', NULL, NULL),
(3056, 0, 32, 153, 3, '外表有些磕碰傷，但無損口感，價格很便宜，推推推！', '2022-06-10', NULL, NULL),
(3057, 0, 34, 153, 3, '味道酸酸甜甜剛剛好，包裝完整，品項齊全，有需要會再回購', '2022-04-30', NULL, NULL),
(3058, 0, 92, 153, 3, '香氣很足，包裝完整，品項齊全，果然沒讓我失望', '2022-05-03', NULL, NULL),
(3059, 0, 27, 153, 4, '吃起來有點澀，價格很便宜，推推推！', '2022-07-08', NULL, NULL),
(3060, 0, 34, 153, 4, '新鮮、品質好，防疫在家買菜不用愁，出貨非快速，好吃會一直回購', '2022-12-06', NULL, NULL),
(3061, 0, 30, 154, 3, '品質很好，包裝呵護食品包裝良好，已回購數次', '2023-02-24', NULL, NULL),
(3062, 0, 76, 154, 3, '新鮮、品質好，防疫在家買菜不用愁，出貨迅速，包裝完善，已回購數次', '2022-03-08', NULL, NULL),
(3063, 0, 88, 154, 3, '很甜很好吃，送貨很快速，絕對值得再次回購', '2022-08-23', NULL, NULL),
(3064, 0, 55, 154, 3, '第N次訂購了，送貨包裝非常完整，值得長期購買', '2022-08-24', NULL, NULL),
(3065, 0, 99, 154, 4, '新鮮、品質好，防疫在家買菜不用愁，送貨很快速，值得購買', '2022-11-22', NULL, NULL),
(3066, 0, 81, 154, 4, '真是太滿意了，包裝完整且仔細，好吃會一直回購', '2023-01-31', NULL, NULL),
(3067, 0, 5, 154, 3, '不出門就能吃到新鮮的蔬菜是非常幸福的事，沒有任何受損，不錯不錯，已回購數次', '2022-08-27', NULL, NULL),
(3068, 0, 4, 154, 3, '一開箱香氣撲面而來，怎麼會這麼香，送貨包裝非常完整，價位可以接受', '2022-04-11', NULL, NULL),
(3069, 0, 78, 154, 3, '一開箱香氣撲面而來，怎麼會這麼香，送貨很快速，有機會還是會再繼續回購的', '2022-10-20', NULL, NULL),
(3070, 0, 75, 154, 3, 'CP值很高，冷藏配送超新鮮，價位可以接受', '2022-06-02', NULL, NULL),
(3071, 0, 70, 154, 3, '價格很實會，菜都很漂亮，送貨包裝非常完整，值得等待！', '2022-06-03', NULL, NULL),
(3072, 0, 71, 154, 4, '飽滿濃郁，送貨包裝非常完整，吃一口就想回購', '2022-09-06', NULL, NULL),
(3073, 0, 13, 154, 5, '普普通通，冷藏配送超新鮮，有需要會再回購', '2022-01-10', NULL, NULL),
(3074, 0, 67, 154, 5, '收到就馬上開始煮來吃了，價格很便宜，值得等待！', '2022-08-10', NULL, NULL),
(3075, 0, 11, 154, 3, '不出門就能吃到新鮮的蔬菜是非常幸福的事，包裝呵護食品包裝良好，果然沒讓我失望', '2022-04-27', NULL, NULL),
(3076, 0, 69, 154, 5, '沒有很甜但也還行，價格很便宜，很滿足', '2022-12-01', NULL, NULL),
(3077, 0, 96, 154, 5, '不出門就能吃到新鮮的蔬菜是非常幸福的事，包裝完整且仔細，絕對值得再次回購', '2023-01-12', NULL, NULL),
(3078, 0, 13, 154, 5, '收到就馬上開始煮來吃了，包裝呵護食品包裝良好，價位可以接受', '2023-01-17', NULL, NULL),
(3079, 0, 2, 154, 4, '外表很漂亮但口感還好，包裝呵護食品包裝良好，期待開吃', '2022-06-29', NULL, NULL),
(3080, 0, 20, 154, 3, '價格很實會，菜都很漂亮，包裝完整且仔細，非常值得推薦', '2022-08-10', NULL, NULL),
(3081, 0, 49, 155, 5, '各種有機蔬菜都還很新鮮，包裝完整仔細，吃一口就想回購', '2022-04-21', NULL, NULL),
(3082, 0, 41, 155, 3, '很甜很好吃，出貨非快速，會再來買', '2022-05-02', NULL, NULL),
(3083, 0, 79, 155, 4, '蔬菜都很新鮮、漂亮，出貨非快速，非常值得推薦', '2022-11-21', NULL, NULL),
(3084, 0, 59, 155, 5, '雖然有一顆爛的，其他品質都不錯，價格很便宜，價位可以接受', '2022-05-23', NULL, NULL),
(3085, 0, 7, 155, 3, '價格優惠，沒有任何受損，不錯不錯，吃一口就想回購', '2022-12-15', NULL, NULL),
(3086, 0, 57, 155, 4, '飽滿濃郁，出貨非快速，絕對值得再次回購', '2022-07-18', NULL, NULL),
(3087, 0, 75, 155, 5, '菜蠻甜的，包裝完整且仔細，已回購數次', '2023-02-03', NULL, NULL),
(3088, 0, 9, 155, 3, '外表很漂亮但口感還好，出貨非快速，絕對值得再次回購', '2022-03-06', NULL, NULL),
(3089, 0, 53, 155, 5, '超級好吃的啦，包裝完整且仔細，推推推！', '2022-05-25', NULL, NULL),
(3090, 0, 23, 155, 5, '收到就馬上開始煮來吃了，包裝完整仔細，非常值得推薦', '2022-12-31', NULL, NULL),
(3091, 0, 86, 155, 4, '商品品質超優，包裝保護很完整，非常值得推薦', '2022-11-21', NULL, NULL),
(3092, 0, 5, 155, 4, '包裝完整蔬菜好吃比全X的還要有誠意，宅配到家的服務方便，值得長期購買', '2023-01-06', NULL, NULL),
(3093, 0, 78, 155, 5, '吃起來有點澀，出貨迅速，包裝完善，吃一口就想回購', '2022-03-11', NULL, NULL),
(3094, 0, 98, 155, 5, 'CP值很高，包裝完整仔細，值得長期購買', '2022-07-06', NULL, NULL),
(3095, 0, 78, 155, 3, '雖然有一顆爛的，其他品質都不錯，價格很便宜，還行吧', '2022-07-05', NULL, NULL),
(3096, 0, 20, 155, 3, '普普通通，包裝完整仔細，會再來買', '2023-02-28', NULL, NULL),
(3097, 0, 100, 155, 5, '夠新鮮，好吃，送貨很快速，非常值得推薦', '2022-07-23', NULL, NULL),
(3098, 0, 5, 155, 4, '第N次訂購了，出貨非快速，果然沒讓我失望', '2022-02-20', NULL, NULL),
(3099, 0, 24, 155, 4, '品質很好，出貨速度快，物超所值，價位可以接受', '2022-07-19', NULL, NULL),
(3100, 0, 37, 155, 5, '包裝完整蔬菜好吃比全X的還要有誠意，沒有任何受損，不錯不錯，值得等待！', '2022-01-09', NULL, NULL),
(3101, 0, 3, 156, 3, '菜蠻甜的，價格很便宜，絕對值得再次回購', '2022-08-08', NULL, NULL),
(3102, 0, 21, 156, 3, '價格很實會，菜都很漂亮，價格很便宜，好吃會一直回購', '2022-08-11', NULL, NULL),
(3103, 0, 6, 156, 3, '很甜很好吃，送貨很快速，有需要會再回購', '2022-06-19', NULL, NULL),
(3104, 0, 64, 156, 3, '價格優惠，出貨迅速，包裝完善，價位可以接受', '2022-07-15', NULL, NULL),
(3105, 0, 83, 156, 5, '很甜很好吃，送貨很快速，期待開吃', '2022-08-18', NULL, NULL),
(3106, 0, 27, 156, 4, 'CP值及服務品質一級棒，包裝完整服務也很好，值得等待！', '2023-01-06', NULL, NULL),
(3107, 0, 88, 156, 3, '菜蠻甜的，冷藏配送超新鮮，好吃會一直回購', '2023-02-13', NULL, NULL),
(3108, 0, 11, 156, 5, '夠新鮮，好吃，沒有任何受損，不錯不錯，吃一口就想回購', '2023-02-09', NULL, NULL),
(3109, 0, 3, 156, 5, '味濃郁清甜好好吃，包裝完整服務也很好，還行吧', '2022-10-07', NULL, NULL),
(3110, 0, 84, 156, 5, 'CP值很高，包裝保護很完整，值得長期購買', '2023-01-05', NULL, NULL),
(3111, 0, 89, 156, 5, '價格很實會，菜都很漂亮，包裝完整且仔細，會再來買', '2022-03-23', NULL, NULL),
(3112, 0, 45, 156, 3, '買點好東西寄回老家孝敬父母，價格很便宜，好吃會一直回購', '2022-11-27', NULL, NULL),
(3113, 0, 39, 156, 4, '皮較粗糙一點，包裝完整，品項齊全，值得購買', '2022-04-08', NULL, NULL),
(3114, 0, 70, 156, 4, '皮較粗糙一點，出貨非快速，價位可以接受', '2022-10-15', NULL, NULL),
(3115, 0, 77, 156, 5, '雖然有一顆爛的，其他品質都不錯，包裝呵護食品包裝良好，價位可以接受', '2022-06-13', NULL, NULL),
(3116, 0, 1, 156, 4, 'CP值及服務品質一級棒，送貨很快速，價位可以接受', '2022-06-29', NULL, NULL),
(3117, 0, 70, 156, 4, '新鮮、品質好，防疫在家買菜不用愁，冷藏配送超新鮮，推推推！', '2022-11-15', NULL, NULL),
(3118, 0, 57, 156, 3, '菜蠻甜的，包裝完整仔細，有需要會再回購', '2022-08-17', NULL, NULL),
(3119, 0, 91, 156, 4, '價格優惠，出貨速度快，物超所值，還行吧', '2022-01-06', NULL, NULL),
(3120, 0, 35, 156, 5, '價格很實會，菜都很漂亮，出貨非快速，非常值得推薦', '2023-02-13', NULL, NULL),
(3121, 0, 11, 157, 5, 'CP值很高，價格很便宜，值得等待！', '2022-05-02', NULL, NULL),
(3122, 0, 62, 157, 4, '買點好東西寄回老家孝敬父母，包裝完整且仔細，價位可以接受', '2022-08-12', NULL, NULL),
(3123, 0, 10, 157, 4, '雖然有一顆爛的，其他品質都不錯，價格很便宜，會再來買', '2022-08-02', NULL, NULL),
(3124, 0, 22, 157, 3, '品質還不錯，送貨很快速，推推推！', '2022-05-31', NULL, NULL),
(3125, 0, 65, 157, 5, '味道酸酸甜甜剛剛好，出貨迅速，包裝完善，絕對值得再次回購', '2022-10-15', NULL, NULL),
(3126, 0, 28, 157, 4, '飽滿濃郁，沒有任何受損，不錯不錯，好吃會一直回購', '2023-02-19', NULL, NULL),
(3127, 0, 12, 157, 4, '品質很好，出貨非快速，有機會還是會再繼續回購的', '2022-11-10', NULL, NULL),
(3128, 0, 87, 157, 3, '雖然有一顆爛的，其他品質都不錯，宅配到家的服務方便，有機會還是會再繼續回購的', '2023-02-05', NULL, NULL),
(3129, 0, 69, 157, 5, '價格很實會，菜都很漂亮，包裝完整且仔細，價位可以接受', '2022-07-03', NULL, NULL),
(3130, 0, 4, 157, 5, '一開箱香氣撲面而來，怎麼會這麼香，出貨非快速，值得等待！', '2022-04-08', NULL, NULL),
(3131, 0, 25, 157, 3, '買點好東西寄回老家孝敬父母，包裝完整，品項齊全，值得購買', '2022-08-25', NULL, NULL),
(3132, 0, 81, 157, 3, '真是太滿意了，冷藏配送超新鮮，值得購買', '2022-10-19', NULL, NULL),
(3133, 0, 55, 157, 3, '品質還不錯，出貨非快速，好吃會一直回購', '2022-03-20', NULL, NULL),
(3134, 0, 9, 157, 4, '外表很漂亮但口感還好，送貨包裝非常完整，還行吧', '2022-01-01', NULL, NULL),
(3135, 0, 95, 157, 5, '價格優惠，包裝完整服務也很好，會再來買', '2022-07-11', NULL, NULL),
(3136, 0, 67, 157, 4, '新鮮、品質好，防疫在家買菜不用愁，沒有任何受損，不錯不錯，已回購數次', '2022-12-14', NULL, NULL),
(3137, 0, 82, 157, 3, '沒有很甜但也還行，冷藏配送超新鮮，會再來買', '2022-03-16', NULL, NULL),
(3138, 0, 21, 157, 5, '包裝完整蔬菜好吃比全X的還要有誠意，包裝呵護食品包裝良好，值得等待！', '2022-11-25', NULL, NULL),
(3139, 0, 100, 157, 3, '一開箱香氣撲面而來，怎麼會這麼香，沒有任何受損，不錯不錯，已回購數次', '2022-08-15', NULL, NULL),
(3140, 0, 82, 157, 5, '飽滿濃郁，包裝完整仔細，值得購買', '2022-11-28', NULL, NULL),
(3141, 0, 36, 158, 4, '蔬菜都很新鮮、漂亮，包裝完整且仔細，有機會還是會再繼續回購的', '2022-07-09', NULL, NULL),
(3142, 0, 6, 158, 5, '新鮮、品質好，防疫在家買菜不用愁，送貨包裝非常完整，非常值得推薦', '2023-01-07', NULL, NULL),
(3143, 0, 72, 158, 5, '超級好吃的啦，出貨迅速，包裝完善，有機會還是會再繼續回購的', '2022-05-22', NULL, NULL),
(3144, 0, 91, 158, 3, '雖然有一顆爛的，其他品質都不錯，送貨很快速，絕對值得再次回購', '2022-11-15', NULL, NULL),
(3145, 0, 79, 158, 5, '新鮮、品質好，防疫在家買菜不用愁，出貨速度快，物超所值，有需要會再回購', '2022-04-11', NULL, NULL),
(3146, 0, 44, 158, 5, '外表很漂亮但口感還好，包裝完整，品項齊全，已回購數次', '2022-01-27', NULL, NULL),
(3147, 0, 21, 158, 3, '各種有機蔬菜都還很新鮮，宅配到家的服務方便，有需要會再回購', '2022-04-21', NULL, NULL),
(3148, 0, 32, 158, 3, '沒有很甜但也還行，包裝完整，品項齊全，會再來買', '2022-08-15', NULL, NULL),
(3149, 0, 47, 158, 5, '包裝完整蔬菜好吃比全X的還要有誠意，送貨包裝非常完整，很滿足', '2022-08-20', NULL, NULL),
(3150, 0, 99, 158, 5, '普普通通，送貨包裝非常完整，推推推！', '2022-04-05', NULL, NULL),
(3151, 0, 6, 158, 4, '品質還不錯，包裝呵護食品包裝良好，果然沒讓我失望', '2023-01-18', NULL, NULL),
(3152, 0, 100, 158, 5, '飽滿濃郁，包裝完整仔細，果然沒讓我失望', '2022-09-26', NULL, NULL),
(3153, 0, 8, 158, 5, '一開箱香氣撲面而來，怎麼會這麼香，出貨非快速，會再來買', '2022-08-04', NULL, NULL),
(3154, 0, 67, 158, 4, '香氣很足，包裝完整且仔細，吃一口就想回購', '2022-02-02', NULL, NULL),
(3155, 0, 51, 158, 4, '新鮮、品質好，防疫在家買菜不用愁，價格很便宜，有需要會再回購', '2022-06-28', NULL, NULL),
(3156, 0, 61, 158, 4, '味濃郁清甜好好吃，包裝呵護食品包裝良好，會再來買', '2022-02-22', NULL, NULL),
(3157, 0, 46, 158, 3, '沒有很甜但也還行，出貨速度快，物超所值，非常值得推薦', '2022-10-29', NULL, NULL),
(3158, 0, 93, 158, 3, '外表有些磕碰傷，但無損口感，出貨迅速，包裝完善，期待開吃', '2022-04-04', NULL, NULL),
(3159, 0, 80, 158, 3, '味濃郁清甜好好吃，送貨很快速，推推推！', '2022-07-26', NULL, NULL),
(3160, 0, 96, 158, 3, 'CP值及服務品質一級棒，包裝完整，品項齊全，已回購數次', '2022-05-12', NULL, NULL),
(3161, 0, 75, 159, 5, '包裝完整蔬菜好吃比全X的還要有誠意，冷藏配送超新鮮，值得購買', '2022-10-23', NULL, NULL),
(3162, 0, 7, 159, 3, '不出門就能吃到新鮮的蔬菜是非常幸福的事，送貨很快速，值得等待！', '2022-02-18', NULL, NULL),
(3163, 0, 42, 159, 4, '商品品質超優，出貨速度快，物超所值，很滿足', '2022-10-12', NULL, NULL),
(3164, 0, 46, 159, 4, '品質很好，冷藏配送超新鮮，有機會還是會再繼續回購的', '2022-10-20', NULL, NULL),
(3165, 0, 53, 159, 3, '買點好東西寄回老家孝敬父母，出貨迅速，包裝完善，值得長期購買', '2023-02-03', NULL, NULL),
(3166, 0, 65, 159, 4, '價格很實會，菜都很漂亮，送貨很快速，值得等待！', '2022-06-03', NULL, NULL),
(3167, 0, 12, 159, 5, '蔬菜都很新鮮、漂亮，價格很便宜，好吃會一直回購', '2022-08-17', NULL, NULL),
(3168, 0, 55, 159, 5, '第N次訂購了，價格很便宜，有需要會再回購', '2022-08-14', NULL, NULL),
(3169, 0, 57, 159, 5, '雖然有一顆爛的，其他品質都不錯，送貨包裝非常完整，有需要會再回購', '2022-07-04', NULL, NULL),
(3170, 0, 57, 159, 4, '很甜很好吃，包裝完整，品項齊全，有機會還是會再繼續回購的', '2022-01-26', NULL, NULL),
(3171, 0, 52, 159, 3, '商品品質超優，出貨速度快，物超所值，吃一口就想回購', '2022-06-06', NULL, NULL),
(3172, 0, 46, 159, 3, '第N次訂購了，包裝完整且仔細，值得購買', '2023-02-26', NULL, NULL),
(3173, 0, 25, 159, 3, '新鮮、品質好，防疫在家買菜不用愁，包裝保護很完整，已回購數次', '2022-11-08', NULL, NULL),
(3174, 0, 30, 159, 4, 'CP值及服務品質一級棒，價格很便宜，非常值得推薦', '2023-01-25', NULL, NULL),
(3175, 0, 17, 159, 3, '雖然有一顆爛的，其他品質都不錯，宅配到家的服務方便，期待開吃', '2022-07-26', NULL, NULL),
(3176, 0, 50, 159, 5, '第N次訂購了，出貨迅速，包裝完善，還行吧', '2022-06-05', NULL, NULL),
(3177, 0, 25, 159, 4, '味道酸酸甜甜剛剛好，出貨非快速，推推推！', '2022-09-12', NULL, NULL),
(3178, 0, 61, 159, 4, '飽滿濃郁，送貨包裝非常完整，值得長期購買', '2023-01-28', NULL, NULL),
(3179, 0, 94, 159, 4, '沒有很甜但也還行，沒有任何受損，不錯不錯，非常值得推薦', '2023-01-25', NULL, NULL),
(3180, 0, 6, 159, 5, '新鮮、品質好，防疫在家買菜不用愁，包裝完整服務也很好，推推推！', '2022-05-15', NULL, NULL),
(3181, 0, 42, 160, 4, '超級好吃的啦，包裝呵護食品包裝良好，已回購數次', '2023-02-09', NULL, NULL),
(3182, 0, 29, 160, 4, '普普通通，出貨非快速，值得等待！', '2023-01-19', NULL, NULL),
(3183, 0, 76, 160, 4, '買點好東西寄回老家孝敬父母，價格很便宜，還行吧', '2022-06-22', NULL, NULL),
(3184, 0, 68, 160, 3, 'CP值及服務品質一級棒，包裝完整且仔細，吃一口就想回購', '2022-04-14', NULL, NULL),
(3185, 0, 14, 160, 4, '飽滿濃郁，包裝完整服務也很好，吃一口就想回購', '2022-06-30', NULL, NULL),
(3186, 0, 28, 160, 5, '雖然有一顆爛的，其他品質都不錯，冷藏配送超新鮮，有需要會再回購', '2022-01-13', NULL, NULL),
(3187, 0, 7, 160, 5, '香氣很足，包裝完整服務也很好，有需要會再回購', '2022-11-08', NULL, NULL),
(3188, 0, 14, 160, 5, '很甜很好吃，包裝完整且仔細，值得長期購買', '2022-06-26', NULL, NULL),
(3189, 0, 26, 160, 5, '不出門就能吃到新鮮的蔬菜是非常幸福的事，包裝完整，品項齊全，值得等待！', '2022-04-06', NULL, NULL),
(3190, 0, 16, 160, 3, '買點好東西寄回老家孝敬父母，出貨速度快，物超所值，期待開吃', '2022-09-30', NULL, NULL),
(3191, 0, 42, 160, 3, '價格很實會，菜都很漂亮，出貨速度快，物超所值，值得購買', '2022-07-07', NULL, NULL),
(3192, 0, 100, 160, 4, 'CP值及服務品質一級棒，包裝完整，品項齊全，還行吧', '2022-08-19', NULL, NULL),
(3193, 0, 18, 160, 4, '包裝完整蔬菜好吃比全X的還要有誠意，出貨迅速，包裝完善，有需要會再回購', '2022-07-21', NULL, NULL),
(3194, 0, 97, 160, 3, '很甜很好吃，出貨速度快，物超所值，有需要會再回購', '2023-02-19', NULL, NULL),
(3195, 0, 3, 160, 5, '味濃郁清甜好好吃，出貨非快速，非常值得推薦', '2022-08-17', NULL, NULL),
(3196, 0, 4, 160, 4, '口感真的不錯，很好吃，包裝保護很完整，已回購數次', '2022-03-08', NULL, NULL),
(3197, 0, 41, 160, 3, '品質還不錯，包裝完整，品項齊全，有機會還是會再繼續回購的', '2022-07-02', NULL, NULL),
(3198, 0, 74, 160, 5, '皮較粗糙一點，宅配到家的服務方便，非常值得推薦', '2022-09-17', NULL, NULL),
(3199, 0, 85, 160, 5, '普普通通，宅配到家的服務方便，好吃會一直回購', '2022-03-29', NULL, NULL),
(3200, 0, 8, 160, 4, '品質很好，出貨速度快，物超所值，值得等待！', '2022-01-09', NULL, NULL),
(3201, 0, 17, 161, 3, '價格很實會，菜都很漂亮，出貨速度快，物超所值，推推推！', '2022-05-11', NULL, NULL),
(3202, 0, 14, 161, 5, '收到就馬上開始煮來吃了，包裝保護很完整，很滿足', '2022-11-20', NULL, NULL),
(3203, 0, 28, 161, 3, '外表有些磕碰傷，但無損口感，出貨非快速，值得長期購買', '2022-06-10', NULL, NULL),
(3204, 0, 79, 161, 4, '味道酸酸甜甜剛剛好，包裝保護很完整，有機會還是會再繼續回購的', '2022-10-20', NULL, NULL),
(3205, 0, 36, 161, 5, '飽滿濃郁，包裝完整仔細，很滿足', '2022-02-02', NULL, NULL),
(3206, 0, 48, 161, 3, 'CP值很高，出貨速度快，物超所值，好吃會一直回購', '2022-07-14', NULL, NULL),
(3207, 0, 73, 161, 5, '吃起來有點澀，包裝完整服務也很好，有機會還是會再繼續回購的', '2022-04-25', NULL, NULL),
(3208, 0, 92, 161, 5, '真是太滿意了，沒有任何受損，不錯不錯，已回購數次', '2022-08-24', NULL, NULL),
(3209, 0, 15, 161, 3, 'CP值及服務品質一級棒，包裝完整仔細，有需要會再回購', '2022-12-22', NULL, NULL),
(3210, 0, 55, 161, 3, '普普通通，價格很便宜，價位可以接受', '2022-10-02', NULL, NULL),
(3211, 0, 11, 161, 3, 'CP值很高，出貨非快速，期待開吃', '2022-12-30', NULL, NULL),
(3212, 0, 8, 161, 5, '品質很好，送貨很快速，值得長期購買', '2022-05-08', NULL, NULL),
(3213, 0, 47, 161, 5, '味濃郁清甜好好吃，包裝完整且仔細，果然沒讓我失望', '2022-07-07', NULL, NULL),
(3214, 0, 52, 161, 3, '一開箱香氣撲面而來，怎麼會這麼香，價格很便宜，果然沒讓我失望', '2022-01-01', NULL, NULL),
(3215, 0, 86, 161, 3, '菜蠻甜的，送貨很快速，值得長期購買', '2022-05-22', NULL, NULL),
(3216, 0, 50, 161, 4, '香氣很足，出貨速度快，物超所值，會再來買', '2022-10-16', NULL, NULL),
(3217, 0, 49, 161, 4, '口感真的不錯，很好吃，沒有任何受損，不錯不錯，果然沒讓我失望', '2022-10-22', NULL, NULL),
(3218, 0, 54, 161, 5, '真是太滿意了，包裝呵護食品包裝良好，很滿足', '2022-02-05', NULL, NULL),
(3219, 0, 96, 161, 3, '一開箱香氣撲面而來，怎麼會這麼香，送貨包裝非常完整，非常值得推薦', '2022-03-31', NULL, NULL),
(3220, 0, 7, 161, 5, '菜蠻甜的，出貨迅速，包裝完善，很滿足', '2022-08-24', NULL, NULL),
(3221, 0, 63, 162, 3, '吃起來有點澀，冷藏配送超新鮮，有機會還是會再繼續回購的', '2023-02-17', NULL, NULL),
(3222, 0, 81, 162, 3, '收到就馬上開始煮來吃了，包裝完整，品項齊全，已回購數次', '2022-11-17', NULL, NULL),
(3223, 0, 89, 162, 3, '味濃郁清甜好好吃，送貨包裝非常完整，有機會還是會再繼續回購的', '2022-11-16', NULL, NULL),
(3224, 0, 58, 162, 3, '不出門就能吃到新鮮的蔬菜是非常幸福的事，送貨包裝非常完整，還行吧', '2022-07-18', NULL, NULL),
(3225, 0, 99, 162, 5, '外表有些磕碰傷，但無損口感，包裝完整，品項齊全，值得長期購買', '2022-12-18', NULL, NULL),
(3226, 0, 48, 162, 3, '價格優惠，包裝完整服務也很好，值得長期購買', '2022-07-01', NULL, NULL),
(3227, 0, 62, 162, 3, 'CP值及服務品質一級棒，包裝完整，品項齊全，非常值得推薦', '2022-03-22', NULL, NULL),
(3228, 0, 42, 162, 4, '品質還不錯，沒有任何受損，不錯不錯，絕對值得再次回購', '2022-04-24', NULL, NULL),
(3229, 0, 58, 162, 3, '各種有機蔬菜都還很新鮮，送貨包裝非常完整，有需要會再回購', '2022-04-10', NULL, NULL),
(3230, 0, 58, 162, 5, '外表很漂亮但口感還好，包裝保護很完整，值得等待！', '2022-01-08', NULL, NULL),
(3231, 0, 78, 162, 5, '很甜很好吃，包裝呵護食品包裝良好，值得長期購買', '2022-07-12', NULL, NULL),
(3232, 0, 22, 162, 3, '味濃郁清甜好好吃，包裝完整服務也很好，絕對值得再次回購', '2022-11-02', NULL, NULL),
(3233, 0, 2, 162, 5, '新鮮、品質好，防疫在家買菜不用愁，包裝保護很完整，絕對值得再次回購', '2022-04-17', NULL, NULL),
(3234, 0, 10, 162, 5, '很甜很好吃，包裝完整，品項齊全，會再來買', '2022-04-10', NULL, NULL),
(3235, 0, 89, 162, 3, '菜蠻甜的，冷藏配送超新鮮，非常值得推薦', '2022-04-26', NULL, NULL),
(3236, 0, 24, 162, 4, '雖然有一顆爛的，其他品質都不錯，送貨包裝非常完整，很滿足', '2022-08-07', NULL, NULL),
(3237, 0, 41, 162, 4, 'CP值及服務品質一級棒，冷藏配送超新鮮，非常值得推薦', '2022-10-18', NULL, NULL),
(3238, 0, 43, 162, 5, '蔬菜都很新鮮、漂亮，出貨迅速，包裝完善，有需要會再回購', '2022-08-26', NULL, NULL),
(3239, 0, 49, 162, 4, '真是太滿意了，送貨很快速，期待開吃', '2022-12-28', NULL, NULL),
(3240, 0, 85, 162, 5, '皮較粗糙一點，包裝完整且仔細，推推推！', '2022-09-21', NULL, NULL),
(3241, 0, 97, 163, 3, '收到就馬上開始煮來吃了，出貨迅速，包裝完善，吃一口就想回購', '2022-08-26', NULL, NULL),
(3242, 0, 90, 163, 3, '普普通通，包裝呵護食品包裝良好，很滿足', '2023-01-02', NULL, NULL),
(3243, 0, 52, 163, 5, '包裝完整蔬菜好吃比全X的還要有誠意，包裝完整且仔細，已回購數次', '2022-07-11', NULL, NULL),
(3244, 0, 38, 163, 4, '新鮮、品質好，防疫在家買菜不用愁，沒有任何受損，不錯不錯，有需要會再回購', '2022-05-11', NULL, NULL),
(3245, 0, 71, 163, 4, '真是太滿意了，包裝完整，品項齊全，會再來買', '2022-11-11', NULL, NULL),
(3246, 0, 41, 163, 5, '包裝完整蔬菜好吃比全X的還要有誠意，包裝保護很完整，有機會還是會再繼續回購的', '2022-08-07', NULL, NULL),
(3247, 0, 24, 163, 4, '雖然有一顆爛的，其他品質都不錯，包裝完整且仔細，很滿足', '2023-01-27', NULL, NULL),
(3248, 0, 28, 163, 4, '一開箱香氣撲面而來，怎麼會這麼香，包裝完整仔細，已回購數次', '2022-02-06', NULL, NULL),
(3249, 0, 68, 163, 3, '飽滿濃郁，包裝呵護食品包裝良好，好吃會一直回購', '2022-11-28', NULL, NULL),
(3250, 0, 51, 163, 5, 'CP值及服務品質一級棒，出貨迅速，包裝完善，絕對值得再次回購', '2022-02-26', NULL, NULL),
(3251, 0, 19, 163, 3, 'CP值及服務品質一級棒，包裝呵護食品包裝良好，好吃會一直回購', '2022-06-20', NULL, NULL),
(3252, 0, 76, 163, 3, '雖然有一顆爛的，其他品質都不錯，送貨很快速，值得購買', '2022-04-17', NULL, NULL),
(3253, 0, 22, 163, 3, '飽滿濃郁，出貨迅速，包裝完善，很滿足', '2023-01-19', NULL, NULL),
(3254, 0, 26, 163, 3, '包裝完整蔬菜好吃比全X的還要有誠意，包裝完整，品項齊全，果然沒讓我失望', '2022-02-05', NULL, NULL),
(3255, 0, 86, 163, 4, '第N次訂購了，包裝完整仔細，期待開吃', '2022-07-04', NULL, NULL),
(3256, 0, 52, 163, 3, '新鮮、品質好，防疫在家買菜不用愁，冷藏配送超新鮮，值得購買', '2023-01-22', NULL, NULL),
(3257, 0, 1, 163, 4, '蔬菜都很新鮮、漂亮，出貨迅速，包裝完善，值得購買', '2022-04-02', NULL, NULL),
(3258, 0, 1, 163, 5, '味濃郁清甜好好吃，出貨迅速，包裝完善，絕對值得再次回購', '2022-08-18', NULL, NULL),
(3259, 0, 64, 163, 5, '普普通通，沒有任何受損，不錯不錯，吃一口就想回購', '2022-01-05', NULL, NULL),
(3260, 0, 51, 163, 3, '價格很實會，菜都很漂亮，出貨迅速，包裝完善，值得等待！', '2023-01-02', NULL, NULL),
(3261, 0, 17, 164, 5, '收到就馬上開始煮來吃了，沒有任何受損，不錯不錯，值得長期購買', '2022-12-12', NULL, NULL),
(3262, 0, 92, 164, 5, '雖然有一顆爛的，其他品質都不錯，冷藏配送超新鮮，有需要會再回購', '2022-08-15', NULL, NULL),
(3263, 0, 87, 164, 3, '一開箱香氣撲面而來，怎麼會這麼香，沒有任何受損，不錯不錯，非常值得推薦', '2022-05-16', NULL, NULL),
(3264, 0, 75, 164, 3, '品質很好，冷藏配送超新鮮，會再來買', '2022-06-23', NULL, NULL),
(3265, 0, 74, 164, 5, '買點好東西寄回老家孝敬父母，出貨迅速，包裝完善，價位可以接受', '2022-11-21', NULL, NULL),
(3266, 0, 53, 164, 4, '外表很漂亮但口感還好，出貨非快速，值得長期購買', '2023-02-08', NULL, NULL),
(3267, 0, 29, 164, 3, '收到就馬上開始煮來吃了，冷藏配送超新鮮，值得等待！', '2022-05-04', NULL, NULL),
(3268, 0, 60, 164, 5, '價格很實會，菜都很漂亮，宅配到家的服務方便，值得購買', '2023-01-20', NULL, NULL),
(3269, 0, 85, 164, 3, '價格很實會，菜都很漂亮，包裝保護很完整，有需要會再回購', '2022-10-28', NULL, NULL),
(3270, 0, 59, 164, 3, '新鮮、品質好，防疫在家買菜不用愁，包裝完整仔細，非常值得推薦', '2022-02-27', NULL, NULL),
(3271, 0, 64, 164, 4, '收到就馬上開始煮來吃了，出貨非快速，值得等待！', '2022-09-23', NULL, NULL),
(3272, 0, 42, 164, 3, '包裝完整蔬菜好吃比全X的還要有誠意，包裝完整且仔細，絕對值得再次回購', '2022-01-30', NULL, NULL),
(3273, 0, 22, 164, 4, '外表有些磕碰傷，但無損口感，送貨很快速，吃一口就想回購', '2022-03-01', NULL, NULL),
(3274, 0, 63, 164, 3, '普普通通，送貨包裝非常完整，值得購買', '2022-03-26', NULL, NULL),
(3275, 0, 14, 164, 3, '不出門就能吃到新鮮的蔬菜是非常幸福的事，沒有任何受損，不錯不錯，已回購數次', '2022-08-11', NULL, NULL),
(3276, 0, 41, 164, 4, '包裝完整蔬菜好吃比全X的還要有誠意，送貨包裝非常完整，值得購買', '2022-01-14', NULL, NULL),
(3277, 0, 7, 164, 5, 'CP值很高，包裝完整且仔細，吃一口就想回購', '2022-02-19', NULL, NULL),
(3278, 0, 17, 164, 4, '雖然有一顆爛的，其他品質都不錯，包裝完整仔細，會再來買', '2022-01-09', NULL, NULL),
(3279, 0, 72, 164, 4, '味道酸酸甜甜剛剛好，送貨包裝非常完整，好吃會一直回購', '2022-06-11', NULL, NULL),
(3280, 0, 74, 164, 4, '香氣很足，出貨迅速，包裝完善，很滿足', '2022-03-20', NULL, NULL),
(3281, 0, 66, 165, 5, '皮較粗糙一點，包裝完整，品項齊全，非常值得推薦', '2023-02-18', NULL, NULL),
(3282, 0, 75, 165, 4, '外表有些磕碰傷，但無損口感，出貨非快速，會再來買', '2022-04-11', NULL, NULL),
(3283, 0, 22, 165, 5, '吃起來有點澀，送貨很快速，有機會還是會再繼續回購的', '2022-01-29', NULL, NULL),
(3284, 0, 11, 165, 5, '外表很漂亮但口感還好，沒有任何受損，不錯不錯，已回購數次', '2022-01-05', NULL, NULL),
(3285, 0, 50, 165, 4, '真是太滿意了，出貨非快速，推推推！', '2022-08-16', NULL, NULL),
(3286, 0, 70, 165, 5, '飽滿濃郁，出貨迅速，包裝完善，果然沒讓我失望', '2022-05-05', NULL, NULL),
(3287, 0, 86, 165, 3, '普普通通，出貨速度快，物超所值，已回購數次', '2022-08-13', NULL, NULL),
(3288, 0, 38, 165, 3, '真是太滿意了，包裝呵護食品包裝良好，好吃會一直回購', '2022-09-30', NULL, NULL),
(3289, 0, 72, 165, 4, '菜蠻甜的，送貨很快速，值得等待！', '2022-06-01', NULL, NULL),
(3290, 0, 82, 165, 4, '味道酸酸甜甜剛剛好，包裝保護很完整，很滿足', '2022-10-01', NULL, NULL),
(3291, 0, 8, 165, 3, '夠新鮮，好吃，包裝保護很完整，有需要會再回購', '2023-01-14', NULL, NULL),
(3292, 0, 6, 165, 3, '收到就馬上開始煮來吃了，出貨非快速，已回購數次', '2022-11-18', NULL, NULL),
(3293, 0, 88, 165, 4, '外表有些磕碰傷，但無損口感，宅配到家的服務方便，很滿足', '2022-03-21', NULL, NULL),
(3294, 0, 92, 165, 5, '口感真的不錯，很好吃，送貨很快速，很滿足', '2022-11-27', NULL, NULL),
(3295, 0, 95, 165, 4, '菜蠻甜的，出貨迅速，包裝完善，值得等待！', '2022-04-19', NULL, NULL),
(3296, 0, 27, 165, 3, 'CP值及服務品質一級棒，送貨很快速，已回購數次', '2022-06-25', NULL, NULL),
(3297, 0, 35, 165, 3, '不出門就能吃到新鮮的蔬菜是非常幸福的事，出貨速度快，物超所值，有機會還是會再繼續回購的', '2022-03-05', NULL, NULL),
(3298, 0, 52, 165, 4, '香氣很足，宅配到家的服務方便，值得長期購買', '2022-02-07', NULL, NULL),
(3299, 0, 22, 165, 3, '蔬菜都很新鮮、漂亮，出貨非快速，還行吧', '2023-02-13', NULL, NULL),
(3300, 0, 1, 165, 5, '味道酸酸甜甜剛剛好，包裝完整服務也很好，好吃會一直回購', '2022-06-28', NULL, NULL),
(3301, 0, 63, 166, 3, '沒有很甜但也還行，出貨迅速，包裝完善，好吃會一直回購', '2022-01-13', NULL, NULL),
(3302, 0, 43, 166, 5, '飽滿濃郁，包裝完整仔細，值得等待！', '2022-10-24', NULL, NULL),
(3303, 0, 40, 166, 3, '夠新鮮，好吃，包裝完整仔細，已回購數次', '2022-01-27', NULL, NULL),
(3304, 0, 5, 166, 4, 'CP值很高，包裝完整，品項齊全，好吃會一直回購', '2022-01-13', NULL, NULL),
(3305, 0, 35, 166, 5, '不出門就能吃到新鮮的蔬菜是非常幸福的事，冷藏配送超新鮮，會再來買', '2022-03-03', NULL, NULL),
(3306, 0, 25, 166, 5, 'CP值很高，宅配到家的服務方便，有機會還是會再繼續回購的', '2023-02-25', NULL, NULL),
(3307, 0, 48, 166, 4, '買點好東西寄回老家孝敬父母，出貨速度快，物超所值，還行吧', '2022-01-22', NULL, NULL),
(3308, 0, 9, 166, 4, '不出門就能吃到新鮮的蔬菜是非常幸福的事，包裝保護很完整，價位可以接受', '2022-08-12', NULL, NULL),
(3309, 0, 90, 166, 4, '外表很漂亮但口感還好，冷藏配送超新鮮，會再來買', '2022-01-13', NULL, NULL),
(3310, 0, 85, 166, 5, '買點好東西寄回老家孝敬父母，沒有任何受損，不錯不錯，價位可以接受', '2022-12-29', NULL, NULL),
(3311, 0, 72, 166, 4, 'CP值很高，包裝完整，品項齊全，果然沒讓我失望', '2022-08-13', NULL, NULL),
(3312, 0, 83, 166, 3, '口感真的不錯，很好吃，宅配到家的服務方便，好吃會一直回購', '2022-10-18', NULL, NULL),
(3313, 0, 73, 166, 3, '第N次訂購了，出貨非快速，值得購買', '2022-06-23', NULL, NULL),
(3314, 0, 42, 166, 4, '普普通通，出貨速度快，物超所值，吃一口就想回購', '2022-05-30', NULL, NULL),
(3315, 0, 19, 166, 3, '價格很實會，菜都很漂亮，包裝完整，品項齊全，推推推！', '2022-02-08', NULL, NULL),
(3316, 0, 34, 166, 4, '很甜很好吃，包裝呵護食品包裝良好，推推推！', '2022-02-17', NULL, NULL),
(3317, 0, 88, 166, 5, '吃起來有點澀，價格很便宜，果然沒讓我失望', '2022-07-23', NULL, NULL),
(3318, 0, 79, 166, 4, '味道酸酸甜甜剛剛好，沒有任何受損，不錯不錯，值得等待！', '2022-07-26', NULL, NULL),
(3319, 0, 47, 166, 4, '各種有機蔬菜都還很新鮮，包裝完整服務也很好，值得等待！', '2023-02-06', NULL, NULL),
(3320, 0, 91, 166, 4, '買點好東西寄回老家孝敬父母，冷藏配送超新鮮，價位可以接受', '2022-12-02', NULL, NULL),
(3329, 6, 2, 4, 5, '超讚讚!!!', '2023-03-16', NULL, NULL),
(3330, 11, 2, 99, 4, '絕對值得再次回購', '2023-03-17', NULL, NULL),
(3331, 18, 146, 2, 5, '好香', '2023-03-22', NULL, NULL),
(3332, 72, 156, 1, 5, 'happ', '2023-03-24', NULL, NULL),
(3333, 22, 159, 2, 4, '好吃', '2023-03-27', NULL, NULL);

-- --------------------------------------------------------

--
-- 資料表結構 `community`
--

CREATE TABLE `community` (
  `sid` int(11) NOT NULL,
  `member_sid` int(255) NOT NULL,
  `community_picture1` varchar(255) DEFAULT NULL,
  `community_picture2` varchar(255) DEFAULT NULL,
  `community_picture3` varchar(255) DEFAULT NULL,
  `community_header` varchar(255) NOT NULL,
  `community_contain` varchar(255) NOT NULL,
  `community_created_at` datetime NOT NULL DEFAULT current_timestamp(),
  `community _update` datetime NOT NULL DEFAULT current_timestamp()
) ENGINE=InnoDB DEFAULT CHARSET=utf8mb4 COLLATE=utf8mb4_general_ci;

--
-- 傾印資料表的資料 `community`
--

INSERT INTO `community` (`sid`, `member_sid`, `community_picture1`, `community_picture2`, `community_picture3`, `community_header`, `community_contain`, `community_created_at`, `community _update`) VALUES
(1, 5, '1.jpg', '', '', '12個影響你一生生態影響你全家的健康行為', '更多生態的意義是這樣的，了解清楚生態到底是一種怎麽樣的存在，是解決一切問題的關鍵。孔丘有一句名言，君子喻於義，小人喻於利。這句話語雖然很短，但令我浮想聯翩。', '2023-01-20 00:00:00', '2023-01-20 00:00:00'),
(2, 1, '2.jpg', '', '', '農村經濟發展的政策和措施', '那麽，我認為，問題的關鍵究竟為何？本人也是經過了深思熟慮，在每個日日夜夜思考這個問題。每個人都不得不面對這些問題。', '2022-10-29 00:00:00', '2022-10-29 00:00:00'),
(3, 3, '3.jpg', '', '', '如何利用人工智能和機器學習改進農業生產', '我這幾天一直在思索這個問題，叔本華曾經講過，普通人只想到如何度過時間，有才能的人設法利用時間。這讓我思索了許久，為什麼生態對我們來說這麼重要？', '2022-07-24 00:00:00', '2022-07-24 00:00:00'),
(4, 19, '4.jpg', '', '', '農場管理的最新趨勢和技術', '蕭伯納曾經認為，知識不存在的地方，愚蠢便自命為科學。希望大家能從這段話中有所收穫。問題的核心究竟是什麼？', '2023-01-16 00:00:00', '2023-01-16 00:00:00'),
(5, 6, '5.jpg', '', '', '如何選擇合適的農作物品種', '李遠哲說過一句經典的名言，要有追根究底、毫不妥協的精神，無論生活或研究工作都必須非常認真，要打破沙鍋問到底。請諸位將這段話在心中默念三遍。若能夠洞悉農業各種層面的含義，勢必能讓思維再提高一個層級。', '2022-06-13 00:00:00', '2022-06-13 00:00:00'),
(6, 7, '6.jpg', '', '', '如何在家中種植蔬菜和水果', ' 農業必定會成為未來世界的新標準。而這些並不是完全重要，更加重要的問題是，若能夠洞悉農業各種層面的含義，勢必能讓思維再提高一個層級。', '2022-06-17 00:00:00', '2022-06-17 00:00:00'),
(7, 13, '7.jpg', '', '', '土壤中的關鍵養分：氮、磷和鉀', '在這種困難的抉擇下，本人思來想去，寢食難安。我們都有個共識，若問題很困難，那就勢必不好解決。農業絕對是史無前例的。對農業進行深入研究，在現今時代已經無法避免了。', '2022-07-13 00:00:00', '2022-07-13 00:00:00'),
(8, 11, '8.jpg', '', '', '如何使用有機肥料提高農作物產量', '我們需要淘汰舊有的觀念，若能夠洞悉農業各種層面的含義，勢必能讓思維再提高一個層級。', '2022-07-14 00:00:00', '2022-07-14 00:00:00'),
(9, 22, '9.jpg', '', '', '農業科技的進步對農民的影響', ' 我們要學會站在別人的角度思考。深入的探討農業，是釐清一切的關鍵。農業可以說是有著成為常識的趨勢。科爾頓深信，你要想出名而不願了解世界', '2022-06-13 00:00:00', '2022-06-13 00:00:00'),
(10, 9, '12.jpg', '', '', '農村發展的挑戰和機遇', '       孔子講過一句值得人反覆尋思的話，知之者不如好之者，好之者不如樂之者。這讓我的思緒清晰了。說到農業，你會想到什麼呢？農業的出現，必將帶領人類走向更高的巔峰。', '2022-03-06 00:00:00', '2022-03-06 00:00:00'),
(11, 18, '11.jpg', '', '', '高科技農業的應用和前景', '        我們都有個共識，若問題很困難，那就勢必不好解決。不要先入為主覺得農業很複雜，實際上，農業可能比你想的還要更複雜。現在，正視農業的問題，是非常非常重要的。因為，農業因何而發生？', '2022-12-19 00:00:00', '2022-12-19 00:00:00'),
(12, 25, '12.jpg', '', '', '如何利用生物技術改善農業產品的質量', '一般來說，既然如此，在這種困難的抉擇下，本人思來想去，寢食難安。問題的關鍵究竟為何？歌德告訴我們，意志堅強的人能把世界放在手中像泥塊一樣任意揉捏。這讓我思索了許久，生態，到底應該如何實現。', '2022-12-02 00:00:00', '2022-12-02 00:00:00'),
(13, 5, '13.jpg', '', '', '農作物保護的最新技術和方法', '所謂生態，關鍵是生態需要如何寫。我們都知道，只要有意義，那麽就必須慎重考慮。弗洛伊德曾經說過，人生就象弈棋，一步失誤，全盤皆輸，這是令人悲哀之事;而且人生還不如弈棋，', '2022-12-22 00:00:00', '2022-12-22 00:00:00'),
(14, 15, '14.jpg', '', '', '種植新品種的優點和挑戰', '一般來說，我認為，為什麼生態對我們來說這麼重要？要想清楚，生態，到底是一種怎麽樣的存在。了解清楚生態到底是一種怎麽樣的存在，是解決一切問題的關鍵。', '2022-04-18 00:00:00', '2022-04-18 00:00:00'),
(15, 2, '15.jpg', '', '', '農村地區的食品安全問題和解決方案', '家種者校人子發常想育義不；行部流。不說院龍生高商地年國？臺顯表一意前：成發時臺聲，課出德機個大受內沒狀青每發公那初國去會與注義。', '2022-02-20 00:00:00', '2022-02-20 00:00:00'),
(16, 3, '16.jpg', '', '', '如何維護農場設備和機器', '為歌之聲不觀式別大兒馬真園者的期，破可見或底手名元存多術。下個個備？人方我此就代特會子神個的北國深目頭體營經然這育麗方地基，單實長時趣市另！孩他上使招廣！像一。', '2022-10-05 00:00:00', '2022-10-05 00:00:00'),
(17, 3, '17.jpg', '', '', '農村經濟的發展趨勢和前景', '看晚方許術很正，演的衣久我也象比叫起男進十這字者處以布活便月而都家！生腦學林數野縣跑就展在查教法越夫大式失內上爸得那早全靈油實之世不用生們個但，的心天半手住點？', '2022-11-18 00:00:00', '2022-11-18 00:00:00'),
(18, 28, '18.jpg', '', '', '如何通過增加多樣性提高農場產量', '開公件參了標活政常哥，財難親一全辦了就我好在戰四員通作質有？下成上：年國但你何。', '2023-02-19 00:00:00', '2023-02-19 00:00:00'),
(19, 9, '19.jpg', '', '', '農村社區合作的重要性和好處', '月憶江南，玲瓏東塵明月。平與君呼金節猶蜀道一不⋯隨中微流宮師有時洲一日，月照同鄰輪臺大珠一杯酒，三峽霓裳羽⋯十四，寂寂馬芳草十年金粟月下。', '2022-03-10 00:00:00', '2022-03-10 00:00:00'),
(20, 24, '22.jpg', '', '', '水資源管理在農業中的應用', '流的視線一個不交往，外套個月，起來可能我是什麼，下去的人的亡你要⋯中的謝能薪水了好看的，同樣動想也不會他先生仔鯊鯊。對我可以聽的地，水這的時間了，喜歡的居手機所以⋯保護律造成什夏油傑：了當事人村要不要⋯我的的禮有喜歡的就算有點正太弟。', '2022-04-06 00:00:00', '2022-04-06 00:00:00'),
(21, 22, '21.jpg', '', '', '如何利用天然資源開發可持續農業', '        我們要從本質思考，從根本解決問題。謹慎地來說，我們必須考慮到所有可能。世界需要改革，需要對糧食安全有新的認知。我們都很清楚，這是個嚴謹的議題。', '2022-08-01 00:00:00', '2022-08-01 00:00:00'),
(22, 18, '22.jpg', '', '', '農作物種植的最佳季節和時間', '把糧食安全輕鬆帶過，顯然並不適合。糧食安全，發生了會如何，不發生又會如何。要想清楚，糧食安全，到底是一種怎麼樣的存在。', '2023-01-27 00:00:00', '2023-01-27 00:00:00'),
(23, 4, '23.jpg', '', '', '應對氣候變化對農業的影響', '陶侃深信，大禹聖者，乃惜寸陰; 至於眾人，當惜分陰，豈能生無益於時，死無聞於後，是自棄也。強烈建議大家把這段話牢牢記住。每個人的一生中，幾乎可說碰到糧食安全這件事，是必然會發生的', '2022-09-27 00:00:00', '2022-09-27 00:00:00'),
(24, 21, '24.jpg', '', '', '如何選擇合適的灌溉系統', '韓非曾經說過，內外相應，言行相稱。這不禁令我深思。 經過上述討論我們都知道，只要有意義，那麽就必須慎重考慮。', '2022-02-20 00:00:00', '2022-02-20 00:00:00'),
(25, 11, '25.jpg', '', '', '農場管理的最佳實踐和策略', '既然如此， 羅素·貝克在不經意間這樣說過，一個人即使已登上頂峰，也仍要自強不息。帶著這句話，我們還要更加慎重的審視這個問題。', '2022-03-16 00:00:00', '2022-03-16 00:00:00'),
(26, 23, '26.jpg', '', '', '如何減少農業生產中的浪費和損失', '生態的發生，到底需要如何做到，不生態的發生，又會如何產生。盧梭曾經說過這麼一句話，浪費時間是一樁大罪過。這果然是一句至理名言。這種事實對本人來說意義重大，相信對這個世界也是有一定意義的。', '2022-09-15 00:00:00', '2022-09-15 00:00:00'),
(27, 6, '27.jpg', '', '', '農民參與決策的重要性和影響', '現在，解決生態的問題，是非常非常重要的。 所以，既然如此，愛因斯坦曾經說過一句發人深省的話，一個人的價值，應該看他貢獻什麼，而不應當看他取得什麼。這句話語雖然很短，但令我浮想聯翩。', '2022-07-28 00:00:00', '2022-07-28 00:00:00'),
(28, 27, '28.jpg', '', '', '如何利用農業廢棄物生產能源', '每個人都不得不面對這些問題。 在面對這種問題時，而這些並不是完全重要，更加重要的問題是，我這幾天一直在思索這個問題，更多生態的意義是這樣的，富勒曾經說過這麼一句話，苦難磨煉一些人，也毀滅另一些人。', '2023-01-14 00:00:00', '2023-01-14 00:00:00'),
(29, 12, '29.jpg', '', '', '農業和糧食安全的關聯性和重要性', '們不得不面對一個非常尷尬的事實，那就是，所謂生態，關鍵是生態需要如何寫。黑格爾有講過一句名言，只有永遠躺在泥坑里的人，才不會再掉進坑里。帶著這句話，我們還要更加慎重的審視這個問題：', '2022-04-11 00:00:00', '2022-04-11 00:00:00'),
(30, 26, '32.jpg', '', '', '如何利用數據和分析提高農業效率', '蕭伯納曾經說過，自我控制是最強者的本能。這讓我思索了許久，要想清楚，生態，到底是一種怎麽樣的存在。既然是這樣，我這幾天一直在思索這個問題', '2022-06-03 00:00:00', '2022-06-03 00:00:00'),
(31, 5, '31.jpg', '', '', '農業的社會經濟效益和貢獻', '呂坤曾經說過這麼一句話，貧不足羞，可羞是貧而無志。帶著這句話，我們還要更加慎重的審視這個問題：所謂生態，關鍵是生態需要如何寫。', '2022-08-21 00:00:00', '2022-08-21 00:00:00'),
(32, 24, '32.jpg', '', '', '如何應對農業災害和自然災害', '當我走進有機農場，我聽到了稻草和葉子在微風中輕輕摩擦的聲音。我看到農民們穿著簡單的衣服，努力地耕耘土地，他們將這塊土地當做自己的孩子一樣照顧，堅信著這種生產方式可以讓人們吃到更加健康的食物。', '2022-11-10 00:00:00', '2022-11-10 00:00:00'),
(33, 16, '33.jpg', '', '', '農業的國際貿易和市場前景', '這裡的空氣清新，大自然的氣息總是在鼻子裡悄悄地流轉。這裡的食物，味道比市場上買到的更加鮮美，那種純天然的味道，從舌尖蔓延到全身。', '2023-02-11 00:00:00', '2023-02-11 00:00:00'),
(34, 29, '34.jpg', '', '', '蔬菜種植的技巧和方法', '有機農業是一個充滿生命力和活力的系統，每一個環節都與大自然息息相關，它們互相支持，共生共存。在這裡，農民們不再是單純的生產者，而是更像是自然界的守護者，用心地保護這塊土地，保護人們的身體健康。', '2022-05-22 00:00:00', '2022-05-22 00:00:00'),
(35, 5, '35.jpg', '', '', '如何在家種植自己的蔬菜', '當我在有機農場裡漫步時，我感受到的不僅僅是清新的空氣和美味的食物，更重要的是那種和諧的感覺，人和自然之間的和諧感。這讓我明白，有機農業是一種生產方式，更是一種對生命的敬畏和珍愛。', '2022-02-04 00:00:00', '2022-02-04 00:00:00'),
(36, 17, '36.jpg', '', '', '水果種植的注意事項和技巧', '有機農業讓我們可以回歸自然，回歸最基本的生活方式，它讓我們意識到，人類和大自然的關係不應該是對抗，而是互相合作、互相支持。這種生產方式可以帶給人們更健康、更美味的食物，同時也可以保護土地和水源的生態環境。', '2022-11-18 00:00:00', '2022-11-18 00:00:00'),
(37, 2, '37.jpg', '', '', '水果和蔬菜的營養價值和健康益處', '有機農業不僅僅是一種生產方式，更是一種對自然的回應和尊重。農民們在這裡用自己的雙手，培養出一片生機勃勃的綠色土地，讓我們一起為這塊土地和人類的未來而努力。', '2022-09-19 00:00:00', '2022-09-19 00:00:00'),
(38, 4, '38.jpg', '', '', '無農藥種植的優點和方法', '在有機農場裡，我看到了生命的力量和自信', '2022-08-15 00:00:00', '2022-08-15 00:00:00'),
(39, 26, '39.jpg', '', '', '如何選擇新鮮的蔬菜和水果', '在農場裡，我們學會了尊重自然和生命，學會了耐心和付出，學會了珍惜和感恩。這些美好的品質，不僅讓我們成為更好的人，也讓我們成為更好的社會成員，為人類的未來做出更多貢獻。', '2022-07-05 00:00:00', '2022-07-05 00:00:00'),
(40, 7, '42.jpg', '', '', '蔬菜和水果的保存方法和技巧', '在農場裡，我們可以感受到勞作的喜悅和收穫的幸福。這種生活方式雖然簡單，但它給了我們更多的自由和快樂，讓我們能夠慢下來，感受生命的美好。', '2022-08-04 00:00:00', '2022-08-04 00:00:00'),
(41, 22, '41.jpg', '', '', '城市種植蔬菜和水果的挑戰和解決方案', '在農場裡，我們可以看到每一朵花、每一株植物，每一個生命都有自己的故事和價值。這種感性的體驗讓我們明白，地球上的每一個角落都有它獨特的價值和意義，需要我們好好珍惜和保護。', '2022-11-24 00:00:00', '2022-11-24 00:00:00'),
(42, 1, '42.jpg', '', '', '如何利用有機肥料提高蔬菜和水果的產量', '在農場裡，我們可以看到動物的生活和繁衍，他們和農夫一起生活，共同成長。這種關係讓我們意識到，動物也是地球上重要的生命，需要我們的尊重和保護。', '2023-01-11 00:00:00', '2023-01-11 00:00:00'),
(43, 32, '43.jpg', '', '', '種植時什麼樣的土壤最適合蔬菜和水果', '在農場裡，每個人都有自己的工作，從種植、收割到動物的飼養，每個環節都需要嚴謹的管理和耐心的付出。這種耕耘和收穫的過程，讓我們感受到人類和自然的互動，也讓我們明白農夫們的辛勤付出。', '2022-07-01 00:00:00', '2022-07-01 00:00:00'),
(44, 26, '44.jpg', '', '', '蔬菜和水果的季節性特點和產量變化', '在田野中，我們可以看到季節的變化，從春天的萌芽到秋天的收成，每一個季節都有不同的風景和收穫。每個農夫都有自己的技巧和方法，他們努力耕作，種植作物，期待著那一天的豐收。', '2022-02-04 00:00:00', '2022-02-04 00:00:00'),
(45, 9, '45.jpg', '', '', '水果和蔬菜的品種和種類介紹', '當我踏進農場，眼前的景象讓我感到一陣熟悉的親切感，有著田野般自由的空氣和勞作中的農夫。這種簡單的生活方式，帶給我們一種安寧與自由。', '2022-10-31 00:00:00', '2022-10-31 00:00:00'),
(46, 29, '46.jpg', '', '', '如何應對氣候變化對蔬菜和水果的影響', '農夫的工作其實非常辛苦，但是在田野中，他們可以享受到自然的美好和平靜的生活。這種生活方式，也是現代人們渴望擁有的生活方式之一。', '2023-02-15 00:00:00', '2023-02-15 00:00:00'),
(47, 21, '47.jpg', '', '', '烹飪時如何最大限度地保留蔬菜和水果的營養成分', '農場裡的生態系統非常複雜，有時候一種小小的生物甚至能夠影響整個生態系統的平衡。這種生態平衡也是我們應該保護和維護的重要資源。', '2023-02-26 00:00:00', '2023-02-26 00:00:00'),
(48, 1, '48.jpg', '', '', '蔬菜和水果的品質檢測和評估方法', '農業生產不僅與種植有關，還涉及到食品加工和儲存等方面。現代化的農業生產工藝，能夠更好地保護食品的品質和安全。', '2022-07-26 00:00:00', '2022-07-26 00:00:00'),
(49, 9, '49.jpg', '', '', '如何利用多樣性種植提高蔬菜和水果的產量', '農夫的工作不僅僅是種植和收穫，他們還需要瞭解氣候變化和土地環境等因素，以便更好地保護農作物的生長。', '2022-09-27 00:00:00', '2022-09-27 00:00:00'),
(50, 32, '52.jpg', '', '', '蔬菜和水果的貯藏和加工技巧', '在農場裡，你可以看到許多野生動物和昆蟲，它們和農作物一起生長、共存。這種和諧的關係，也是我們應該學習的生態觀念。', '2023-01-19 00:00:00', '2023-01-19 00:00:00'),
(51, 7, '51.jpg', '', '', '如何應對疾病和害蟲對蔬菜和水果的威脅', '農業生態系統中的土壤是非常重要的一環，它承載著作物的生長和生命的滋養。有機農業能夠更好地保護土壤質量，讓農作物更加健康、', '2022-03-27 00:00:00', '2022-03-27 00:00:00'),
(52, 22, '52.jpg', '', '', '水果和蔬菜的產地和產區介紹', '誰說農業不時尚？現在的農夫已經成為了最in的職業，他們在農田裡種植有機蔬菜，還穿著時尚的農夫服裝，吸引了無數年輕人的關注。', '2022-12-11 00:00:00', '2022-12-11 00:00:00'),
(53, 4, '53.jpg', '', '', '如何利用科技手段提高蔬菜和水果的生產效率', '有機農場裡的小動物們，也是農業生態系統中不可或缺的一部分。你知道嗎？一些小動物還能幫助防止農作物上的害蟲，保護作物的生長。', '2022-12-08 00:00:00', '2022-12-08 00:00:00'),
(54, 14, '54.jpg', '', '', '水果和蔬菜對人體健康的益處和功效', '農場裡的孩子們，也是農業生產中的一份子。他們幫助家人收割水果、種植蔬菜，同時也享受著大自然的美好。', '2023-02-02 00:00:00', '2023-02-02 00:00:00'),
(55, 1, '55.jpg', '', '', '蔬菜和水果的最佳食用方式和搭配', '有機農場的蔬果看起來不完美，但卻包含著無數的營養，讓你吃出健康的味道！', '2022-06-12 00:00:00', '2022-06-12 00:00:00'),
(56, 8, '56.jpg', '', '', '如何選擇和購買高品質的蔬菜和水果', '有機農夫跟植物一起生活，彼此互相關心，就像是一個大家庭！', '2023-02-24 00:00:00', '2023-02-24 00:00:00'),
(57, 21, '57.jpg', '', '', '蔬菜和水果在不同文化中的食用方式和意義', '在有機農場裡，你可以學習到如何用天然的方式來保護植物、土地和動物！', '2022-09-24 00:00:00', '2022-09-24 00:00:00'),
(58, 28, '58.jpg', '', '', '種植蔬菜和水果的成本和效益分析', '有機農場不僅是一個種植蔬果的地方，更是一個學習如何尊重大自然、愛護地球的場所！', '2022-04-04 00:00:00', '2022-04-04 00:00:00'),
(59, 22, '59.jpg', '', '', '如何利用有機農業種植健康的蔬菜和水果', '有機農夫跟大自然和諧共處，創造出一個健康的生態系統！', '2022-09-25 00:00:00', '2022-09-25 00:00:00'),
(60, 4, '62.jpg', '', '', '水果和蔬菜的儲存和運輸技巧', '在有機農場裡，你可以看到不同顏色、形狀、大小的蔬果，每一種都是獨一無二的美味！', '2023-02-14 00:00:00', '2023-02-14 00:00:00'),
(61, 11, '61.jpg', '', '', '愛上生鮮蔬果，活出健康生活！', '有機農夫不僅種植蔬果，還有負責動物的生活照顧，讓他們也能在自然的環境下快樂成長！', '2022-07-15 00:00:00', '2022-07-15 00:00:00'),
(62, 5, '62.jpg', '', '', '用水果和蔬菜搭配出色彩繽紛的美食！', '有機農場中的生態環境多樣豐富，每一種生物都扮演著重要的角色！', '2022-03-14 00:00:00', '2022-03-14 00:00:00'),
(63, 31, '63.jpg', '', '', '濃郁的果香和蔬菜的清爽，為你的生活帶來美好體驗！', '有機農業就像是大自然的魔法，讓農作物更健康、更美味！', '2022-02-16 00:00:00', '2022-02-16 00:00:00'),
(64, 17, '64.jpg', '', '', '這些蔬果食用可以讓你的皮膚更有光澤！', '在有機農場裡，種植的蔬果充滿自然的風味，讓你感受到大自然的氣息！', '2022-01-06 00:00:00', '2022-01-06 00:00:00'),
(65, 13, '65.jpg', '', '', '試試各種風味的新鮮水果，為你的味蕾帶來驚喜！', '有機農場充滿生機，蜜蜂、蝴蝶、小鳥成為農夫的朋友！', '2022-03-22 00:00:00', '2022-03-22 00:00:00'),
(66, 22, '66.jpg', '', '', '生鮮蔬果就像是生命的源泉，讓你充滿活力！', '有機農場裡沒有使用化學肥料和農藥，讓你吃得安心、健康又好味！', '2022-08-30 00:00:00', '2022-08-30 00:00:00'),
(67, 25, '67.jpg', '', '', '舒適的環境和鮮美的蔬果，讓你的家變成一個健康的天堂！', '有機農夫非常注重土地保護，讓土地更加肥沃、更適合生長植物！', '2023-01-12 00:00:00', '2023-01-12 00:00:00'),
(68, 12, '68.jpg', '', '', '蔬果的鮮美和美麗的色澤，能為你的生活帶來幸福感！', '在有機農場裡，農夫使用自然的農法種植作物，不僅對身體好，還有助於環境保護！', '2022-03-24 00:00:00', '2022-03-24 00:00:00'),
(69, 14, '69.jpg', '', '', '讓蔬菜成為你日常生活的主角，搭配出美味的菜餚！', '有機農業是一種以自然生態平衡為基礎的農業生產方式，對土壤、環境和人體健康都非常有益。', '2022-02-11 00:00:00', '2022-02-11 00:00:00'),
(70, 12, '72.jpg', '', '', '夏日的水果，清爽又美味，為你帶來快樂！', '有機農業不使用化學肥料和農藥，而是利用天然肥料和生物控制的方式來保護農作物和土壤健康。', '2023-02-22 00:00:00', '2023-02-22 00:00:00'),
(71, 2, '71.jpg', '', '', '好吃又營養的水果和蔬菜，是健康生活的秘訣！', '有機農業所生產的農產品，口感、香氣和營養價值都非常優秀，是健康飲食的好選擇。', '2022-06-30 00:00:00', '2022-06-30 00:00:00'),
(72, 3, '72.jpg', '', '', '不同種類的蔬果，滿足你各種口味需求！', '有機農業尊重自然生態平衡，可以保護野生動物和生態環境，減少對環境的負擔。', '2023-02-28 00:00:00', '2023-02-28 00:00:00'),
(73, 6, '73.jpg', '', '', '生鮮的蔬果，讓你的身心靈都得到了營養！', '有機農業需要農民具備專業知識和技能，需要更多的人力物力投入，但從長遠來看，對環境和人類健康的貢獻是無可比擬的。', '2022-04-08 00:00:00', '2022-04-08 00:00:00'),
(74, 12, '74.jpg', '', '', '讓蔬果成為你生活中的熱愛，讓你的日子更美好！', '有機農業的種植過程更加注重生態環境的保護，不但不會污染土壤和水源，還能提高土壤的肥力。', '2022-02-03 00:00:00', '2022-02-03 00:00:00'),
(75, 2, '75.jpg', '', '', '試試使用蔬菜烹飪美食，讓你的家人讚不絕口！', '有機農業不會傷害人體健康，因為有機農業中的農產品不會含有任何化學物質。', '2023-01-17 00:00:00', '2023-01-17 00:00:00'),
(76, 26, '76.jpg', '', '', '來自農田的蔬果，為你的生活注入了大自然的力量！', '有機農業注重農作物與土壤的生態平衡，減少害蟲與病害的發生，提高農作物品質。', '2022-10-24 00:00:00', '2022-10-24 00:00:00'),
(77, 24, '77.jpg', '', '', '水果和蔬菜的營養，給你帶來了健康和活力！', '有機農業的種植過程中使用有機肥料，有助於改善土壤質地和增加土壤肥力，讓農作物生長更加健康。', '2022-06-16 00:00:00', '2022-06-16 00:00:00'),
(78, 3, '78.jpg', '', '', '健康的生活需要健康的食品，蔬果就是不二之選！', '有機農業不但可以提供健康食品，還能促進農村經濟的發展，創造更多的就業機會。', '2023-01-28 00:00:00', '2023-01-28 00:00:00'),
(79, 1, '79.jpg', '', '', '選擇新鮮的水果和蔬菜，保證你得到更好的營養！', '有機農業是一種可持續發展的農業模式，有助於保護生態環境，減少對土地和水資源的破壞。', '2022-01-04 00:00:00', '2022-01-04 00:00:00'),
(80, 5, '82.jpg', '', '', '蔬果製作的美食，為你的日常生活增添了色彩和味道！', '農村旅遊，體驗農家生活，品嚐美食。', '2023-01-03 00:00:00', '2023-01-03 00:00:00'),
(81, 18, '81.jpg', '', '', '用水果做出驚人的美食，讓你的家人為你讚不絕口！', '結合生態旅遊，讓農業生態更加豐富多彩。', '2022-02-15 00:00:00', '2022-02-15 00:00:00'),
(82, 22, '82.jpg', '', '', '這些蔬菜可以幫助你減肥，卻不會讓你感到飢餓！', '環境友好的農業，讓我們的地球更加美好。', '2022-03-04 00:00:00', '2022-03-04 00:00:00'),
(83, 27, '83.jpg', '', '', '12個關於水果的有趣事實，你肯定不知道！', '愛護土地，珍惜每一片農田，保護好我們的家園。', '2022-03-27 00:00:00', '2022-03-27 00:00:00'),
(84, 18, '84.jpg', '', '', '蔬果可以給你帶來美好的情緒，你知道嗎？', '農業生產也可以很有創意，學會創新農業模式。', '2023-02-13 00:00:00', '2023-02-13 00:00:00'),
(85, 5, '85.jpg', '', '', '這些水果讓你可以拯救你的皮膚，讓你看起來更年輕！', '農業產業鏈的創新升級，帶動農民增收致富。', '2022-04-27 00:00:00', '2022-04-27 00:00:00'),
(86, 22, '86.jpg', '', '', '用蔬菜製作的菜餚，讓你的家人驚艷不已！', '農業專業人才培養，讓農業更加精益求精。', '2022-05-04 00:00:00', '2022-05-04 00:00:00'),
(87, 8, '87.jpg', '', '', '這些蔬菜可以增強你的免疫力，讓你保持健康！', '食品安全第一，讓消費者吃得安心、放心。', '2022-05-02 00:00:00', '2022-05-02 00:00:00'),
(88, 26, '88.jpg', '', '', '水果的天然糖分可以讓你擺脫心情低落，讓你感到愉快！', '農業的發展也要兼顧生態環境，實現人與自然和諧共處。', '2023-01-30 00:00:00', '2023-01-30 00:00:00'),
(89, 14, '89.jpg', '', '', '蔬果搭配出色彩繽紛的菜餚，讓你的餐桌更加豐富多彩！', '農家廚房，有好多好吃的美食，讓人垂涎欲滴。', '2022-06-19 00:00:00', '2022-06-19 00:00:00'),
(90, 2, '92.jpg', '', '', '這些水果可以緩解你的壓力', '農業生產與城市的有機結合，讓城市人也能享受到農家風味。', '2022-02-05 00:00:00', '2022-02-05 00:00:00'),
(91, 5, '91.jpg', '', '', '12種奇怪的水果，你可能從未嚐過！', '農業生態保護，讓我們的地球更加美好、更加可持續。', '2022-10-09 00:00:00', '2022-10-09 00:00:00'),
(92, 2, '92.jpg', '', '', '想要更好的膚色？吃這些蔬果絕對不會錯！', '持續創新，讓農業生產更加高效、綠色、可持續。', '2023-02-22 00:00:00', '2023-02-22 00:00:00'),
(93, 29, '93.jpg', '', '', '這些蔬果讓你腦力飛躍，讓你成為一個智慧的人！', '農業生活也可以很時尚，學會DIY打造農家風格。', '2022-11-30 00:00:00', '2022-11-30 00:00:00'),
(94, 24, '94.jpg', '', '', '水果也能做成美味佳餚！吃這些絕對讓你眼睛一亮！', '種樹造林，讓土地更加肥沃，農田更生氣。', '2022-04-14 00:00:00', '2022-04-14 00:00:00'),
(95, 19, '95.jpg', '', '', '8種顏值超高的水果，經常吃可以讓你變美！', '農夫辛苦耕作，讓我們珍惜每一份農產品。', '2022-01-20 00:00:00', '2022-01-20 00:00:00'),
(96, 22, '96.jpg', '', '', '這些蔬菜和水果有著驚人的醫療功效！', '養殖綠色有機食材，讓飲食更加健康。', '2022-11-20 00:00:00', '2022-11-20 00:00:00'),
(97, 1, '97.jpg', '', '', '7個你一定不知道的水果小知識！', '聚焦品質，不斷提高農產品的標準和水平。', '2023-01-25 00:00:00', '2023-01-25 00:00:00'),
(98, 22, '98.jpg', '', '', '這些蔬菜煮成的美食，美味到讓你哭出來！', '讓農業產品遠銷國際市場，讓世界品嘗中國的美食。', '2022-12-01 00:00:00', '2022-12-01 00:00:00'),
(99, 6, '99.jpg', '', '', '水果的秘密：你所不知道的關於水果的真相！', '農家也可以很科技，學會應用新技術提高農業效益。', '2022-10-18 00:00:00', '2022-10-18 00:00:00'),
(100, 25, '122.jpg', '', '', '用蔬菜做的小吃，吃一口就會愛上！', '生態農業通過對農藥和化肥的限制，保障了食品的安全和健康。', '2022-06-20 00:00:00', '2022-06-20 00:00:00'),
(101, 12, '121.jpg', '', '', '這些水果是天然的健康食品，卻有著神奇的功效！', '生態農業有利於保護農村環境，改善農村生活條件，提高農民的生活品質。', '2022-11-29 00:00:00', '2022-11-29 00:00:00'),
(102, 19, '122.jpg', '', '', '蔬菜和水果可以讓你保持健康，你知道嗎？', '生態農業與旅遊業相結合，形成了綠色旅遊的新模式，吸引了越來越多的遊客。', '2022-02-05 00:00:00', '2022-02-05 00:00:00'),
(103, 27, '123.jpg', '', '', '蔬菜也可以變成動物的造型，讓你大開眼界！', '生態農業為生物多樣性保護和生態保育做出了積極的貢獻。', '2022-09-08 00:00:00', '2022-09-08 00:00:00'),
(104, 12, '124.jpg', '', '', '用蔬菜和水果打造的美食，讓你的生活更加豐富多彩！', '生態農業的發展需要政府、企業和農民的共同參與和努力。', '2022-07-11 00:00:00', '2022-07-11 00:00:00'),
(105, 24, '125.jpg', '', '', '這些水果的美妙味道，讓你絕不後悔品嚐！', '生態農業有利於實現城鄉一體化，促進農村現代化。', '2022-03-18 00:00:00', '2022-03-18 00:00:00'),
(106, 1, '126.jpg', '', '', '蔬菜和水果的鮮豔色彩，讓你心情大好！', '生態農業強調農業生態系統的完整性，不僅有利於生態保護，也有利於提高農產品的品質。', '2022-11-02 00:00:00', '2022-11-02 00:00:00'),
(107, 2, '127.jpg', '', '', '想要吃健康又好吃的食物？這些蔬菜和水果絕對是你的不二之選！', '生態農業是一個具有前景的產業，有著廣闊的市場和發展前景。', '2022-07-09 00:00:00', '2022-07-09 00:00:00'),
(108, 22, '128.jpg', '', '', '蔬果可以擺脫厭食症，讓你愛上健康飲食！', '生態農業注重的是環境保護和可持續發展，有利於人與自然的和諧共處。', '2022-08-16 00:00:00', '2022-08-16 00:00:00'),
(109, 29, '129.jpg', '', '', '水果也可以讓你擁有光滑美肌，讓你焕發青春活力！', '生態農業是一種注重人文', '2022-06-08 00:00:00', '2022-06-08 00:00:00'),
(110, 28, '112.jpg', '', '', '用蔬菜和水果製作的甜點，讓你甜蜜蜜的享受生活！', '生態系統是我們生存的基石，保護生態環境是我們共同的責任。', '2022-02-07 00:00:00', '2022-02-07 00:00:00'),
(111, 8, '111.jpg', '', '', '這些水果的魔法效果，讓你一秒變成健康達人！', '生態農業是一種可持續發展的農業模式，強調自然循環和保護生態環境。', '2022-09-19 00:00:00', '2022-09-19 00:00:00'),
(112, 1, '112.jpg', '', '', '蔬菜也可以成為心靈美食，讓你身心愉悅！', '生態農業的核心理念是“和自然共存、和諧發展”。', '2022-09-24 00:00:00', '2022-09-24 00:00:00'),
(113, 12, '113.jpg', '', '', '這些水果的功效，竟然可以改變你的人生！', '生態農業注重土壤生態系統的保護和改善，從源頭上保護環境。', '2022-01-03 00:00:00', '2022-01-03 00:00:00'),
(114, 11, '114.jpg', '', '', '蔬菜和水果的鮮美滋味，讓你愛上健康美食！', '生態農業通過合理利用自然資源，實現了資源的循環再利用，達到了節約能源和資源的目的。', '2022-11-20 00:00:00', '2022-11-20 00:00:00'),
(115, 16, '115.jpg', '', '', '這些水果可以提升你的幸福感，讓你每天都充滿活力！', '生態農業注重的是產品的品質，而不是產量的多少。', '2022-06-19 00:00:00', '2022-06-19 00:00:00'),
(116, 31, '116.jpg', '', '', '蔬菜和水果的烹飪技', '生態農業強調農作物的多樣性和生態多樣性，保護了生態系統的完整性。', '2022-01-26 00:00:00', '2022-01-26 00:00:00'),
(117, 29, '117.jpg', '', '', '水果也可以變身成為超級英雄？！', '每一個農產品都是經過耕耘、選擇和呵護而成的珍品。', '2022-06-19 00:00:00', '2022-06-19 00:00:00'),
(118, 2, '118.jpg', '', '', '蔬菜也有時尚穿搭之美！', '透過農產品的銷售，我們能夠支持農民們的努力和付出。', '2023-01-11 00:00:00', '2023-01-11 00:00:00'),
(119, 15, '119.jpg', '', '', '用蔬菜和水果製作的飲料，讓你的生活更有趣！', '農產品的行銷，需要將其獨特的風味和品質展現出來。', '2022-03-31 00:00:00', '2022-03-31 00:00:00'),
(120, 11, '122.jpg', '', '', '體驗蔬菜和水果帶來的無盡樂趣！', '選擇優質農產品，是我們保持健康和營養的重要途徑。', '2022-12-06 00:00:00', '2022-12-06 00:00:00'),
(121, 9, '121.jpg', '', '', '青菜也有奇幻冒險之旅！', '農產品的品質和價值，來自於農民們的不斷努力和追求。', '2022-12-24 00:00:00', '2022-12-24 00:00:00'),
(122, 21, '122.jpg', '', '', '蔬菜和水果，竟然還有著這些神奇的功效！', '真正的農產品，不僅價值高昂，更是生活中的美好體驗。', '2022-04-18 00:00:00', '2022-04-18 00:00:00'),
(123, 1, '123.jpg', '', '', '蔬果的多種烹飪方式，讓你吃到不一樣的味道！', '農產品的銷售需要重視品牌建設和市場定位。', '2022-05-17 00:00:00', '2022-05-17 00:00:00'),
(124, 24, '124.jpg', '', '', '水果也可以有故事，讓你聽了心情愉悅！', '農產品的行銷，需要不斷創新和發展新的銷售渠道。', '2022-08-22 00:00:00', '2022-08-22 00:00:00'),
(125, 11, '125.jpg', '', '', '這些水果的奇怪外形，讓你看了會心情大爆發！', '農產品的價值不僅價格，還體現在其獨特的風味和口感。', '2022-03-01 00:00:00', '2022-03-01 00:00:00'),
(126, 13, '126.jpg', '', '', '素食主義者的福音，有機農業產品的美味之旅！', '農產品的行銷，需要將其文化和品牌傳承下去。', '2022-10-16 00:00:00', '2022-10-16 00:00:00'),
(127, 29, '127.jpg', '', '', '透過農業生態，打造更健康的生活環境！', '農產品的行銷，需要考慮到消費者的需求和心理。', '2022-10-27 00:00:00', '2022-10-27 00:00:00'),
(128, 25, '128.jpg', '', '', '從土地到收成，一探農業生產的精髓！', '農產品的品質和價值，需要得到社會和市場的認可和支持。', '2023-02-23 00:00:00', '2023-02-23 00:00:00'),
(129, 5, '129.jpg', '', '', '在城市裡也能種菜，用農業生態改變你的生活方式！', '農產品的行銷，不僅是市場的競爭，更是對農民們的支持和鼓勵。', '2022-07-20 00:00:00', '2022-07-20 00:00:00'),
(130, 25, '132.jpg', '', '', '探索農業生態系統，讓你深入了解大自然的神奇之處！', '珍貴的農產品，蘊含著無盡的健康與美味。', '2023-01-08 00:00:00', '2023-01-08 00:00:00'),
(131, 11, '131.jpg', '', '', '從農業生產到綠色生態，探索現代農業的多元面向！', '優質農產品，來自於用心的耕耘和無盡的熱愛。', '2022-08-21 00:00:00', '2022-08-21 00:00:00'),
(132, 31, '132.jpg', '', '', '用心打造有機農業產品，讓你品嚐到最健康的美味！', '農產品是農民們的心血，也是我們生活中不可或缺的一部分。', '2022-10-04 00:00:00', '2022-10-04 00:00:00'),
(133, 7, '133.jpg', '', '', '從農業生產到生活文化，探索農村的魅力！', '農產品不僅價值高昂，更能讓人們體驗到自然的美好。', '2022-10-01 00:00:00', '2022-10-01 00:00:00'),
(134, 32, '134.jpg', '', '', '農業生態也可以是旅遊景點，讓你走進農村，感受自然之美！', '珍藏好農產品，分享給朋友，品味生活的甜美滋味。', '2022-07-23 00:00:00', '2022-07-23 00:00:00'),
(135, 28, '135.jpg', '', '', '用科技改變農業，用綠色生態造福人民！', '農產品的優質，來自於農民們的細心耕耘和選擇。', '2022-02-19 00:00:00', '2022-02-19 00:00:00'),
(136, 18, '136.jpg', '', '', '從農業生產到食品安全，探索現代農業的多元挑戰！', '農產品的獨特風味，能夠讓你感受到土地的滋味。', '2022-10-16 00:00:00', '2022-10-16 00:00:00'),
(137, 13, '137.jpg', '', '', '在城市裡也能享受農業生活，讓你的家也成為田園風光！', '市場上販售的蔬果，我們要選擇有機無毒的，才能保障我們的健康。', '2022-08-15 00:00:00', '2022-08-15 00:00:00'),
(138, 9, '138.jpg', '', '', '農夫也是科學家？從農業科技談起！', '想吃到真正的健康蔬果，就選擇無毒蔬果，才能讓你和家人健康又美味。', '2022-02-10 00:00:00', '2022-02-10 00:00:00'),
(139, 4, '139.jpg', '', '', '從種子到果實，一探農業生產的奇妙之旅！', '無毒蔬果種植需要更多的辛勤工作，但只有這樣，我們才能吃到最安全、最健康的蔬果。', '2023-02-26 00:00:00', '2023-02-26 00:00:00'),
(140, 12, '142.jpg', '', '', '讓農業生產更智慧化，從智能農業談起！', '選擇無毒蔬果，不但對身體健康有好處，還能幫助農民們掌握更健康的種植技術。', '2022-06-19 00:00:00', '2022-06-19 00:00:00'),
(141, 5, '141.jpg', '', '', '用現代科技，改變農業生產方式，打造綠色生態農業！', '無毒蔬果的種植方式，能減少對土地和水源的污染，保護我們的家園。', '2022-05-13 00:00:00', '2022-05-13 00:00:00'),
(142, 15, '142.jpg', '', '', '有機農業，不只是一種生產方式，更是一種生活態度！', '無毒蔬果的生長需要天然有機肥料和微生物，能讓蔬果更營養豐富。', '2022-02-21 00:00:00', '2022-02-21 00:00:00'),
(143, 27, '143.jpg', '', '', '賞析農業生態景觀，讓你享受大自然的美妙之旅！', '每天吃一份無毒蔬果，讓我們的身體充滿健康和能量。', '2022-07-16 00:00:00', '2022-07-16 00:00:00'),
(144, 32, '144.jpg', '', '', '從種子到餐桌，探索農業產品的奇妙之旅！', '無毒蔬果的種植方式，讓我們更加注重環境保護和生態平衡。', '2022-09-22 00:00:00', '2022-09-22 00:00:00'),
(145, 16, '145.jpg', '', '', '在農場裡度過假期，讓你感受農業生活的魅力！', '選擇無毒蔬果，是對自己身體的保護，也是對地球環境的保護。', '2022-07-10 00:00:00', '2022-07-10 00:00:00'),
(146, 5, '146.jpg', '', '', '用農業生態打造綠色農場！瞭解農夫保護環境的方法', '媽媽告訴我，吃無毒蔬果不會有害健康，還能保護地球環境。', '2023-01-09 00:00:00', '2023-01-09 00:00:00'),
(147, 9, '147.jpg', '', '', '農夫的朋友-土地！了解如何保護土地讓作物更健康', '無毒蔬果種植不使用農藥，讓我們健康成長。', '2022-12-31 00:00:00', '2022-12-31 00:00:00'),
(148, 2, '148.jpg', '', '', '看見作物的成長！學習如何種植並親手打造自己的菜園', '無毒蔬果不僅口感更好，還能讓我們遠離農藥的危害。', '2022-08-14 00:00:00', '2022-08-14 00:00:00'),
(149, 2, '149.jpg', '', '', '農夫的一天！看看農夫在田裡忙些什麼', '吃無毒蔬果，能讓我們的身體更健康，也能維護環境的生態平衡。', '2022-07-30 00:00:00', '2022-07-30 00:00:00'),
(150, 15, '152.jpg', '', '', '瞭解食物的來源！學習從農場到餐桌的過程', '吃無毒蔬果，讓我們的身體沒有了化學殘留物的危害。', '2022-07-29 00:00:00', '2022-07-29 00:00:00'),
(151, 16, '151.jpg', '', '', '學習如何儲存農作物！農夫的秘密武器', '無毒蔬果的種植方式，能減少對土壤和水源的汙染，保護大自然。', '2022-11-03 00:00:00', '2022-11-03 00:00:00'),
(152, 24, '152.jpg', '', '', '植物的進化之路！學習從種子到成長的奧妙', '無毒蔬果的種植需要更多的人力和耐心，但是結出的果實卻是健康美味的。', '2022-05-31 00:00:00', '2022-05-31 00:00:00'),
(153, 1, '153.jpg', '', '', '農夫也是科學家！學習如何利用科技提高農業生產力', '在農場體驗中，孩子們可以體驗到農民們的辛勤勞動和奉獻精神。', '2022-09-16 00:00:00', '2022-09-16 00:00:00'),
(154, 21, '154.jpg', '', '', '一起來觀察植物的生長環境！了解不同植物的生活習性', '農場體驗，能夠讓人們更好地理解農業的重要性和挑戰。', '2022-08-12 00:00:00', '2022-08-12 00:00:00'),
(155, 12, '155.jpg', '', '', '養護植物也需要技巧！學習如何修剪植物讓它更健康', '到農場體驗，可以品嚐到新鮮、健康的農產品，感受到食物的美好。', '2022-01-08 00:00:00', '2022-01-08 00:00:00'),
(156, 12, '156.jpg', '', '', '探索農夫的工具箱！了解不同工具的用途及操作方法', '在農場體驗中，人們可以體驗到耕種和種植的樂趣，並學習到農業知識。', '2022-11-21 00:00:00', '2022-11-21 00:00:00'),
(157, 3, '157.jpg', '', '', '瞭解農業的歷史！從農耕時代到現代農業的演變', '農場體驗，是一個融合教育和旅遊的好去處。', '2022-05-30 00:00:00', '2022-05-30 00:00:00'),
(158, 7, '158.jpg', '', '', '農夫防風必學！種植樹木讓農作物更健康', '在農場體驗中，人們可以感受到農村的文化和生活方式。', '2022-04-29 00:00:00', '2022-04-29 00:00:00'),
(159, 3, '159.jpg', '', '', '一起來體驗農夫的日常生活！採摘農作物、喂食牲畜', '農場體驗，能夠讓人們更加關注農村發展和農民生活。', '2022-10-28 00:00:00', '2022-10-28 00:00:00'),
(160, 3, '162.jpg', '', '', '看小動物的農場旅行！遇見奶牛、羊、雞等可愛動物', '到農場體驗，可以體驗到季節變化帶來的農業風情和生活氣息。', '2022-03-30 00:00:00', '2022-03-30 00:00:00'),
(161, 22, '161.jpg', '', '', '探索種子的奇妙世界！了解不同種子種植的技巧', '農場體驗，讓人們更加了解農產品的生產過程和價值。', '2022-01-24 00:00:00', '2022-01-24 00:00:00'),
(162, 29, '162.jpg', '', '', '水是植物的命根子！學習如何為植物提供適量水分', '在農場體驗中，人們可以體驗到務農的辛勞和幸福。', '2022-11-06 00:00:00', '2022-11-06 00:00:00'),
(163, 4, '163.jpg', '', '', '來一場「奇妙的蟲蟲生活」之旅！發現植物的小夥伴', '農場體驗，是一個讓人們重拾大自然美好的好機會。', '2022-11-11 00:00:00', '2022-11-11 00:00:00'),
(164, 3, '164.jpg', '', '', '植物也需要養分！學習如何施肥讓作物更茂盛', '到農場體驗，可以和家人一起感受到農業的魅力和意義。', '2022-08-08 00:00:00', '2022-08-08 00:00:00'),
(165, 4, '165.jpg', '', '', '農民收入增加的出路：從農業創業到農產品加工。', '在農場體驗中，人們可以體驗到農村社會的和諧與共生。', '2022-05-14 00:00:00', '2022-05-14 00:00:00'),
(166, 4, '166.jpg', '', '', '農村環境治理：從垃圾分類到農村污染治理。', '農場體驗，能夠讓人們更加關注農業可持續發展和環境保', '2022-03-07 00:00:00', '2022-03-07 00:00:00'),
(167, 12, '167.jpg', '', '', '綠色農業的發展：從生產模式到綠色種植技術。', '到農場體驗，可以感受到大自然的美好和農民們的辛勤付出。', '2022-01-03 00:00:00', '2022-01-03 00:00:00'),
(168, 29, '168.jpg', '', '', '農村社會治理：從鄉村治理到農民自治。', '農場體驗，是一個親近自然、學習農業知識的好機會。', '2022-02-11 00:00:00', '2022-02-11 00:00:00'),
(169, 22, '169.jpg', '', '', '農村金融創新：從農民信貸到農村保險。', '在農場體驗中，孩子們可以學習到耕種、種植和收割的技能。', '2022-03-02 00:00:00', '2022-03-02 00:00:00'),
(170, 29, '172.jpg', '', '', '農業教育的重要性：從農民素質提升到農村文化發展。', '農場體驗，讓人們更加珍惜食物的來源和價值。', '2022-11-07 00:00:00', '2022-11-07 00:00:00'),
(171, 6, '171.jpg', '', '', '農業轉型升級的方向：從傳統農業到現代農業。', '農場體驗，可以讓人們放下城市的喧囂，享受到大自然的寧靜。', '2022-07-30 00:00:00', '2022-07-30 00:00:00'),
(172, 11, '172.jpg', '', '', '農業產業的合作發展：從合作社到產銷合作社。', '農場體驗，可以讓人們體驗到農產品的品質和安全控制，深入了解到農業的生產管理和監管體系。', '2023-01-18 00:00:00', '2023-01-18 00:00:00'),
(173, 17, '173.jpg', '', '', '農業生產的市場化轉型：從自給自足到市場化生產。', '在農場體驗中，人們可以學習到生態農業的概念和實踐，了解到綠色農業對生態環境保護和可持續發展的貢獻。', '2023-02-23 00:00:00', '2023-02-23 00:00:00'),
(174, 2, '174.jpg', '', '', '農業產業鏈的協同發展：從生產到銷售。', '農場體驗，可以讓人們體驗到農產品加工和價值提升的過程，了解到農產品品牌化和行銷的重要性。', '2023-01-11 00:00:00', '2023-01-11 00:00:00'),
(175, 28, '175.jpg', '', '', '農村旅遊的發展：從農家樂到農村民宿。', '在農場體驗中，人們可以了解到農業生產中的風險管理和保險機制，學習到農業保險對農民和社會的保障作用。', '2022-03-11 00:00:00', '2022-03-11 00:00:00'),
(176, 7, '176.jpg', '', '', '農業生產的信息化管理：從農業物聯網到大數據分析。', '農場體驗，可以讓人們體驗到農業文化和農民文化的傳承和發展，了解到農業文化對社會和經濟的影響。', '2022-08-30 00:00:00', '2022-08-30 00:00:00'),
(177, 14, '177.jpg', '', '', '農業科技與生態保育：從生物技術到生態維護。', '在農場體驗中，人們可以深入了解到農業產業鏈和價值鏈的概念和實踐，了解到產業升級和轉型的策略和方法。', '2022-01-09 00:00:00', '2022-01-09 00:00:00'),
(178, 14, '178.jpg', '', '', '農業生產的未來發展趨勢：從智慧農業到綠色種植。', '農場體驗，可以讓人們體驗到農業與旅遊的融合，了解到農業旅遊對地方經濟和社會發展的促進作用。', '2022-11-07 00:00:00', '2022-11-07 00:00:00'),
(179, 1, '179.jpg', '', '', '探討現代農業生產中的關鍵技術：從種植到收成。', '農場體驗，是一個深入了解農業的好機會，可以讓人們更加了解農業生產的過程和技術。', '2022-02-16 00:00:00', '2022-02-16 00:00:00'),
(180, 11, '182.jpg', '', '', '農業生活的優點：健康飲食、綠色生活、經濟發展。', '在農場體驗中，人們可以學習到現代農業的發展趨勢和挑戰，了解到農業創新的重要性。', '2022-09-01 00:00:00', '2022-09-01 00:00:00'),
(181, 2, '181.jpg', '', '', '如何讓農業生產更加環保：減少農藥、節水、降低碳排放。', '農場體驗，可以讓人們深入了解農村社會和農民生活，了解到農業與社會經濟發展的關係。', '2022-09-23 00:00:00', '2022-09-23 00:00:00'),
(182, 26, '182.jpg', '', '', '農業生態保育的重要性：保護土壤、水源和生物多樣性。', '在農場體驗中，人們可以體驗到現代化農業生產的高效性和精密度，了解到農業科技對生產效率的提升作用。', '2022-04-18 00:00:00', '2022-04-18 00:00:00'),
(183, 17, '183.jpg', '', '', '農村振興戰略：從農業生產到農村旅遊。', '學習農業技術，可以讓你體驗到不同的植物生長環境，真是一件有趣的事情！', '2022-06-15 00:00:00', '2022-06-15 00:00:00'),
(184, 31, '184.jpg', '', '', '農業科技創新的挑戰：如何讓技術更貼近農民的生活。', '農業技術的發展，也讓農作物的種類更加豐富多樣，讓人們的飲食更加健康美味。', '2022-08-11 00:00:00', '2022-08-11 00:00:00'),
(185, 3, '185.jpg', '', '', '農夫種田好辛苦，種出好食材大收成。', '農業技術的應用不只局限於農場，還可以運用在都市農業和家庭種植上，讓生活更加美好。', '2022-08-02 00:00:00', '2022-08-02 00:00:00'),
(186, 11, '186.jpg', '', '', '農家養殖多元化，讓生活更加豐富。', '隨著農業技術的不斷更新，未來的農民們肯定會擁有更多的發展機會。', '2022-06-07 00:00:00', '2022-06-07 00:00:00'),
(187, 2, '187.jpg', '', '', '農村旅遊好好玩，農家樂活動樂翻天。', '農業技術的進步也可以幫助農民更有效地利用自然資源，減少浪費和污染。', '2022-08-02 00:00:00', '2022-08-02 00:00:00'),
(188, 7, '188.jpg', '', '', '小花草、小昆蟲，農田生態多姿多彩。', '學習農業技術，還可以學到關於大自然和生命的知識，真是一個充滿探險的旅程。', '2022-05-17 00:00:00', '2022-05-17 00:00:00'),
(189, 11, '189.jpg', '', '', '農家大院，有好多好吃的美食！', '農業技術的進步，也可以應用在植物基因改良上，讓農作物更耐旱、耐病、抗寒。', '2022-01-19 00:00:00', '2022-01-19 00:00:00'),
(190, 9, '192.jpg', '', '', '養魚、種菜、養雞，農家生活好多姿。', '農業技術的發展，也帶動了農業生產的現代化，讓農民們的生活更加便利舒適。', '2022-10-10 00:00:00', '2022-10-10 00:00:00'),
(191, 24, '191.jpg', '', '', '讓土地休息，讓農田更生氣。', '要種出好的作物，不只是靠好天氣，還需要掌握農業技術喔！', '2022-05-09 00:00:00', '2022-05-09 00:00:00'),
(192, 13, '192.jpg', '', '', '跟著農夫學種田，讓我們也成為小小農夫。', '現代農業有很多高科技的技術，讓農作物更健康，更美味！', '2022-10-14 00:00:00', '2022-10-14 00:00:00'),
(193, 13, '193.jpg', '', '', '為了美麗的地球，我們要保護好每一片田。', '農業技術不斷進步，現在的農民可以利用科技來提高農作物的產量和品質。', '2022-12-19 00:00:00', '2022-12-19 00:00:00'),
(194, 16, '194.jpg', '', '', '愛護小動物，保護好生態，讓農村更美麗。', '要讓植物健康成長，需要掌握如何施肥、灌溉和控制病蟲害等技術。', '2022-11-24 00:00:00', '2022-11-24 00:00:00'),
(195, 29, '195.jpg', '', '', '與大自然共生，讓農業更加綠色環保。', '農業技術的進步，不僅可以改善作物品質，也可以降低農藥的使用量，讓農作物更安全。', '2022-04-15 00:00:00', '2022-04-15 00:00:00'),
(196, 16, '196.jpg', '', '', '愛吃蔬菜水果，就要學會珍惜土地。', '有些農業技術需要用到機器人和無人機等高科技設備，真是太厲害了！', '2022-12-13 00:00:00', '2022-12-13 00:00:00'),
(197, 13, '197.jpg', '', '', '農家種植好吃的，讓我們健康成長！', '農業技術也可以用在保護環境上，比如利用水土保持技術減少土地流失。', '2022-07-20 00:00:00', '2022-07-20 00:00:00'),
(198, 23, '198.jpg', '', '', '農夫種地辛苦，綠色蔬果好滋味！', '農夫自製太陽能發電系統，農業生產更節能環保！', '2022-09-07 00:00:00', '2022-09-07 00:00:00'),
(199, 29, '199.jpg', '', '', '小菜苗要認真種，陽光雨水成長良。', '農家發明節水灌溉系統，農業生產更省力省水！', '2022-04-01 00:00:00', '2022-04-01 00:00:00'),
(200, 26, '222.jpg', '', '', '保護土地是我們的責任，讓農田永續生產。', '有機農業大熱，健康蔬菜成為市場新寵！', '2022-03-03 00:00:00', '2022-03-03 00:00:00'),
(201, 5, '221.jpg', '', '', '養魚、種菜、耕田，農家生活多姿多彩。', '農村婦女積極參與農業技術培訓，打造綠色農業新模式！', '2022-03-26 00:00:00', '2022-03-26 00:00:00'),
(202, 27, '222.jpg', '', '', '養蜜蜂，採蜜養生，讓我們的農村更有活力。', '農家開始用機器人代替人力農作業，提高生產效率！', '2022-09-19 00:00:00', '2022-09-19 00:00:00'),
(203, 22, '223.jpg', '', '', '小蘋果、小西瓜，農家果園好好玩。', '農家靠自家研發的農業科技，成為領先生產商！', '2022-11-28 00:00:00', '2022-11-28 00:00:00'),
(204, 28, '224.jpg', '', '', '藍天白雲、綠草茵茵，農家生態好得意。', '農民創新種植技術，讓田間地頭更綠色、更有生氣！', '2023-01-11 00:00:00', '2023-01-11 00:00:00'),
(205, 13, '225.jpg', '', '', '農夫自製太陽能發電系統，農業生產更節能環保！', '農夫推廣製作有機肥料，提高農業生產品質！', '2022-10-26 00:00:00', '2022-10-26 00:00:00'),
(206, 16, '226.jpg', '', '', '農家發明節水灌溉系統，農業生產更省力省水！', '農村青年回鄉創業，讓農業更具活力！', '2022-02-27 00:00:00', '2022-02-27 00:00:00'),
(207, 12, '227.jpg', '', '', '有機農業大熱，健康蔬菜成為市場新寵！', '農家開發出可食用餐具，推動綠色環保理念！', '2022-08-07 00:00:00', '2022-08-07 00:00:00'),
(208, 32, '228.jpg', '', '', '農村婦女積極參與農業技術培訓，打造綠色農業新模式！', '農業裡的科技軟實力，讓農產品走向世界！', '2022-08-05 00:00:00', '2022-08-05 00:00:00'),
(209, 11, '229.jpg', '', '', '農家開始用機器人代替人力農作業，提高生產效率！', '農家開始使用無人機巡視農田，提高農業管理效率！', '2022-06-30 00:00:00', '2022-06-30 00:00:00'),
(210, 17, '212.jpg', '', '', '農家靠自家研發的農業科技，成為領先生產商！', '農家發明節能減排技術，讓農業生產更綠色、更可持續！', '2022-01-20 00:00:00', '2022-01-20 00:00:00'),
(211, 21, '211.jpg', '', '', '農民創新種植技術，讓田間地頭更綠色、更有生氣！', '農夫創意種植方式，一株蔬菜中長出四種不同品種！', '2022-01-13 00:00:00', '2022-01-13 00:00:00'),
(212, 27, '212.jpg', '', '', '農夫推廣製作有機肥料，提高農業生產品質！', '運用科技，農業生產更環保節能！', '2022-08-08 00:00:00', '2022-08-08 00:00:00'),
(213, 24, '213.jpg', '', '', '農村青年回鄉創業，讓農業更具活力！', '農家大變身！網路直播推廣農產品，大賣出！', '2022-12-24 00:00:00', '2022-12-24 00:00:00'),
(214, 13, '214.jpg', '', '', '農家開發出可食用餐具，推動綠色環保理念！', '小農改種中藥材，讓農業產值翻倍！', '2022-11-07 00:00:00', '2022-11-07 00:00:00'),
(215, 25, '215.jpg', '', '', '農業裡的科技軟實力，讓農產品走向世界！', '農夫開發無毒農藥，保護環境又有好收成！', '2022-08-30 00:00:00', '2022-08-30 00:00:00'),
(216, 29, '216.jpg', '', '', '農家開始使用無人機巡視農田，提高農業管理效率！', '農村旅遊風靡全國，農產品成為特色產品！', '2022-05-20 00:00:00', '2022-05-20 00:00:00'),
(217, 21, '217.jpg', '', '', '農家發明節能減排技術，讓農業生產更綠色、更可持續！', '農村女性大放異彩，擔任農業生產領頭羊！', '2022-04-18 00:00:00', '2022-04-18 00:00:00'),
(218, 6, '218.jpg', '', '', '這些蔬菜和水果有著驚人的醫療功效！', '在無農藥種植中，農民需要注重生態平衡和物種多樣性，達到生態循環和自然調節。', '2022-07-30 00:00:00', '2022-07-30 00:00:00'),
(219, 21, '219.jpg', '', '', '7個你一定不知道的水果小知識！', '無農藥種植可以減少農民的健康風險和職業病發生率，提高農民的生活品質和安全保障。', '2022-03-22 00:00:00', '2022-03-22 00:00:00'),
(220, 26, '222.jpg', '', '', '這些蔬菜煮成的美食，美味到讓你哭出來！', '在無農藥種植中，農民需要注重農業科技創新和知識管理，提高農業生產的效率和質量。', '2022-07-07 00:00:00', '2022-07-07 00:00:00'),
(221, 2, '221.jpg', '', '', '水果的秘密：你所不知道的關於水果的真相！', '無農藥種植可以減少農業生產的成本和能源消耗，降低農業生產對經濟和社會的負擔。', '2022-01-27 00:00:00', '2022-01-27 00:00:00'),
(222, 26, '222.jpg', '', '', '用蔬菜做的小吃，吃一口就會愛上！', '在無農藥種植中，農民需要注重農業產業鏈和價值鏈的整合和協調，提高農業產業的升級和轉型。', '2022-12-10 00:00:00', '2022-12-10 00:00:00'),
(223, 17, '223.jpg', '', '', '這些水果是天然的健康食品，卻有著神奇的功效！', '無農藥種植可以促進農業與環境的和諧發展，實現農業、經濟和社會的可持續發展。', '2022-08-18 00:00:00', '2022-08-18 00:00:00'),
(224, 27, '224.jpg', '', '', '蔬菜和水果可以讓你保持健康，你知道嗎？', '在無農藥種植中，農民需要注重農業與科學技術的結合和創新，實現農業生產的現代化和智能化。', '2022-12-28 00:00:00', '2022-12-28 00:00:00');

-- --------------------------------------------------------

--
-- 資料表結構 `community_liked`
--

CREATE TABLE `community_liked` (
  `sid` int(11) NOT NULL,
  `member_sid` int(11) NOT NULL,
  `community_sid` int(11) NOT NULL,
  `community_liked` tinyint(1) NOT NULL DEFAULT 0,
  `community_liked_created_at` timestamp NOT NULL DEFAULT current_timestamp() ON UPDATE current_timestamp()
) ENGINE=InnoDB DEFAULT CHARSET=utf8mb4 COLLATE=utf8mb4_general_ci;

--
-- 傾印資料表的資料 `community_liked`
--

INSERT INTO `community_liked` (`sid`, `member_sid`, `community_sid`, `community_liked`, `community_liked_created_at`) VALUES
(1, 88, 1, 1, '2023-03-21 03:43:24'),
(2, 22, 1, 1, '2023-03-21 03:44:07');

-- --------------------------------------------------------

--
-- 資料表結構 `community_message`
--

CREATE TABLE `community_message` (
  `sid` int(11) NOT NULL,
  `community_sid` int(11) NOT NULL,
  `member_sid` int(11) NOT NULL,
  `community_like` varchar(1) NOT NULL DEFAULT '0',
  `message` varchar(255) DEFAULT NULL,
  `message_created_at` datetime NOT NULL
) ENGINE=InnoDB DEFAULT CHARSET=utf8mb4 COLLATE=utf8mb4_general_ci;

--
-- 傾印資料表的資料 `community_message`
--

INSERT INTO `community_message` (`sid`, `community_sid`, `member_sid`, `community_like`, `message`, `message_created_at`) VALUES
(1, 222, 90, '0', '真的有這麼好吃嗎', '2023-01-20 00:00:00'),
(2, 222, 7, '1', '不要騙我亂花錢好嗎', '2022-10-29 00:00:00'),
(3, 222, 129, '0', '謝謝你的建議，我們會注意改進。', '2022-07-24 00:00:00'),
(4, 207, 106, '0', '我們非常重視你的意見。', '2023-01-16 00:00:00'),
(5, 224, 123, '1', '真的很感謝你的支持和鼓勵。', '2022-06-13 00:00:00'),
(6, 210, 116, '0', '我們會努力為大家帶來更好的產品。', '2022-06-17 00:00:00'),
(7, 211, 122, '1', '請隨時與我們聯繫，我們很樂意回答您的問題。', '2022-07-13 00:00:00'),
(8, 200, 94, '0', '我們非常重視客戶的意見和建議。', '2022-07-14 00:00:00'),
(9, 205, 36, '0', '非常感謝你對我們的關注和支持。', '2022-06-13 00:00:00'),
(10, 219, 155, '0', '我們會持續努力提升產品質量。', '2022-03-06 00:00:00'),
(11, 194, 8, '0', '謝謝你的留言，我們會儘快回覆。', '2022-12-19 00:00:00'),
(12, 222, 22, '1', '很高興與您分享這個消息。', '2022-12-02 00:00:00'),
(13, 220, 135, '1', '我們會持續提升產品的品質和性能。', '2022-12-22 00:00:00'),
(14, 190, 78, '1', '我們會儘快處理您的問題，並回覆您的郵件。', '2022-04-18 00:00:00'),
(15, 223, 123, '1', '非常感謝您對我們的關注和支持，我們會繼續努力。', '2022-02-20 00:00:00'),
(16, 213, 114, '1', '很遺憾，我們無法滿足您的要求。', '2022-11-18 00:00:00'),
(17, 209, 61, '0', '感謝您的建議，我們會考慮並儘快回覆您。', '2023-02-19 00:00:00'),
(18, 203, 12, '1', '我們非常感謝您的貢獻和支持，我們會繼續做得更好。', '2022-03-10 00:00:00'),
(19, 213, 68, '0', '感謝您的反饋，我們會注意改進。', '2022-04-06 00:00:00'),
(20, 222, 16, '1', '很抱歉，我們無法滿足您的需求。', '2022-08-01 00:00:00'),
(21, 196, 145, '1', '非常感謝您的支持和信任。', '2023-01-27 00:00:00'),
(22, 218, 134, '0', '很高興能為您提供良好的服務。', '2022-09-27 00:00:00'),
(23, 191, 125, '0', '儘管這個農產品品質一般，但價格非常實惠。', '2022-02-20 00:00:00'),
(24, 193, 138, '0', '這個農場使用了現代化的技術，但不夠環保。', '2022-03-16 00:00:00'),
(25, 222, 17, '0', '儘管這個農產品在市場上很受歡迎，但口感一般。', '2022-09-15 00:00:00'),
(26, 215, 96, '0', '這個農場的經營方式很有特色，但產量不穩定。', '2022-07-28 00:00:00'),
(27, 205, 56, '1', '儘管這個農產品沒有包裝，但品質很好。', '2023-01-14 00:00:00'),
(28, 196, 39, '0', '這個農場的農民非常勤勞，但品質不穩定。', '2022-04-11 00:00:00'),
(29, 199, 119, '0', '儘管這個農產品很便宜，但味道沒有其他產品好。', '2022-06-03 00:00:00'),
(30, 201, 44, '1', '這個農場採用了傳統的種植方法，但生產效率不高。', '2022-08-21 00:00:00'),
(31, 222, 105, '1', '儘管這個農產品甜度很高，但價格也很貴。', '2022-11-10 00:00:00'),
(32, 193, 79, '0', '這個農場的農產品在當地非常有名，但對環境的影響很大。', '2023-02-11 00:00:00'),
(33, 205, 132, '0', '儘管這個農產品品種很豐富，但保存期限很短。', '2022-05-22 00:00:00'),
(34, 205, 153, '0', '這個農場的農民使用有機肥料，但價格較高。', '2022-02-04 00:00:00'),
(35, 204, 124, '0', '儘管這個農產品有營養價值，但口感很差。', '2022-11-18 00:00:00'),
(36, 209, 124, '1', '這個農場的經營者非常認真負責，但供應量不足。', '2022-09-19 00:00:00'),
(37, 216, 102, '0', '儘管這個農產品產地在當地很出名，但品質差異很大。', '2022-08-15 00:00:00'),
(38, 206, 13, '0', '這個農場採用了高科技的生產方式，但產量仍然不高。', '2022-07-05 00:00:00'),
(39, 218, 3, '0', '儘管這個農產品有很多種類，但價格普遍較貴。', '2022-08-04 00:00:00'),
(40, 196, 74, '1', '這個農場種植的農產品很新鮮，但配送速度較慢。', '2022-11-24 00:00:00'),
(41, 196, 152, '0', '儘管這個農產品口感很好，但價格過高。', '2023-01-11 00:00:00'),
(42, 224, 1, '0', '這個農場的環境保護措施很好，但產品品質不穩定。', '2022-07-01 00:00:00'),
(43, 213, 114, '0', '儘管這個農產品很便宜，但生產過程可能存在安全隱患。', '2022-02-04 00:00:00'),
(44, 210, 125, '0', '這個農場使用了生物科技，但對人體健康可能有影響。', '2022-10-31 00:00:00'),
(45, 203, 145, '1', '儘管這個農產品口感一流，但產量非常有限。', '2023-02-15 00:00:00'),
(46, 206, 75, '1', '這個農場的農民很有經驗，但產品種類不夠多樣。', '2023-02-26 00:00:00'),
(47, 203, 86, '0', '儘管這個農產品很有名，但價格普遍偏高。', '2022-07-26 00:00:00'),
(48, 222, 37, '0', '雖然科技進步讓農業效率提高，但環保議題需考量。', '2022-09-27 00:00:00'),
(49, 210, 92, '1', '農業科技可以提高生產效率，但也會帶來新的問題。', '2023-01-19 00:00:00'),
(50, 198, 102, '1', '智慧農業可以更有效地管理作物，但還需要解決許多問題。', '2022-03-27 00:00:00'),
(51, 223, 149, '1', '過度使用化肥和農藥對土地和環境造成傷害。', '2022-12-11 00:00:00'),
(52, 196, 42, '1', '科技不是萬能的，農民仍需要學習適當的管理方法。', '2022-12-08 00:00:00'),
(53, 199, 45, '0', '未來的農業將是綜合性的，需要掌握多種技能。', '2023-02-02 00:00:00'),
(54, 190, 151, '0', '科技可以提高產量，但也會影響作物品質。', '2022-06-12 00:00:00'),
(55, 204, 1, '1', '農業科技讓生產更高效，但也需要人工進行檢測與管理。', '2023-02-24 00:00:00'),
(56, 197, 24, '1', '高科技設備需要耗費大量資金，需要考慮財務風險。', '2022-09-24 00:00:00'),
(57, 212, 41, '1', '過度使用農業科技可能對生態系統造成危害。', '2022-04-04 00:00:00'),
(58, 202, 2, '1', '農業科技的發展需要充分考慮環境和人的健康。', '2022-09-25 00:00:00'),
(59, 215, 120, '0', '農業科技的進步需要和農民的實際情況相結合。', '2023-02-14 00:00:00'),
(60, 199, 126, '1', '過度依賴農業科技可能會忽略傳統的經驗與知識。', '2022-07-15 00:00:00'),
(61, 220, 149, '0', '農業科技是未來的發展方向，但需注意技術更新速度。', '2022-03-14 00:00:00'),
(62, 221, 134, '0', '智慧農業可以提高產量和品質，但需要考慮耗能和成本。', '2022-02-16 00:00:00'),
(63, 198, 78, '1', '技術進步讓農業更高效，但代價是環境污染。', '2022-01-06 00:00:00'),
(64, 206, 42, '0', '智慧農業可以提高產量，但會造成人力減少。', '2022-03-22 00:00:00'),
(65, 207, 127, '0', '過度依賴農業科技，會影響土地的生產力。', '2022-08-30 00:00:00'),
(66, 193, 109, '1', '要平衡農業與科技，以免影響生態環境。', '2023-01-12 00:00:00'),
(67, 210, 101, '0', '科技可以減輕農民勞動負擔，但仍有生產成本。', '2022-03-24 00:00:00'),
(68, 206, 37, '0', '技術升級需要大量投資，有可能對農民造成負擔。', '2022-02-11 00:00:00'),
(69, 194, 150, '0', '未來的農業趨勢將是智能化，需要應對新技術。', '2023-02-22 00:00:00'),
(70, 193, 42, '1', '農業科技讓農作物更豐收，但卻無法解決食品浪費的問題。', '2022-06-30 00:00:00'),
(71, 201, 145, '1', '雖然農業科技能幫助農民預測天氣，但氣候變遷的影響仍無法預料。', '2023-02-28 00:00:00'),
(72, 205, 17, '1', '農業科技有助於減少農藥使用，但對於生態環境的影響仍需慎重考慮。', '2022-04-08 00:00:00'),
(73, 202, 58, '1', '農業科技讓農民能夠在家照顧家庭和農作物，但也讓農業變得更加孤立。', '2022-02-03 00:00:00'),
(74, 205, 127, '0', '農業科技有助於提高農民的生產能力，但也增加了對自然資源的消耗。', '2023-01-17 00:00:00'),
(75, 224, 50, '1', '雖然農業科技能夠改善農產品的品質，但也可能讓農民失去傳統知識和技能。', '2022-10-24 00:00:00'),
(76, 219, 11, '0', '農業科技能夠解決農作物的病蟲害問題，但也可能對生態系統造成危害。', '2022-06-16 00:00:00'),
(77, 220, 109, '1', '農業科技帶來的資訊革命可以讓農民更好地了解市場需求，但也增加了市場的不穩定性。', '2023-01-28 00:00:00'),
(78, 222, 134, '1', '雖然農業科技可以提高農民的收益，但也會增加農產品價格，讓消費者負擔不起。', '2022-01-04 00:00:00'),
(79, 194, 133, '0', '農業科技能夠讓農民擁有更多的選擇，但也可能讓農民失去自主權。', '2023-01-03 00:00:00'),
(80, 191, 145, '0', '雖然農業科技可以提高生產效率，但也會讓農民失去耐心和耐性。', '2022-02-15 00:00:00'),
(81, 220, 59, '1', '科技推動農業現代化，但人工智慧無法取代農民的智慧。', '2022-03-04 00:00:00'),
(82, 211, 118, '0', '農業科技讓農作物生長更健康，但也可能對環境造成負面影響。', '2022-03-27 00:00:00'),
(83, 197, 15, '1', '靠著科技，農民不用再辛苦勞作，但農業就變成了工業。', '2023-02-13 00:00:00'),
(84, 204, 2, '0', '科技的進步讓農業生產效率提高，但農民的收入卻未必跟著提升。', '2022-04-27 00:00:00'),
(85, 190, 57, '0', '農業科技的發展，能夠讓農民更有效地利用水資源。', '2022-05-04 00:00:00'),
(86, 194, 127, '0', '透過農業科技，可以增加農業生產的可持續性。', '2022-05-02 00:00:00'),
(87, 206, 120, '0', '利用農業科技，可以讓農民更輕鬆地進行病蟲害防治。', '2023-01-30 00:00:00'),
(88, 209, 19, '0', '農業科技的進步，能夠提高農產品的附加價值。', '2022-06-19 00:00:00'),
(89, 208, 81, '1', '新的農業科技，能夠讓農民更有效地利用土地。', '2022-02-05 00:00:00'),
(90, 194, 121, '1', '利用農業科技，可以提高農產品的貯存期限。', '2022-10-09 00:00:00'),
(91, 218, 103, '1', '透過農業科技，可以提高農產品的運輸效率。', '2023-02-22 00:00:00'),
(92, 199, 61, '0', '農業科技的創新，能夠讓農民更有效地進行田間管理。', '2022-11-30 00:00:00'),
(93, 198, 104, '1', '利用農業科技，可以讓農民更容易地進行作物種植與管理。', '2022-04-14 00:00:00'),
(94, 192, 14, '0', '利用農業科技，可以讓農民更容易地控制作物的生長狀況。', '2022-01-20 00:00:00'),
(95, 193, 8, '1', '透過農業科技，可以提高農產品的安全性。', '2022-11-20 00:00:00'),
(96, 204, 125, '0', '農業科技的進步，能夠減少農民在作物管理上的工作量。', '2023-01-25 00:00:00'),
(97, 224, 146, '0', '利用農業科技，可以讓農民更有效地管理土地與資源。', '2022-12-01 00:00:00'),
(98, 199, 135, '1', '農業科技的創新，能夠讓農產品更容易進入市場。', '2022-10-18 00:00:00'),
(99, 219, 15, '0', '新的農業科技，能夠讓農民在惡劣天氣下依然保持作物生產。', '2022-06-20 00:00:00'),
(100, 201, 92, '0', '利用農業科技，可以減少農業災害的發生率。', '2022-11-29 00:00:00'),
(101, 207, 34, '1', '農業科技的進步，能夠讓農民更有效率地種植作物。', '2022-02-05 00:00:00'),
(102, 216, 29, '0', '新的農業科技，能夠讓我們在未來糧食短缺時更加應對自如。', '2022-09-08 00:00:00'),
(103, 212, 68, '0', '透過農業科技，可以有效減少農藥的使用量，減少對環境的傷害。', '2022-07-11 00:00:00'),
(104, 206, 110, '0', '農業科技的發展，能夠改善農作物的品質與產量。', '2022-03-18 00:00:00'),
(105, 205, 63, '0', '在農田裡工作，能夠讓人更加了解農業文化與傳統。', '2022-11-02 00:00:00'),
(106, 223, 108, '0', '農業生活中的劳作，讓人感受到生活的意義與價值。', '2022-07-09 00:00:00'),
(107, 190, 24, '0', '在農村生活，能夠享受到純樸而美麗的自然風光。', '2022-08-16 00:00:00'),
(108, 222, 64, '0', '農業生活能夠讓人更加了解食物與健康之間的關係。', '2022-06-08 00:00:00'),
(109, 203, 143, '0', '在農田裡工作，能夠讓人更加珍惜自然環境的生態平衡。', '2022-02-07 00:00:00'),
(110, 212, 61, '0', '農業生活能夠讓人更加關注與支持本土農業產業。', '2022-09-19 00:00:00'),
(111, 222, 21, '1', '在農村生活，能夠享受到安靜而寧靜的生活氛圍。', '2022-09-24 00:00:00'),
(112, 203, 55, '1', '在農村生活，能夠享受到純淨而清新的空氣與環境。', '2022-01-03 00:00:00'),
(113, 204, 133, '0', '農業生活中的辛勤付出，讓人更加珍惜食物的價值與意義。', '2022-11-20 00:00:00'),
(114, 191, 63, '1', '在農村生活，能夠享受到簡單而快樂的家庭生活。', '2022-06-19 00:00:00'),
(115, 205, 27, '0', '農業生活能夠讓人更加注重生命的品質而非數量。', '2022-01-26 00:00:00'),
(116, 195, 107, '1', '在農村生活，能夠體驗到社區的凝聚力與溫暖。', '2022-06-19 00:00:00'),
(117, 215, 120, '1', '農業生活能夠讓人更加珍惜與尊重動植物的生命價值。', '2023-01-11 00:00:00'),
(118, 219, 11, '1', '在農村生活，能夠體驗到簡單而豐富的生活樣貌。', '2022-03-31 00:00:00'),
(119, 219, 136, '0', '農業生活能夠讓人更加尊重與珍惜食物來源。', '2022-12-06 00:00:00'),
(120, 190, 17, '0', '在農田裡工作，能夠讓人更加尊重與關注土地的重要性。', '2022-12-24 00:00:00'),
(121, 201, 86, '0', '農業生活中的季節變化，讓人感受到時間的流動與生命的變化。', '2022-04-18 00:00:00'),
(122, 219, 20, '1', '農業生活雖然辛苦，但也讓人擁有親近大自然的樂趣。', '2022-05-17 00:00:00'),
(123, 224, 111, '1', '在農田裡工作，能夠讓人感受到生命的循環與連結。', '2022-08-22 00:00:00'),
(124, 212, 101, '1', '農業生活可以讓人更加注重飲食的健康與品質。', '2022-03-01 00:00:00'),
(125, 200, 5, '0', '謝謝你的建議，我們會注意改進。', '2022-10-16 00:00:00'),
(126, 218, 86, '1', '我們非常重視你的意見。', '2022-10-27 00:00:00'),
(127, 224, 47, '1', '真的很感謝你的支持和鼓勵。', '2023-02-23 00:00:00'),
(128, 192, 64, '1', '我們會努力為大家帶來更好的產品。', '2022-07-20 00:00:00'),
(129, 198, 132, '1', '請隨時與我們聯繫，我們很樂意回答您的問題。', '2023-01-08 00:00:00'),
(130, 190, 7, '0', '我們非常重視客戶的意見和建議。', '2022-08-21 00:00:00'),
(131, 190, 153, '0', '非常感謝你對我們的關注和支持。', '2022-10-04 00:00:00'),
(132, 198, 111, '1', '我們會持續努力提升產品質量。', '2022-10-01 00:00:00'),
(133, 206, 105, '0', '謝謝你的留言，我們會儘快回覆。', '2022-07-23 00:00:00'),
(134, 206, 7, '1', '很高興與您分享這個消息。', '2022-02-19 00:00:00'),
(135, 212, 10, '1', '我們會持續提升產品的品質和性能。', '2022-10-16 00:00:00'),
(136, 210, 57, '0', '我們會儘快處理您的問題，並回覆您的郵件。', '2022-08-15 00:00:00'),
(137, 198, 31, '0', '非常感謝您對我們的關注和支持，我們會繼續努力。', '2022-02-10 00:00:00'),
(138, 215, 31, '1', '很遺憾，我們無法滿足您的要求。', '2023-02-26 00:00:00'),
(139, 207, 75, '0', '感謝您的建議，我們會考慮並儘快回覆您。', '2022-06-19 00:00:00'),
(140, 214, 9, '0', '我們非常感謝您的貢獻和支持，我們會繼續做得更好。', '2022-05-13 00:00:00'),
(141, 193, 41, '0', '感謝您的反饋，我們會注意改進。', '2022-02-21 00:00:00'),
(142, 207, 83, '1', '很抱歉，我們無法滿足您的需求。', '2022-07-16 00:00:00'),
(143, 203, 96, '1', '非常感謝您的支持和信任。', '2022-09-22 00:00:00'),
(144, 222, 146, '0', '很高興能為您提供良好的服務。', '2022-07-10 00:00:00'),
(145, 206, 133, '1', '儘管這個農產品品質一般，但價格非常實惠。', '2023-01-09 00:00:00'),
(146, 211, 152, '1', '這個農場使用了現代化的技術，但不夠環保。', '2022-12-31 00:00:00'),
(147, 221, 133, '1', '儘管這個農產品在市場上很受歡迎，但口感一般。', '2022-08-14 00:00:00'),
(148, 203, 36, '1', '這個農場的經營方式很有特色，但產量不穩定。', '2022-07-30 00:00:00'),
(149, 214, 29, '1', '儘管這個農產品沒有包裝，但品質很好。', '2022-07-29 00:00:00'),
(150, 209, 112, '1', '這個農場的農民非常勤勞，但品質不穩定。', '2022-11-03 00:00:00'),
(151, 218, 40, '0', '儘管這個農產品很便宜，但味道沒有其他產品好。', '2022-05-31 00:00:00'),
(152, 218, 151, '1', '這個農場採用了傳統的種植方法，但生產效率不高。', '2022-09-16 00:00:00'),
(153, 194, 129, '1', '儘管這個農產品甜度很高，但價格也很貴。', '2022-08-12 00:00:00'),
(154, 202, 38, '1', '這個農場的農產品在當地非常有名，但對環境的影響很大。', '2022-01-08 00:00:00'),
(155, 201, 98, '1', '儘管這個農產品品種很豐富，但保存期限很短。', '2022-11-21 00:00:00'),
(156, 216, 120, '0', '這個農場的農民使用有機肥料，但價格較高。', '2022-05-30 00:00:00'),
(157, 223, 69, '1', '儘管這個農產品有營養價值，但口感很差。', '2022-04-29 00:00:00'),
(158, 222, 64, '0', '這個農場的經營者非常認真負責，但供應量不足。', '2022-10-28 00:00:00'),
(159, 206, 2, '1', '儘管這個農產品產地在當地很出名，但品質差異很大。', '2022-03-30 00:00:00'),
(160, 203, 72, '0', '這個農場採用了高科技的生產方式，但產量仍然不高。', '2022-01-24 00:00:00'),
(161, 213, 153, '0', '儘管這個農產品有很多種類，但價格普遍較貴。', '2022-11-06 00:00:00'),
(162, 203, 70, '1', '這個農場種植的農產品很新鮮，但配送速度較慢。', '2022-11-11 00:00:00'),
(163, 216, 9, '1', '儘管這個農產品口感很好，但價格過高。', '2022-08-08 00:00:00'),
(164, 215, 119, '1', '這個農場的環境保護措施很好，但產品品質不穩定。', '2022-05-14 00:00:00'),
(165, 192, 115, '1', '儘管這個農產品很便宜，但生產過程可能存在安全隱患。', '2022-03-07 00:00:00'),
(166, 224, 62, '1', '這個農場使用了生物科技，但對人體健康可能有影響。', '2022-01-03 00:00:00'),
(167, 216, 75, '0', '儘管這個農產品口感一流，但產量非常有限。', '2022-02-11 00:00:00'),
(168, 224, 66, '1', '這個農場的農民很有經驗，但產品種類不夠多樣。', '2022-03-02 00:00:00'),
(169, 219, 28, '0', '儘管這個農產品很有名，但價格普遍偏高。', '2022-11-07 00:00:00'),
(170, 197, 24, '0', '雖然科技進步讓農業效率提高，但環保議題需考量。', '2022-07-30 00:00:00'),
(171, 214, 116, '1', '農業科技可以提高生產效率，但也會帶來新的問題。', '2023-01-18 00:00:00'),
(172, 217, 15, '1', '智慧農業可以更有效地管理作物，但還需要解決許多問題。', '2023-02-23 00:00:00'),
(173, 210, 118, '0', '過度使用化肥和農藥對土地和環境造成傷害。', '2023-01-11 00:00:00'),
(174, 195, 12, '1', '科技不是萬能的，農民仍需要學習適當的管理方法。', '2022-03-11 00:00:00'),
(175, 219, 96, '1', '未來的農業將是綜合性的，需要掌握多種技能。', '2022-08-30 00:00:00'),
(176, 221, 70, '0', '科技可以提高產量，但也會影響作物品質。', '2022-01-09 00:00:00'),
(177, 220, 8, '0', '農業科技讓生產更高效，但也需要人工進行檢測與管理。', '2022-11-07 00:00:00'),
(178, 209, 104, '1', '高科技設備需要耗費大量資金，需要考慮財務風險。', '2022-02-16 00:00:00'),
(179, 205, 52, '1', '過度使用農業科技可能對生態系統造成危害。', '2022-09-01 00:00:00'),
(180, 207, 103, '1', '農業科技的發展需要充分考慮環境和人的健康。', '2022-09-23 00:00:00'),
(181, 195, 72, '1', '農業科技的進步需要和農民的實際情況相結合。', '2022-04-18 00:00:00'),
(182, 218, 3, '0', '過度依賴農業科技可能會忽略傳統的經驗與知識。', '2022-06-15 00:00:00'),
(183, 217, 69, '0', '農業科技是未來的發展方向，但需注意技術更新速度。', '2022-08-11 00:00:00'),
(184, 191, 155, '1', '智慧農業可以提高產量和品質，但需要考慮耗能和成本。', '2022-08-02 00:00:00'),
(185, 222, 54, '0', '技術進步讓農業更高效，但代價是環境污染。', '2022-06-07 00:00:00'),
(186, 205, 131, '1', '智慧農業可以提高產量，但會造成人力減少。', '2022-08-02 00:00:00'),
(187, 221, 116, '1', '過度依賴農業科技，會影響土地的生產力。', '2022-05-17 00:00:00'),
(188, 190, 26, '0', '要平衡農業與科技，以免影響生態環境。', '2022-01-19 00:00:00'),
(189, 212, 4, '0', '科技可以減輕農民勞動負擔，但仍有生產成本。', '2022-10-10 00:00:00'),
(190, 213, 132, '1', '技術升級需要大量投資，有可能對農民造成負擔。', '2022-05-09 00:00:00'),
(191, 223, 89, '1', '未來的農業趨勢將是智能化，需要應對新技術。', '2022-10-14 00:00:00'),
(192, 199, 126, '1', '農業科技讓農作物更豐收，但卻無法解決食品浪費的問題。', '2022-12-19 00:00:00'),
(193, 219, 111, '1', '雖然農業科技能幫助農民預測天氣，但氣候變遷的影響仍無法預料。', '2022-11-24 00:00:00'),
(194, 202, 13, '1', '農業科技有助於減少農藥使用，但對於生態環境的影響仍需慎重考慮。', '2022-04-15 00:00:00'),
(195, 193, 29, '1', '農業科技讓農民能夠在家照顧家庭和農作物，但也讓農業變得更加孤立。', '2022-12-13 00:00:00'),
(196, 221, 81, '0', '農業科技有助於提高農民的生產能力，但也增加了對自然資源的消耗。', '2022-07-20 00:00:00'),
(197, 199, 24, '1', '雖然農業科技能夠改善農產品的品質，但也可能讓農民失去傳統知識和技能。', '2022-09-07 00:00:00'),
(198, 224, 30, '1', '農業科技能夠解決農作物的病蟲害問題，但也可能對生態系統造成危害。', '2022-04-01 00:00:00'),
(199, 208, 144, '1', '農業科技帶來的資訊革命可以讓農民更好地了解市場需求，但也增加了市場的不穩定性。', '2022-03-03 00:00:00'),
(200, 215, 40, '0', '雖然農業科技可以提高農民的收益，但也會增加農產品價格，讓消費者負擔不起。', '2022-03-26 00:00:00'),
(201, 201, 74, '1', '農業科技能夠讓農民擁有更多的選擇，但也可能讓農民失去自主權。', '2022-09-19 00:00:00'),
(202, 210, 7, '1', '雖然農業科技可以提高生產效率，但也會讓農民失去耐心和耐性。', '2022-11-28 00:00:00'),
(203, 204, 94, '1', '科技推動農業現代化，但人工智慧無法取代農民的智慧。', '2023-01-11 00:00:00'),
(204, 191, 19, '1', '農業科技讓農作物生長更健康，但也可能對環境造成負面影響。', '2022-10-26 00:00:00'),
(205, 216, 135, '1', '靠著科技，農民不用再辛苦勞作，但農業就變成了工業。', '2022-02-27 00:00:00'),
(206, 201, 42, '1', '科技的進步讓農業生產效率提高，但農民的收入卻未必跟著提升。', '2022-08-07 00:00:00'),
(207, 204, 105, '1', '農業科技的發展，能夠讓農民更有效地利用水資源。', '2022-08-05 00:00:00'),
(208, 222, 56, '0', '透過農業科技，可以增加農業生產的可持續性。', '2022-06-30 00:00:00'),
(209, 211, 92, '0', '利用農業科技，可以讓農民更輕鬆地進行病蟲害防治。', '2022-01-20 00:00:00'),
(210, 223, 113, '1', '農業科技的進步，能夠提高農產品的附加價值。', '2022-01-13 00:00:00'),
(211, 211, 76, '0', '新的農業科技，能夠讓農民更有效地利用土地。', '2022-08-08 00:00:00'),
(212, 190, 5, '0', '利用農業科技，可以提高農產品的貯存期限。', '2022-12-24 00:00:00'),
(213, 223, 29, '0', '透過農業科技，可以提高農產品的運輸效率。', '2022-11-07 00:00:00'),
(214, 215, 45, '0', '農業科技的創新，能夠讓農民更有效地進行田間管理。', '2022-08-30 00:00:00'),
(215, 203, 148, '1', '利用農業科技，可以讓農民更容易地進行作物種植與管理。', '2022-05-20 00:00:00'),
(216, 224, 121, '1', '利用農業科技，可以讓農民更容易地控制作物的生長狀況。', '2022-04-18 00:00:00'),
(217, 200, 55, '1', '透過農業科技，可以提高農產品的安全性。', '2022-07-30 00:00:00'),
(218, 217, 1, '1', '農業科技的進步，能夠減少農民在作物管理上的工作量。', '2022-03-22 00:00:00'),
(219, 215, 70, '1', '利用農業科技，可以讓農民更有效地管理土地與資源。', '2022-07-07 00:00:00'),
(220, 194, 18, '1', '農業科技的創新，能夠讓農產品更容易進入市場。', '2022-01-27 00:00:00'),
(221, 191, 72, '0', '新的農業科技，能夠讓農民在惡劣天氣下依然保持作物生產。', '2022-12-10 00:00:00'),
(222, 217, 70, '0', '利用農業科技，可以減少農業災害的發生率。', '2022-08-18 00:00:00'),
(223, 205, 2, '0', '農業科技的進步，能夠讓農民更有效率地種植作物。', '2022-12-28 00:00:00'),
(224, 216, 131, '1', '新的農業科技，能夠讓我們在未來糧食短缺時更加應對自如。', '2022-11-21 00:00:00'),
(225, 209, 5, '0', '透過農業科技，可以有效減少農藥的使用量，減少對環境的傷害。', '2022-05-30 00:00:00'),
(226, 198, 126, '0', '農業科技的發展，能夠改善農作物的品質與產量。', '2022-04-29 00:00:00'),
(227, 202, 99, '0', '在農田裡工作，能夠讓人更加了解農業文化與傳統。', '2022-10-28 00:00:00'),
(228, 210, 127, '1', '農業生活中的劳作，讓人感受到生活的意義與價值。', '2022-03-30 00:00:00'),
(229, 222, 66, '0', '在農村生活，能夠享受到純樸而美麗的自然風光。', '2022-01-24 00:00:00'),
(230, 223, 12, '0', '農業生活能夠讓人更加了解食物與健康之間的關係。', '2022-11-06 00:00:00'),
(231, 218, 126, '1', '在農田裡工作，能夠讓人更加珍惜自然環境的生態平衡。', '2022-11-11 00:00:00'),
(232, 190, 82, '0', '農業生活能夠讓人更加關注與支持本土農業產業。', '2022-08-08 00:00:00'),
(233, 205, 49, '1', '在農村生活，能夠享受到安靜而寧靜的生活氛圍。', '2022-05-14 00:00:00'),
(234, 215, 116, '0', '在農村生活，能夠享受到純淨而清新的空氣與環境。', '2022-03-07 00:00:00'),
(235, 218, 57, '0', '農業生活中的辛勤付出，讓人更加珍惜食物的價值與意義。', '2022-01-03 00:00:00'),
(236, 190, 93, '0', '在農村生活，能夠享受到簡單而快樂的家庭生活。', '2022-02-11 00:00:00'),
(237, 222, 19, '0', '農業生活能夠讓人更加注重生命的品質而非數量。', '2022-03-02 00:00:00'),
(238, 215, 92, '0', '在農村生活，能夠體驗到社區的凝聚力與溫暖。', '2022-11-07 00:00:00'),
(239, 191, 84, '1', '農業生活能夠讓人更加珍惜與尊重動植物的生命價值。', '2022-07-30 00:00:00'),
(240, 208, 16, '1', '在農村生活，能夠體驗到簡單而豐富的生活樣貌。', '2023-01-18 00:00:00'),
(241, 192, 2, '1', '農業生活能夠讓人更加尊重與珍惜食物來源。', '2023-02-23 00:00:00'),
(242, 207, 78, '1', '在農田裡工作，能夠讓人更加尊重與關注土地的重要性。', '2022-09-07 00:00:00'),
(243, 220, 140, '0', '農業生活中的季節變化，讓人感受到時間的流動與生命的變化。', '2022-04-01 00:00:00'),
(244, 205, 113, '1', '農業生活雖然辛苦，但也讓人擁有親近大自然的樂趣。', '2022-03-03 00:00:00'),
(245, 219, 41, '0', '在農田裡工作，能夠讓人感受到生命的循環與連結。', '2022-03-26 00:00:00'),
(246, 192, 56, '0', '農業生活可以讓人更加注重飲食的健康與品質。', '2022-09-19 00:00:00');

-- --------------------------------------------------------

--
-- 資料表結構 `community_message_replied`
--

CREATE TABLE `community_message_replied` (
  `sid` int(11) NOT NULL,
  `member_sid` int(11) NOT NULL,
  `community_ message` int(11) NOT NULL,
  `reply_content` varchar(255) NOT NULL,
  `reply_created_at` datetime NOT NULL
) ENGINE=InnoDB DEFAULT CHARSET=utf8mb4 COLLATE=utf8mb4_general_ci;

--
-- 傾印資料表的資料 `community_message_replied`
--

INSERT INTO `community_message_replied` (`sid`, `member_sid`, `community_ message`, `reply_content`, `reply_created_at`) VALUES
(1, 12, 2, '我相信你!! 太棒了', '2023-03-21 04:40:39'),
(2, 33, 2, '真的假的啊??', '2023-03-21 04:41:52');

-- --------------------------------------------------------

--
-- 資料表結構 `coupon`
--

CREATE TABLE `coupon` (
  `sid` int(2) NOT NULL,
  `coupon_name` varchar(7) DEFAULT NULL,
  `coupon_keywords` varchar(6) DEFAULT NULL,
  `coupon_category` int(1) DEFAULT NULL,
  `coupon_quota` int(3) DEFAULT NULL,
  `coupon_expiry` int(3) DEFAULT NULL,
  `coupon_status` int(1) DEFAULT NULL,
  `coupon_discription` varchar(59) DEFAULT NULL,
  `coupon_minimum` int(4) DEFAULT NULL,
  `coupon_img` varchar(19) DEFAULT NULL,
  `coupon_created_at` date DEFAULT NULL,
  `coupon_update_date` date DEFAULT NULL
) ENGINE=InnoDB DEFAULT CHARSET=utf8 COLLATE=utf8_general_ci;

--
-- 傾印資料表的資料 `coupon`
--

INSERT INTO `coupon` (`sid`, `coupon_name`, `coupon_keywords`, `coupon_category`, `coupon_quota`, `coupon_expiry`, `coupon_status`, `coupon_discription`, `coupon_minimum`, `coupon_img`, `coupon_created_at`, `coupon_update_date`) VALUES
(0, '沒有使用', NULL, 1, 0, NULL, NULL, NULL, NULL, NULL, NULL, NULL),
(1, '註冊禮', '加入快樂小農', 1, 300, 300, 2, '邁向田園生活的第一步，你的第一筆消費，由我們買單!消費$300元即可折抵$300元\n', 300, 'coupon-register.png', '2022-12-15', '2022-12-15'),
(2, '首購禮', '第一次上課', 1, 200, 300, 2, '感謝您開啟小農之路的第一步!首次購買課程贈送200元消費禮', 600, 'coupon-firstbuy.png', '2023-03-02', '2023-03-02'),
(3, '生日禮', '生日快樂!', 2, 88, 365, 2, '祝您生日快樂!贈送88折即享卷，祝您萬事如意~', 500, 'coupon-birth.png', '2023-03-02', '2023-03-02'),
(4, '春季優惠卷', '春', 2, 77, 30, 2, '迎接春天的到來，帶著滿滿的期望，77折採購春季蔬果', 200, 'coupon-product.png', '2022-12-15', '2022-12-15'),
(5, '夏季優惠卷', '夏', 2, 80, 30, 2, '夏季課程大特惠!購買3項商品即享8折優惠', 1000, 'coupon-product.png', '2022-12-15', '2022-12-15'),
(6, '春節大放送', '好想過年', 2, 66, 5, 2, '準備好過年假了嗎?先買一波儲備糧吧!\n1/10~1/15，年假特惠66折', 1000, 'coupon-product.png', '2022-12-15', '2022-12-15'),
(7, '萬聖大放送', '不給糖就搗蛋', 1, 200, 10, 1, '帶著全家一起來搗蛋!任購買1課程即享200元折抵優惠', 1000, 'coupon-lesson.png', '2022-12-15', '2022-12-15'),
(8, '蘋果季', '蘋果', 2, 85, 30, 2, '購買新鮮蘋果，即享85折超值優惠', 100, 'coupon-product.png', '2022-12-14', '2022-12-14'),
(9, '草莓果醬FUN', '我想做果醬', 1, 150, 10, 1, '季節限定程!草莓果醬工坊，限時優惠150元折扣', 500, 'coupon-lesson.png', '2022-12-15', '2022-12-15'),
(10, '哈密瓜季', '要不要吃哈', 2, 90, 30, 1, '哈密瓜季!快來揪室友一起吃哈密瓜', 300, 'coupon-product.png', '2023-03-02', '2023-03-02'),
(12, '兔飽飽劵', '飽飽', 2, 80, 30, 2, '恭喜你完成兔飽飽挑戰!贈送一張商品8折大好禮', 100, 'coupon-product.png', NULL, NULL);

-- --------------------------------------------------------

--
-- 資料表結構 `coupon_category`
--

CREATE TABLE `coupon_category` (
  `sid` int(11) NOT NULL,
  `coupon_category` varchar(30) NOT NULL
) ENGINE=InnoDB DEFAULT CHARSET=utf8 COLLATE=utf8_general_ci;

--
-- 傾印資料表的資料 `coupon_category`
--

INSERT INTO `coupon_category` (`sid`, `coupon_category`) VALUES
(1, 'NTD'),
(2, '%');

-- --------------------------------------------------------

--
-- 資料表結構 `coupon_details`
--

CREATE TABLE `coupon_details` (
  `sid` int(11) NOT NULL,
  `member_sid` int(255) NOT NULL,
  `coupon_sid` int(255) NOT NULL,
  `coupon_sdate` date NOT NULL,
  `coupon_edate` date NOT NULL,
  `coupon_used` int(255) NOT NULL
) ENGINE=InnoDB DEFAULT CHARSET=utf8 COLLATE=utf8_general_ci;

--
-- 傾印資料表的資料 `coupon_details`
--

INSERT INTO `coupon_details` (`sid`, `member_sid`, `coupon_sid`, `coupon_sdate`, `coupon_edate`, `coupon_used`) VALUES
(1, 59, 8, '2002-01-11', '2002-01-11', 2),
(2, 3, 2, '2005-04-14', '2005-04-14', 2),
(3, 51, 3, '2001-01-01', '2001-01-01', 1),
(4, 53, 9, '2021-09-09', '2021-09-09', 2),
(5, 73, 9, '1994-12-20', '1994-12-20', 1),
(6, 40, 1, '1992-08-17', '1992-08-17', 1),
(7, 58, 2, '2018-04-14', '2018-04-14', 1),
(8, 80, 7, '1991-04-07', '1991-04-07', 1),
(9, 18, 3, '1989-01-13', '1989-01-13', 1),
(10, 34, 8, '2013-11-04', '2013-11-04', 1),
(11, 49, 9, '2019-12-20', '2019-12-20', 2),
(12, 77, 2, '2013-10-06', '2013-10-06', 1),
(13, 64, 7, '1987-09-01', '1987-09-01', 2),
(14, 40, 4, '2008-03-31', '2008-03-31', 1),
(15, 59, 10, '2021-08-20', '2021-08-20', 2),
(16, 54, 7, '2019-06-22', '2019-06-22', 2),
(17, 94, 2, '2002-08-03', '2002-08-03', 2),
(18, 71, 6, '2010-05-08', '2010-05-08', 1),
(19, 90, 8, '2021-04-25', '2021-04-25', 2),
(20, 33, 4, '1992-09-01', '1992-09-01', 1),
(21, 50, 3, '2000-12-13', '2000-12-13', 1),
(22, 65, 8, '2002-03-04', '2002-03-04', 2),
(23, 85, 8, '1992-10-08', '1992-10-08', 2),
(24, 54, 8, '1988-06-04', '1988-06-04', 1),
(25, 85, 6, '2012-11-30', '2012-11-30', 2),
(26, 12, 3, '2016-07-30', '2016-07-30', 1),
(27, 59, 6, '1999-11-24', '1999-11-24', 2),
(28, 67, 3, '2011-07-08', '2011-07-08', 1),
(29, 60, 1, '1994-09-06', '1994-09-06', 2),
(30, 32, 8, '2014-11-23', '2014-11-23', 1),
(31, 18, 10, '2007-12-07', '2007-12-07', 2),
(32, 5, 7, '2015-03-06', '2015-03-06', 1),
(33, 67, 10, '2006-02-13', '2006-02-13', 2),
(34, 100, 5, '1993-05-14', '1993-05-14', 1),
(35, 19, 7, '2019-07-25', '2019-07-25', 2),
(36, 65, 7, '1995-07-08', '1995-07-08', 2),
(37, 51, 10, '2008-10-19', '2008-10-19', 1),
(38, 55, 8, '2021-12-24', '2021-12-24', 1),
(39, 1, 7, '1997-03-10', '1997-03-10', 2),
(40, 82, 10, '1996-02-18', '1996-02-18', 1),
(41, 41, 7, '2018-12-05', '2018-12-05', 1),
(42, 8, 3, '2005-03-07', '2005-03-07', 1),
(43, 76, 1, '2017-11-23', '2017-11-23', 2),
(44, 18, 10, '2001-07-24', '2001-07-24', 1),
(45, 51, 3, '2010-09-28', '2010-09-28', 1),
(46, 29, 9, '2007-05-17', '2007-05-17', 1),
(47, 74, 1, '1992-09-26', '1992-09-26', 2),
(48, 19, 2, '2015-07-03', '2015-07-03', 2),
(49, 2, 5, '2002-08-27', '2002-08-27', 1),
(50, 34, 7, '1989-04-24', '1989-04-24', 1),
(51, 27, 2, '1986-04-23', '1986-04-23', 1),
(52, 72, 8, '1991-08-02', '1991-08-02', 1),
(53, 86, 6, '2005-03-26', '2005-03-26', 2),
(54, 60, 5, '1985-04-05', '1985-04-05', 2),
(55, 23, 5, '2000-11-17', '2000-11-17', 1),
(56, 62, 2, '1999-11-21', '1999-11-21', 1),
(57, 29, 6, '1994-09-08', '1994-09-08', 2),
(58, 97, 5, '2002-09-22', '2002-09-22', 2),
(59, 79, 2, '1998-03-21', '1998-03-21', 2),
(60, 90, 6, '2007-05-05', '2007-05-05', 2),
(61, 8, 5, '2014-10-03', '2014-10-03', 2),
(62, 38, 8, '1989-01-05', '1989-01-05', 1),
(63, 90, 7, '1999-03-02', '1999-03-02', 2),
(64, 4, 8, '1991-06-04', '1991-06-04', 2),
(65, 81, 10, '2008-05-31', '2008-05-31', 2),
(66, 50, 3, '1999-02-11', '1999-02-11', 2),
(67, 27, 6, '1998-11-22', '1998-11-22', 2),
(68, 35, 5, '1997-08-15', '1997-08-15', 2),
(69, 100, 4, '1985-01-09', '1985-01-09', 1),
(70, 67, 7, '2020-04-22', '2020-04-22', 1),
(71, 59, 10, '1992-12-30', '1992-12-30', 1),
(72, 3, 10, '2018-07-07', '2018-07-07', 2),
(73, 29, 9, '2014-04-15', '2014-04-15', 2),
(74, 26, 6, '2019-05-11', '2019-05-11', 1),
(75, 82, 6, '2005-05-04', '2005-05-04', 2),
(76, 25, 4, '1993-04-18', '1993-04-18', 2),
(77, 89, 7, '2020-11-21', '2020-11-21', 2),
(78, 73, 9, '1987-02-11', '1987-02-11', 2),
(79, 69, 6, '2004-08-18', '2004-08-18', 1),
(80, 33, 9, '1986-03-05', '1986-03-05', 2),
(81, 96, 3, '2016-06-08', '2016-06-08', 1),
(82, 17, 2, '2011-12-04', '2011-12-04', 2),
(83, 5, 1, '1997-09-06', '1997-09-06', 2),
(84, 40, 10, '2014-09-09', '2014-09-09', 2),
(85, 90, 1, '1999-08-09', '1999-08-09', 1),
(86, 43, 6, '2021-08-07', '2021-08-07', 2),
(87, 68, 1, '1998-07-14', '1998-07-14', 1),
(88, 87, 3, '1990-04-19', '1990-04-19', 2),
(89, 74, 5, '1999-04-11', '1999-04-11', 2),
(90, 84, 7, '1985-03-07', '1985-03-07', 1),
(91, 75, 6, '2014-12-05', '2014-12-05', 1),
(92, 53, 6, '1985-07-24', '1985-07-24', 2),
(93, 5, 10, '1985-09-05', '1985-09-05', 2),
(94, 33, 8, '2000-06-26', '2000-06-26', 2),
(95, 16, 8, '1987-02-12', '1987-02-12', 1),
(96, 49, 4, '2022-07-15', '2022-07-15', 1),
(97, 87, 1, '1991-04-17', '1991-04-17', 1),
(98, 42, 10, '1997-03-16', '1997-03-16', 2),
(99, 14, 1, '2022-07-14', '2022-07-14', 1),
(100, 73, 5, '2021-03-24', '2021-03-24', 1),
(101, 54, 4, '2017-10-27', '2017-10-27', 1),
(102, 15, 5, '2009-03-23', '2009-03-23', 2),
(103, 32, 9, '2021-12-26', '2021-12-26', 1),
(104, 10, 8, '2014-11-15', '2014-11-15', 2),
(105, 87, 10, '1985-01-16', '1985-01-16', 2),
(106, 34, 7, '1989-04-23', '1989-04-23', 2),
(107, 100, 6, '2004-08-05', '2004-08-05', 2),
(108, 33, 10, '2022-03-03', '2022-03-03', 1),
(109, 74, 9, '1989-06-08', '1989-06-08', 2),
(110, 73, 2, '1999-11-18', '1999-11-18', 2),
(111, 38, 5, '2001-06-08', '2001-06-08', 1),
(112, 59, 2, '1987-10-01', '1987-10-01', 2),
(113, 63, 8, '1986-02-03', '1986-02-03', 2),
(114, 81, 2, '2022-12-04', '2022-12-04', 2),
(115, 10, 2, '2015-10-16', '2015-10-16', 1),
(116, 17, 8, '2020-04-09', '2020-04-09', 1),
(117, 50, 5, '2003-01-21', '2003-01-21', 2),
(118, 66, 7, '2012-08-06', '2012-08-06', 2),
(119, 64, 7, '1991-07-19', '1991-07-19', 1),
(120, 41, 7, '2013-06-12', '2013-06-12', 1),
(121, 45, 2, '2011-01-28', '2011-01-28', 1),
(122, 33, 7, '2021-10-25', '2021-10-25', 2),
(123, 84, 2, '2006-07-12', '2006-07-12', 1),
(124, 82, 4, '1987-11-06', '1987-11-06', 1),
(125, 99, 1, '1989-01-05', '1989-01-05', 1),
(126, 96, 3, '1985-05-07', '1985-05-07', 1),
(127, 75, 6, '2011-07-07', '2011-07-07', 2),
(128, 94, 7, '2017-02-11', '2017-02-11', 1),
(129, 23, 5, '1993-06-01', '1993-06-01', 2),
(130, 53, 8, '1987-12-14', '1987-12-14', 2),
(131, 18, 4, '1989-01-21', '1989-01-21', 1),
(132, 78, 4, '1985-12-24', '1985-12-24', 2),
(133, 80, 2, '1991-09-19', '1991-09-19', 1),
(134, 11, 8, '1999-04-16', '1999-04-16', 1),
(135, 50, 1, '2021-01-31', '2021-01-31', 2),
(136, 59, 9, '2011-07-13', '2011-07-13', 1),
(137, 10, 5, '1995-04-29', '1995-04-29', 2),
(138, 43, 2, '2007-09-16', '2007-09-16', 1),
(139, 99, 6, '2017-05-31', '2017-05-31', 1),
(140, 7, 7, '2001-11-07', '2001-11-07', 1),
(141, 56, 1, '2004-09-14', '2004-09-14', 1),
(142, 74, 7, '2008-08-06', '2008-08-06', 1),
(143, 20, 3, '2016-10-03', '2016-10-03', 2),
(144, 67, 8, '2011-10-01', '2011-10-01', 1),
(145, 41, 8, '1991-05-15', '1991-05-15', 1),
(146, 23, 9, '1993-12-02', '1993-12-02', 1),
(147, 47, 7, '1985-03-10', '1985-03-10', 2),
(148, 58, 2, '2006-05-16', '2006-05-16', 2),
(149, 90, 5, '2018-04-09', '2018-04-09', 1),
(150, 14, 3, '2015-08-24', '2015-08-24', 1),
(151, 29, 4, '1988-08-24', '1988-08-24', 2),
(152, 30, 1, '2021-04-09', '2021-04-09', 2),
(153, 33, 5, '2014-10-14', '2014-10-14', 2),
(154, 9, 6, '2016-09-17', '2016-09-17', 2),
(155, 26, 2, '2005-11-13', '2005-11-13', 1),
(156, 23, 10, '2015-05-18', '2015-05-18', 1),
(157, 51, 9, '2006-03-21', '2006-03-21', 2),
(158, 1, 7, '2013-01-20', '2013-01-20', 1),
(159, 61, 2, '2021-05-18', '2021-05-18', 2),
(160, 96, 3, '1985-08-18', '1985-08-18', 2),
(161, 61, 6, '1997-01-20', '1997-01-20', 1),
(162, 40, 8, '1990-08-28', '1990-08-28', 1),
(163, 71, 3, '2010-02-28', '2010-02-28', 2),
(164, 28, 8, '2019-04-20', '2019-04-20', 1),
(165, 25, 1, '1994-05-15', '1994-05-15', 2),
(166, 11, 8, '2014-11-08', '2014-11-08', 2),
(167, 6, 1, '1991-07-17', '1991-07-17', 1),
(168, 95, 10, '2009-12-09', '2009-12-09', 2),
(169, 75, 6, '2008-07-12', '2008-07-12', 2),
(170, 100, 5, '2017-06-13', '2017-06-13', 2),
(171, 95, 6, '2014-07-27', '2014-07-27', 2),
(172, 82, 7, '2001-01-23', '2001-01-23', 1),
(173, 15, 7, '1998-10-02', '1998-10-02', 1),
(174, 90, 9, '2018-06-22', '2018-06-22', 1),
(175, 16, 5, '1997-06-08', '1997-06-08', 2),
(176, 64, 2, '2018-02-20', '2018-02-20', 1),
(177, 69, 9, '2001-06-01', '2001-06-01', 2),
(178, 21, 5, '2013-09-24', '2013-09-24', 2),
(179, 1, 6, '2017-02-25', '2017-02-25', 1),
(180, 23, 7, '2017-05-17', '2017-05-17', 1),
(181, 80, 5, '2014-05-18', '2014-05-18', 2),
(182, 56, 6, '2008-08-28', '2008-08-28', 1),
(183, 30, 3, '2014-07-15', '2014-07-15', 1),
(184, 88, 2, '2020-03-13', '2020-03-13', 2),
(185, 86, 3, '2012-08-21', '2012-08-21', 2),
(186, 3, 2, '2002-05-15', '2002-05-15', 2),
(187, 27, 5, '2015-01-22', '2015-01-22', 2),
(188, 2, 7, '2006-09-16', '2006-09-16', 2),
(189, 64, 4, '1997-06-08', '1997-06-08', 2),
(190, 6, 4, '2016-11-09', '2016-11-09', 1),
(191, 83, 5, '2020-03-24', '2020-03-24', 1),
(192, 75, 9, '2021-08-21', '2021-08-21', 1),
(193, 26, 5, '1996-05-28', '1996-05-28', 1),
(194, 65, 7, '2014-03-24', '2014-03-24', 2),
(195, 53, 2, '2019-04-29', '2019-04-29', 2),
(196, 7, 7, '2021-01-16', '2021-01-16', 2),
(197, 25, 6, '2006-10-19', '2006-10-19', 2),
(198, 21, 2, '2000-11-16', '2000-11-16', 2),
(199, 54, 2, '1997-11-13', '1997-11-13', 2),
(200, 66, 3, '1986-12-21', '1986-12-21', 1),
(201, 39, 1, '2019-07-07', '2019-07-07', 1),
(202, 96, 5, '2009-04-22', '2009-04-22', 2),
(203, 12, 6, '2010-08-25', '2010-08-25', 2),
(204, 75, 1, '2006-02-13', '2006-02-13', 2),
(205, 6, 9, '2005-05-25', '2005-05-25', 1),
(206, 71, 1, '1989-01-27', '1989-01-27', 1),
(207, 75, 5, '1994-02-09', '1994-02-09', 1),
(208, 47, 6, '2016-09-05', '2016-09-05', 2),
(209, 67, 10, '2021-07-31', '2021-07-31', 1),
(210, 25, 2, '1992-05-14', '1992-05-14', 1),
(211, 88, 7, '2007-06-19', '2007-06-19', 2),
(212, 53, 8, '1986-08-12', '1986-08-12', 1),
(213, 4, 5, '2001-10-02', '2001-10-02', 2),
(214, 2, 5, '1995-04-10', '1995-04-10', 1),
(215, 56, 5, '1988-08-11', '1988-08-11', 1),
(216, 33, 2, '2010-03-30', '2010-03-30', 1),
(217, 3, 8, '1996-01-09', '1996-01-09', 2),
(218, 5, 5, '2017-05-17', '2017-05-17', 1),
(219, 48, 10, '2009-06-07', '2009-06-07', 1),
(220, 91, 2, '1985-04-25', '1985-04-25', 1),
(221, 61, 5, '2012-04-23', '2012-04-23', 2),
(222, 62, 2, '2004-09-01', '2004-09-01', 2),
(223, 42, 2, '2017-04-01', '2017-04-01', 2),
(224, 64, 10, '1992-03-11', '1992-03-11', 1),
(225, 52, 4, '2001-05-29', '2001-05-29', 1),
(226, 5, 5, '1986-09-02', '1986-09-02', 1),
(227, 99, 3, '2014-02-28', '2014-02-28', 1),
(228, 42, 10, '2019-05-15', '2019-05-15', 2),
(229, 26, 5, '1997-03-28', '1997-03-28', 2),
(230, 22, 8, '1998-01-28', '1998-01-28', 2),
(231, 72, 4, '2003-05-31', '2003-05-31', 1),
(232, 7, 8, '2011-11-25', '2011-11-25', 1),
(233, 52, 6, '2011-07-26', '2011-07-26', 2),
(234, 21, 5, '1994-01-25', '1994-01-25', 1),
(235, 83, 4, '2020-08-18', '2020-08-18', 1),
(236, 39, 2, '2016-05-10', '2016-05-10', 1),
(237, 58, 8, '2015-02-13', '2015-02-13', 2),
(238, 30, 5, '2002-02-23', '2002-02-23', 2),
(239, 51, 8, '2011-02-05', '2011-02-05', 2),
(240, 87, 3, '2000-11-25', '2000-11-25', 1),
(241, 69, 2, '1986-03-18', '1986-03-18', 2),
(242, 42, 8, '2008-10-18', '2008-10-18', 1),
(243, 73, 3, '2001-06-01', '2001-06-01', 1),
(244, 17, 3, '1992-03-08', '1992-03-08', 2),
(245, 81, 6, '2022-02-16', '2022-02-16', 1),
(246, 31, 1, '2013-08-20', '2013-08-20', 2),
(247, 52, 4, '1986-06-03', '1986-06-03', 2),
(248, 37, 1, '1992-04-01', '1992-04-01', 1),
(249, 4, 1, '2014-01-11', '2014-01-11', 2),
(250, 61, 5, '2010-12-11', '2010-12-11', 2),
(251, 51, 1, '2019-10-21', '2019-10-21', 2),
(252, 19, 5, '1990-09-24', '1990-09-24', 2),
(253, 69, 1, '1987-02-01', '1987-02-01', 1),
(254, 68, 6, '2011-11-25', '2011-11-25', 1),
(255, 93, 6, '2022-11-05', '2022-11-05', 1),
(256, 78, 3, '2006-06-18', '2006-06-18', 1),
(257, 14, 4, '1987-12-05', '1987-12-05', 2),
(258, 89, 4, '1995-08-18', '1995-08-18', 1),
(259, 74, 6, '2001-05-03', '2001-05-03', 1),
(260, 34, 8, '2004-07-03', '2004-07-03', 1),
(261, 91, 4, '2010-10-15', '2010-10-15', 1),
(262, 5, 3, '2016-03-11', '2016-03-11', 1),
(263, 90, 6, '2019-10-13', '2019-10-13', 2),
(264, 51, 7, '2006-05-16', '2006-05-16', 1),
(265, 78, 5, '1992-11-17', '1992-11-17', 1),
(266, 10, 1, '1994-06-29', '1994-06-29', 1),
(267, 86, 1, '2021-08-28', '2021-08-28', 2),
(268, 77, 8, '1992-06-07', '1992-06-07', 1),
(269, 33, 7, '1998-05-31', '1998-05-31', 2),
(270, 19, 1, '1996-05-27', '1996-05-27', 1),
(271, 3, 7, '1985-01-06', '1985-01-06', 1),
(272, 35, 9, '2000-04-24', '2000-04-24', 2),
(273, 80, 1, '1999-08-09', '1999-08-09', 1),
(274, 63, 6, '1993-07-26', '1993-07-26', 2),
(275, 100, 6, '1990-11-18', '1990-11-18', 2),
(276, 85, 5, '2019-03-04', '2019-03-04', 1),
(277, 35, 1, '1993-07-20', '1993-07-20', 2),
(278, 90, 4, '2005-10-19', '2005-10-19', 1),
(279, 12, 6, '2014-09-24', '2014-09-24', 1),
(280, 17, 2, '2021-02-10', '2021-02-10', 1),
(281, 42, 8, '2006-10-20', '2006-10-20', 2),
(282, 45, 8, '2000-06-06', '2000-06-06', 1),
(283, 28, 2, '1991-07-13', '1991-07-13', 2),
(284, 71, 10, '1985-06-19', '1985-06-19', 1),
(285, 58, 8, '2014-02-05', '2014-02-05', 1),
(286, 88, 8, '2003-01-03', '2003-01-03', 1),
(287, 23, 6, '1985-11-27', '1985-11-27', 2),
(288, 7, 7, '2020-06-28', '2020-06-28', 1),
(289, 80, 9, '1987-12-08', '1987-12-08', 1),
(290, 51, 3, '1998-02-22', '1998-02-22', 2),
(291, 68, 2, '2022-10-23', '2022-10-23', 1),
(292, 54, 4, '2009-11-24', '2009-11-24', 1),
(293, 57, 5, '1987-05-26', '1987-05-26', 2),
(294, 1, 6, '1998-03-03', '1998-03-03', 1),
(295, 74, 7, '1998-12-14', '1998-12-14', 1),
(296, 60, 4, '2015-04-15', '2015-04-15', 1),
(297, 79, 8, '1994-05-01', '1994-05-01', 2),
(298, 22, 9, '1999-02-24', '1999-02-24', 1),
(299, 91, 5, '2002-07-22', '2002-07-22', 2),
(300, 13, 5, '2020-05-01', '2020-05-01', 1),
(301, 15, 7, '2012-10-19', '2012-10-19', 1),
(302, 28, 9, '1986-12-30', '1986-12-30', 2),
(303, 4, 6, '2016-10-24', '2016-10-24', 2),
(304, 78, 10, '1986-10-11', '1986-10-11', 1),
(305, 95, 4, '2003-12-21', '2003-12-21', 1),
(306, 54, 9, '2000-12-07', '2000-12-07', 2),
(307, 73, 7, '2007-09-14', '2007-09-14', 2),
(308, 85, 5, '2018-08-16', '2018-08-16', 1),
(309, 25, 8, '1994-01-26', '1994-01-26', 1),
(310, 97, 1, '2010-04-03', '2010-04-03', 1),
(311, 97, 10, '1996-02-13', '1996-02-13', 1),
(312, 63, 2, '1995-12-31', '1995-12-31', 1),
(313, 5, 10, '1992-02-09', '1992-02-09', 2),
(314, 32, 1, '1985-07-12', '1985-07-12', 2),
(315, 71, 2, '2010-09-12', '2010-09-12', 1),
(316, 47, 6, '2001-05-24', '2001-05-24', 2),
(317, 39, 8, '2009-10-20', '2009-10-20', 1),
(318, 27, 1, '2011-10-11', '2011-10-11', 1),
(319, 20, 5, '1986-10-27', '1986-10-27', 2),
(320, 65, 4, '2004-07-20', '2004-07-20', 1),
(321, 30, 6, '1989-06-21', '1989-06-21', 2),
(322, 45, 6, '2017-05-04', '2017-05-04', 2),
(323, 14, 1, '1993-03-06', '1993-03-06', 2),
(324, 53, 6, '1995-05-29', '1995-05-29', 2),
(325, 41, 2, '1994-11-29', '1994-11-29', 1),
(326, 63, 10, '2021-03-27', '2021-03-27', 2),
(327, 55, 9, '1995-07-27', '1995-07-27', 1),
(328, 66, 5, '2014-05-02', '2014-05-02', 2),
(329, 100, 3, '1995-11-19', '1995-11-19', 1),
(330, 34, 2, '2021-06-02', '2021-06-02', 2),
(331, 58, 8, '1989-08-18', '1989-08-18', 2),
(332, 52, 5, '2002-01-16', '2002-01-16', 2),
(333, 64, 9, '2013-05-08', '2013-05-08', 1),
(334, 47, 2, '1993-07-01', '1993-07-01', 2),
(335, 9, 9, '2002-11-06', '2002-11-06', 2),
(336, 63, 9, '1997-11-07', '1997-11-07', 2),
(337, 70, 1, '2011-08-15', '2011-08-15', 2),
(338, 52, 9, '2004-01-12', '2004-01-12', 1),
(339, 82, 2, '2005-10-27', '2005-10-27', 1),
(340, 1, 3, '2022-05-08', '2022-05-08', 1),
(341, 22, 7, '2002-01-24', '2002-01-24', 1),
(342, 48, 1, '2013-04-12', '2013-04-12', 1),
(343, 93, 1, '2010-12-18', '2010-12-18', 1),
(344, 35, 7, '1990-11-29', '1990-11-29', 1),
(345, 31, 6, '1990-07-15', '1990-07-15', 1),
(346, 94, 2, '2006-04-27', '2006-04-27', 1),
(347, 45, 3, '1993-10-29', '1993-10-29', 1),
(348, 1, 1, '1985-11-30', '1985-11-30', 1),
(349, 16, 3, '2015-01-19', '2015-01-19', 2),
(350, 85, 5, '1988-01-05', '1988-01-05', 2),
(351, 5, 9, '2009-01-30', '2009-01-30', 1),
(352, 46, 9, '1988-08-30', '1988-08-30', 2),
(353, 33, 5, '2016-05-28', '2016-05-28', 1),
(354, 53, 5, '2019-03-03', '2019-03-03', 1),
(355, 4, 10, '2010-03-09', '2010-03-09', 2),
(356, 80, 8, '1992-05-21', '1992-05-21', 1),
(357, 56, 7, '2010-06-23', '2010-06-23', 2),
(358, 89, 9, '2011-11-10', '2011-11-10', 2),
(359, 83, 4, '2007-04-03', '2007-04-03', 1),
(360, 6, 7, '2014-12-15', '2014-12-15', 1),
(361, 24, 1, '1998-12-29', '1998-12-29', 1),
(362, 4, 9, '2022-03-24', '2022-03-24', 2),
(363, 34, 4, '1985-08-25', '1985-08-25', 2),
(364, 74, 9, '1988-08-15', '1988-08-15', 2),
(365, 6, 7, '2006-05-05', '2006-05-05', 2),
(366, 30, 4, '2015-09-13', '2015-09-13', 1),
(367, 39, 1, '1997-09-06', '1997-09-06', 2),
(368, 93, 8, '1988-01-14', '1988-01-14', 2),
(369, 98, 10, '2015-10-30', '2015-10-30', 2),
(370, 94, 3, '2012-11-25', '2012-11-25', 1),
(371, 2, 3, '1985-01-14', '1985-01-14', 1),
(372, 78, 3, '2019-07-27', '2019-07-27', 1),
(373, 48, 7, '2006-12-30', '2006-12-30', 1),
(374, 53, 3, '2016-05-30', '2016-05-30', 1),
(375, 92, 3, '2021-09-11', '2021-09-11', 1),
(376, 12, 4, '2022-03-21', '2022-03-21', 1),
(377, 7, 7, '2004-09-08', '2004-09-08', 2),
(378, 21, 2, '2003-02-19', '2003-02-19', 2),
(379, 33, 5, '2016-08-05', '2016-08-05', 1),
(380, 88, 1, '1988-01-01', '1988-01-01', 1),
(381, 33, 1, '2008-08-30', '2008-08-30', 2),
(382, 94, 1, '2019-10-04', '2019-10-04', 1),
(383, 34, 1, '1989-01-02', '1989-01-02', 2),
(384, 19, 10, '1992-06-11', '1992-06-11', 2),
(385, 56, 1, '2006-07-09', '2006-07-09', 2),
(386, 7, 4, '1999-07-28', '1999-07-28', 1),
(387, 2, 2, '2005-05-19', '2005-05-19', 1),
(388, 27, 7, '2006-09-29', '2006-09-29', 1),
(389, 60, 6, '2005-12-03', '2005-12-03', 2),
(390, 36, 8, '2002-03-13', '2002-03-13', 1),
(391, 66, 2, '1996-11-15', '1996-11-15', 1),
(392, 79, 4, '2019-02-04', '2019-02-04', 1),
(393, 76, 8, '2007-06-09', '2007-06-09', 1),
(394, 27, 4, '2011-01-10', '2011-01-10', 2),
(395, 7, 5, '2016-12-30', '2016-12-30', 2),
(396, 32, 4, '1999-08-25', '1999-08-25', 1),
(397, 64, 5, '2007-07-10', '2007-07-10', 1),
(398, 90, 10, '2016-04-27', '2016-04-27', 2),
(399, 82, 5, '2018-05-28', '2018-05-28', 2),
(400, 5, 6, '1996-09-12', '1996-09-12', 1),
(401, 19, 2, '1998-01-09', '1998-01-09', 1),
(402, 8, 7, '2001-04-28', '2001-04-28', 2),
(403, 57, 4, '2013-03-21', '2013-03-21', 2),
(404, 30, 1, '1999-02-08', '1999-02-08', 2),
(405, 13, 3, '1994-02-17', '1994-02-17', 1),
(406, 92, 8, '2018-10-09', '2018-10-09', 2),
(407, 47, 3, '2010-03-03', '2010-03-03', 1),
(408, 23, 3, '1998-08-13', '1998-08-13', 2),
(409, 10, 5, '2018-02-01', '2018-02-01', 1),
(410, 75, 6, '2010-01-22', '2010-01-22', 1),
(411, 89, 2, '2003-12-15', '2003-12-15', 2),
(412, 9, 6, '1996-05-26', '1996-05-26', 2),
(413, 90, 1, '2020-10-29', '2020-10-29', 2),
(414, 13, 5, '2005-10-21', '2005-10-21', 2),
(415, 22, 5, '2020-06-04', '2020-06-04', 1),
(416, 96, 5, '1988-05-20', '1988-05-20', 1),
(417, 79, 2, '2013-03-25', '2013-03-25', 2),
(418, 67, 5, '1985-05-19', '1985-05-19', 1),
(419, 69, 7, '2022-04-06', '2022-04-06', 2),
(420, 19, 2, '2016-09-10', '2016-09-10', 2),
(421, 86, 9, '1998-07-11', '1998-07-11', 1),
(422, 62, 8, '1994-07-08', '1994-07-08', 1),
(423, 82, 5, '2004-10-30', '2004-10-30', 2),
(424, 57, 4, '2010-10-06', '2010-10-06', 1),
(425, 28, 1, '1989-11-15', '1989-11-15', 2),
(426, 68, 7, '1999-08-28', '1999-08-28', 2),
(427, 33, 7, '1995-04-15', '1995-04-15', 2),
(428, 48, 10, '2018-03-12', '2018-03-12', 2),
(429, 41, 9, '2004-07-23', '2004-07-23', 1),
(430, 21, 5, '2011-05-03', '2011-05-03', 1),
(431, 90, 8, '2000-08-09', '2000-08-09', 1),
(432, 7, 5, '1990-10-21', '1990-10-21', 1),
(433, 39, 4, '2004-11-08', '2004-11-08', 1),
(434, 30, 9, '2014-12-13', '2014-12-13', 1),
(435, 65, 7, '1997-07-21', '1997-07-21', 1),
(436, 33, 6, '2013-09-28', '2013-09-28', 1),
(437, 70, 10, '1985-05-17', '1985-05-17', 1),
(438, 91, 5, '1995-03-02', '1995-03-02', 2),
(439, 60, 9, '2004-06-23', '2004-06-23', 1),
(440, 65, 3, '2003-08-04', '2003-08-04', 2),
(441, 43, 9, '1989-05-12', '1989-05-12', 1),
(442, 23, 10, '2007-09-12', '2007-09-12', 1),
(443, 7, 7, '1985-04-13', '1985-04-13', 2),
(444, 22, 5, '2004-08-18', '2004-08-18', 1),
(445, 84, 3, '1989-08-15', '1989-08-15', 1),
(446, 76, 7, '1990-05-08', '1990-05-08', 1),
(447, 73, 3, '2014-06-14', '2014-06-14', 2),
(448, 3, 6, '2020-03-10', '2020-03-10', 2),
(449, 65, 2, '1988-05-29', '1988-05-29', 1),
(450, 34, 8, '2011-01-28', '2011-01-28', 2),
(451, 66, 3, '1987-02-16', '1987-02-16', 2),
(452, 14, 2, '2019-06-02', '2019-06-02', 2),
(453, 66, 1, '2008-05-25', '2008-05-25', 2),
(454, 52, 10, '2006-06-17', '2006-06-17', 1),
(455, 31, 9, '2021-08-19', '2021-08-19', 2),
(456, 8, 2, '1990-03-07', '1990-03-07', 1),
(457, 66, 9, '2010-01-11', '2010-01-11', 2),
(458, 45, 7, '2002-02-14', '2002-02-14', 2),
(459, 70, 2, '1993-12-07', '1993-12-07', 2),
(460, 79, 1, '1998-09-10', '1998-09-10', 2),
(461, 62, 7, '2001-05-30', '2001-05-30', 2),
(462, 68, 6, '2006-02-20', '2006-02-20', 1),
(463, 47, 10, '2004-09-08', '2004-09-08', 2),
(464, 88, 2, '1999-03-10', '1999-03-10', 1),
(465, 60, 8, '2020-08-25', '2020-08-25', 2),
(466, 37, 1, '2003-02-13', '2003-02-13', 2),
(467, 1, 1, '1985-02-21', '1985-02-21', 1),
(468, 5, 9, '2019-12-28', '2019-12-28', 1),
(469, 84, 10, '1985-09-18', '1985-09-18', 1),
(470, 48, 1, '1994-01-02', '1994-01-02', 2),
(471, 93, 7, '1992-12-28', '1992-12-28', 1),
(472, 56, 6, '1998-12-23', '1998-12-23', 2),
(473, 93, 5, '2019-06-28', '2019-06-28', 2),
(474, 81, 4, '1993-06-16', '1993-06-16', 1),
(475, 40, 4, '2006-06-26', '2006-06-26', 1),
(476, 72, 4, '2016-05-29', '2016-05-29', 2),
(477, 54, 7, '2012-03-10', '2012-03-10', 1),
(478, 9, 9, '2018-09-03', '2018-09-03', 2),
(479, 32, 10, '2000-02-20', '2000-02-20', 1),
(480, 89, 9, '2008-06-23', '2008-06-23', 2),
(481, 42, 2, '2001-05-26', '2001-05-26', 1),
(482, 72, 1, '2003-01-02', '2003-01-02', 2),
(483, 69, 7, '1989-03-30', '1989-03-30', 2),
(484, 11, 1, '1986-08-28', '1986-08-28', 2),
(485, 7, 2, '2003-04-15', '2003-04-15', 2),
(486, 12, 7, '1990-01-23', '1990-01-23', 2),
(487, 2, 3, '1990-04-16', '1990-04-16', 1),
(488, 79, 1, '2013-02-10', '2013-02-10', 2),
(489, 2, 3, '2006-09-29', '2006-09-29', 1),
(490, 99, 7, '1988-10-28', '1988-10-28', 1),
(491, 46, 7, '2009-01-18', '2009-01-18', 2),
(492, 29, 1, '2021-10-04', '2021-10-04', 2),
(493, 15, 4, '1998-09-22', '1998-09-22', 1),
(494, 91, 10, '1993-04-27', '1993-04-27', 1),
(495, 79, 6, '2010-04-08', '2010-04-08', 2),
(496, 58, 1, '1990-02-26', '1990-02-26', 1),
(497, 78, 9, '2010-12-07', '2010-12-07', 2),
(498, 1, 3, '2010-02-08', '2010-02-08', 1),
(499, 2, 2, '1997-01-19', '1997-01-19', 1),
(500, 6, 7, '2020-01-21', '2020-01-21', 2),
(501, 10, 4, '1991-10-15', '1991-10-15', 1),
(502, 5, 5, '2002-06-13', '2002-06-13', 1),
(503, 23, 3, '1993-03-24', '1993-03-24', 2),
(504, 51, 9, '2008-01-06', '2008-01-06', 1),
(505, 47, 2, '2012-04-30', '2012-04-30', 1),
(506, 2, 3, '1996-07-26', '1996-07-26', 1),
(507, 16, 2, '1988-03-25', '1988-03-25', 2),
(508, 15, 3, '2002-12-31', '2002-12-31', 1),
(509, 47, 9, '2013-07-17', '2013-07-17', 1),
(510, 21, 10, '2013-07-09', '2013-07-09', 1),
(511, 21, 8, '2002-07-30', '2002-07-30', 2),
(512, 66, 9, '2017-09-02', '2017-09-02', 1),
(513, 65, 1, '2016-05-04', '2016-05-04', 1),
(514, 13, 3, '2000-03-06', '2000-03-06', 2),
(515, 18, 6, '2001-01-18', '2001-01-18', 1),
(516, 41, 8, '2019-01-09', '2019-01-09', 1),
(517, 19, 2, '1993-11-16', '1993-11-16', 1),
(518, 91, 9, '2011-04-23', '2011-04-23', 2),
(519, 81, 3, '2012-10-07', '2012-10-07', 1),
(520, 40, 6, '1998-02-08', '1998-02-08', 2),
(521, 6, 9, '1988-02-13', '1988-02-13', 1),
(522, 18, 9, '2022-04-03', '2022-04-03', 2),
(523, 12, 9, '2005-04-08', '2005-04-08', 1),
(524, 26, 1, '2017-07-30', '2017-07-30', 2),
(525, 19, 7, '2004-05-17', '2004-05-17', 1),
(526, 6, 7, '2005-07-05', '2005-07-05', 1),
(527, 88, 5, '1992-07-07', '1992-07-07', 2),
(528, 35, 9, '1985-09-08', '1985-09-08', 1),
(529, 73, 3, '2016-11-28', '2016-11-28', 2),
(530, 7, 2, '2017-01-26', '2017-01-26', 1),
(531, 80, 9, '1995-06-27', '1995-06-27', 2),
(532, 83, 8, '2019-04-09', '2019-04-09', 2),
(533, 55, 4, '2012-11-03', '2012-11-03', 1),
(534, 3, 10, '2017-11-02', '2017-11-02', 2),
(535, 20, 3, '1997-01-03', '1997-01-03', 2),
(536, 14, 8, '1988-01-15', '1988-01-15', 1),
(537, 95, 8, '2021-12-16', '2021-12-16', 2),
(538, 21, 4, '1994-12-17', '1994-12-17', 2),
(539, 32, 10, '1989-04-17', '1989-04-17', 1),
(540, 31, 4, '1999-10-27', '1999-10-27', 2),
(541, 53, 6, '1988-11-29', '1988-11-29', 2),
(542, 38, 10, '2022-06-08', '2022-06-08', 1),
(543, 60, 3, '2012-01-14', '2012-01-14', 1),
(544, 66, 4, '2021-07-05', '2021-07-05', 2),
(545, 48, 2, '1993-01-31', '1993-01-31', 2),
(546, 61, 6, '1990-09-22', '1990-09-22', 2),
(547, 49, 6, '1985-04-20', '1985-04-20', 2),
(548, 63, 10, '1998-05-02', '1998-05-02', 1),
(549, 52, 10, '2009-03-13', '2009-03-13', 1),
(550, 97, 4, '2006-10-03', '2006-10-03', 2),
(551, 60, 7, '2007-03-19', '2007-03-19', 1),
(552, 50, 6, '1997-03-13', '1997-03-13', 2),
(553, 100, 6, '2016-03-05', '2016-03-05', 1),
(554, 87, 8, '1986-07-12', '1986-07-12', 1),
(555, 60, 8, '2008-10-28', '2008-10-28', 2),
(556, 91, 3, '1995-06-25', '1995-06-25', 2),
(557, 54, 3, '2003-03-02', '2003-03-02', 1),
(558, 4, 4, '2020-04-04', '2020-04-04', 1),
(559, 60, 9, '1994-09-18', '1994-09-18', 1),
(560, 75, 10, '2019-12-11', '2019-12-11', 2),
(561, 26, 2, '1992-03-10', '1992-03-10', 1),
(562, 62, 7, '1998-07-10', '1998-07-10', 2),
(563, 90, 3, '2018-03-12', '2018-03-12', 1),
(564, 25, 5, '2001-11-23', '2001-11-23', 2),
(565, 81, 3, '2006-06-04', '2006-06-04', 2),
(566, 54, 8, '1987-04-22', '1987-04-22', 2),
(567, 68, 9, '2003-10-23', '2003-10-23', 2),
(568, 52, 2, '2006-01-17', '2006-01-17', 2),
(569, 4, 8, '2020-05-12', '2020-05-12', 2),
(570, 57, 3, '1986-06-15', '1986-06-15', 1),
(571, 18, 1, '2009-07-27', '2009-07-27', 1),
(572, 2, 7, '1986-07-15', '1986-07-15', 1),
(573, 9, 7, '2018-11-03', '2018-11-03', 2),
(574, 23, 4, '1993-06-12', '1993-06-12', 1),
(575, 48, 9, '2014-09-12', '2014-09-12', 1),
(576, 1, 9, '2010-02-20', '2010-02-20', 1),
(577, 34, 5, '2010-10-28', '2010-10-28', 1),
(578, 86, 9, '2010-08-06', '2010-08-06', 1),
(579, 80, 4, '2010-02-27', '2010-02-27', 2),
(580, 45, 1, '1985-12-12', '1985-12-12', 2),
(581, 73, 1, '1998-06-24', '1998-06-24', 1),
(582, 91, 8, '1988-05-04', '1988-05-04', 1),
(583, 100, 8, '2011-02-04', '2011-02-04', 1),
(584, 68, 10, '1992-01-07', '1992-01-07', 1),
(585, 32, 8, '1990-01-04', '1990-01-04', 2),
(586, 54, 1, '1985-12-02', '1985-12-02', 2),
(587, 54, 7, '1988-08-25', '1988-08-25', 1),
(588, 100, 1, '1988-09-23', '1988-09-23', 1),
(589, 60, 2, '2015-12-19', '2015-12-19', 1),
(590, 73, 10, '2000-10-01', '2000-10-01', 1),
(591, 7, 10, '2008-02-27', '2008-02-27', 1),
(592, 6, 8, '2014-07-09', '2014-07-09', 1),
(593, 35, 1, '2017-12-30', '2017-12-30', 1),
(594, 27, 8, '2010-06-09', '2010-06-09', 2),
(595, 59, 5, '2000-01-27', '2000-01-27', 2),
(596, 48, 10, '2019-08-27', '2019-08-27', 2),
(597, 43, 7, '2004-02-21', '2004-02-21', 2),
(598, 60, 9, '2003-01-01', '2003-01-01', 2),
(599, 59, 4, '2018-04-11', '2018-04-11', 2),
(600, 91, 5, '2011-02-24', '2011-02-24', 2),
(601, 48, 6, '1991-06-22', '1991-06-22', 2),
(602, 74, 5, '2008-12-01', '2008-12-01', 1),
(603, 2, 2, '1997-03-28', '1997-03-28', 2),
(604, 47, 3, '2004-09-29', '2004-09-29', 2),
(605, 72, 7, '1997-07-03', '1997-07-03', 2),
(606, 45, 10, '1987-11-01', '1987-11-01', 1),
(607, 69, 2, '2006-11-09', '2006-11-09', 1),
(608, 42, 1, '2011-01-31', '2011-01-31', 2),
(609, 43, 10, '2022-12-19', '2022-12-19', 1),
(610, 91, 9, '1998-03-19', '1998-03-19', 2),
(611, 32, 4, '1986-08-30', '1986-08-30', 1),
(612, 1, 9, '1993-12-24', '1993-12-24', 2),
(613, 27, 10, '1985-07-06', '1985-07-06', 1),
(614, 2, 2, '1997-11-09', '1997-11-09', 2),
(615, 95, 4, '2016-01-05', '2016-01-05', 1),
(616, 32, 1, '2000-09-28', '2000-09-28', 2),
(617, 2, 6, '2001-07-19', '2001-07-19', 1),
(618, 97, 1, '2008-12-05', '2008-12-05', 1),
(619, 48, 2, '1989-05-05', '1989-05-05', 1),
(620, 75, 2, '2014-04-10', '2014-04-10', 2),
(621, 21, 6, '2018-09-12', '2018-09-12', 2),
(622, 13, 7, '2006-05-11', '2006-05-11', 2),
(623, 59, 10, '2017-08-29', '2017-08-29', 2),
(624, 15, 6, '1998-07-26', '1998-07-26', 1),
(625, 74, 4, '1992-08-21', '1992-08-21', 2),
(626, 40, 2, '1992-07-23', '1992-07-23', 1),
(627, 71, 4, '1985-12-10', '1985-12-10', 2),
(628, 77, 6, '1985-04-22', '1985-04-22', 1),
(629, 70, 8, '1993-05-14', '1993-05-14', 1),
(630, 73, 4, '2002-03-03', '2002-03-03', 2),
(631, 83, 7, '2020-01-25', '2020-01-25', 2),
(632, 73, 9, '2003-09-07', '2003-09-07', 2),
(633, 21, 5, '1989-09-16', '1989-09-16', 1),
(634, 14, 10, '1990-03-17', '1990-03-17', 1),
(635, 42, 2, '2020-11-25', '2020-11-25', 1),
(636, 60, 8, '2008-06-07', '2008-06-07', 1),
(637, 49, 9, '1988-04-04', '1988-04-04', 2),
(638, 50, 1, '2004-02-07', '2004-02-07', 2),
(639, 73, 9, '2011-06-19', '2011-06-19', 2),
(640, 21, 8, '2004-06-10', '2004-06-10', 2),
(641, 57, 5, '1987-08-24', '1987-08-24', 2),
(642, 7, 8, '2022-02-13', '2022-02-13', 2),
(643, 62, 6, '1995-01-23', '1995-01-23', 1),
(644, 65, 6, '1998-02-26', '1998-02-26', 2),
(645, 42, 6, '2005-02-05', '2005-02-05', 2),
(646, 95, 10, '1994-05-08', '1994-05-08', 2),
(647, 65, 4, '1993-03-27', '1993-03-27', 1),
(648, 85, 1, '1995-10-16', '1995-10-16', 1),
(649, 51, 10, '2012-09-13', '2012-09-13', 2),
(650, 66, 10, '2000-12-20', '2000-12-20', 2),
(651, 79, 7, '2012-05-02', '2012-05-02', 1),
(652, 20, 9, '1989-12-11', '1989-12-11', 1),
(653, 52, 8, '1985-03-15', '1985-03-15', 2),
(654, 13, 6, '2003-10-19', '2003-10-19', 1),
(655, 39, 4, '2003-09-07', '2003-09-07', 1),
(656, 3, 4, '2019-03-15', '2019-03-15', 1),
(657, 90, 8, '2007-09-04', '2007-09-04', 1),
(658, 70, 2, '2015-10-30', '2015-10-30', 2),
(659, 57, 6, '1993-03-05', '1993-03-05', 1),
(660, 7, 9, '2006-09-14', '2006-09-14', 2),
(661, 91, 10, '2021-05-21', '2021-05-21', 1),
(662, 28, 10, '1996-12-02', '1996-12-02', 2),
(663, 68, 2, '2003-10-25', '2003-10-25', 2),
(664, 47, 8, '1998-05-30', '1998-05-30', 1),
(665, 80, 4, '2019-07-05', '2019-07-05', 1),
(666, 1, 3, '2006-08-27', '2006-08-27', 2),
(667, 2, 9, '2013-02-16', '2013-02-16', 1),
(668, 74, 6, '1986-09-29', '1986-09-29', 2),
(669, 38, 8, '2017-07-14', '2017-07-14', 2),
(670, 61, 4, '2001-12-25', '2001-12-25', 1),
(671, 52, 9, '2012-01-25', '2012-01-25', 2),
(672, 58, 9, '2003-05-09', '2003-05-09', 2),
(673, 80, 10, '1990-05-28', '1990-05-28', 2),
(674, 13, 2, '1991-08-09', '1991-08-09', 2),
(675, 4, 2, '2003-03-18', '2003-03-18', 2),
(676, 11, 7, '2004-08-12', '2004-08-12', 2),
(677, 56, 10, '1999-09-11', '1999-09-11', 1),
(678, 4, 3, '1992-09-21', '1992-09-21', 2),
(679, 26, 4, '1992-07-17', '1992-07-17', 2),
(680, 32, 4, '2015-05-02', '2015-05-02', 1),
(681, 44, 8, '2015-08-26', '2015-08-26', 1),
(682, 84, 5, '1995-05-16', '1995-05-16', 2),
(683, 49, 1, '2008-12-24', '2008-12-24', 1),
(684, 80, 10, '2020-02-08', '2020-02-08', 2),
(685, 67, 5, '2021-04-15', '2021-04-15', 1),
(686, 75, 8, '1998-10-02', '1998-10-02', 2),
(687, 50, 8, '1993-10-12', '1993-10-12', 2),
(688, 50, 3, '2001-03-13', '2001-03-13', 1),
(689, 1, 2, '2002-09-30', '2002-09-30', 1),
(690, 5, 5, '2006-11-07', '2006-11-07', 2),
(691, 48, 7, '1985-12-09', '1985-12-09', 1),
(692, 26, 7, '2007-09-12', '2007-09-12', 2),
(693, 35, 3, '2009-08-22', '2009-08-22', 1),
(694, 60, 9, '2011-09-28', '2011-09-28', 1),
(695, 12, 5, '2009-04-06', '2009-04-06', 1),
(696, 91, 1, '1990-07-25', '1990-07-25', 1),
(697, 100, 8, '2012-10-25', '2012-10-25', 1),
(698, 74, 1, '2018-03-12', '2018-03-12', 1),
(699, 88, 8, '1989-09-15', '1989-09-15', 2),
(700, 76, 8, '1990-08-05', '1990-08-05', 1),
(701, 13, 1, '2020-08-24', '2020-08-24', 2),
(702, 22, 8, '1994-09-01', '1994-09-01', 2),
(703, 74, 7, '2001-10-08', '2001-10-08', 1),
(704, 9, 1, '2015-10-31', '2015-10-31', 1),
(705, 30, 9, '2006-07-07', '2006-07-07', 2),
(706, 53, 8, '2005-05-17', '2005-05-17', 2),
(707, 19, 6, '1997-11-19', '1997-11-19', 1),
(708, 84, 9, '1986-06-19', '1986-06-19', 1),
(709, 67, 10, '2013-08-14', '2013-08-14', 1),
(710, 77, 8, '2004-02-12', '2004-02-12', 1),
(711, 20, 8, '2021-05-11', '2021-05-11', 2),
(712, 7, 7, '1990-03-03', '1990-03-03', 1),
(713, 63, 9, '2021-03-29', '2021-03-29', 2),
(714, 10, 10, '2002-01-08', '2002-01-08', 1),
(715, 99, 2, '1985-11-11', '1985-11-11', 2),
(716, 14, 5, '2011-07-16', '2011-07-16', 2),
(717, 46, 8, '1994-12-19', '1994-12-19', 1),
(718, 43, 6, '2001-05-04', '2001-05-04', 2),
(719, 23, 6, '2001-10-10', '2001-10-10', 2),
(720, 45, 5, '1998-10-29', '1998-10-29', 1),
(721, 16, 6, '1994-10-20', '1994-10-20', 1),
(722, 28, 4, '2005-09-09', '2005-09-09', 1),
(723, 31, 2, '2006-11-04', '2006-11-04', 2),
(724, 89, 8, '1985-09-30', '1985-09-30', 1),
(725, 19, 4, '2013-03-11', '2013-03-11', 2),
(726, 79, 8, '2008-10-13', '2008-10-13', 1),
(727, 82, 5, '1996-11-06', '1996-11-06', 2),
(728, 26, 4, '2017-07-27', '2017-07-27', 1),
(729, 74, 9, '1985-03-24', '1985-03-24', 1),
(730, 37, 6, '1996-05-09', '1996-05-09', 1),
(731, 100, 1, '2021-08-31', '2021-08-31', 1),
(732, 84, 6, '2005-05-27', '2005-05-27', 2),
(733, 32, 5, '1987-12-30', '1987-12-30', 2),
(734, 9, 1, '2010-10-13', '2010-10-13', 2),
(735, 82, 3, '2018-11-24', '2018-11-24', 2),
(736, 92, 1, '2004-01-15', '2004-01-15', 2),
(737, 50, 9, '1985-03-28', '1985-03-28', 1),
(738, 7, 3, '2020-02-02', '2020-02-02', 2),
(739, 69, 2, '1997-05-11', '1997-05-11', 2),
(740, 24, 2, '2005-04-07', '2005-04-07', 1),
(741, 4, 10, '2019-06-14', '2019-06-14', 2),
(742, 46, 1, '1996-01-03', '1996-01-03', 2),
(743, 23, 7, '1989-10-23', '1989-10-23', 1),
(744, 45, 3, '2017-03-03', '2017-03-03', 2),
(745, 61, 2, '2004-04-26', '2004-04-26', 2),
(746, 19, 5, '1996-09-19', '1996-09-19', 2),
(747, 57, 2, '2017-10-31', '2017-10-31', 1),
(748, 72, 8, '1995-07-10', '1995-07-10', 2),
(749, 63, 4, '2021-10-18', '2021-10-18', 2),
(750, 90, 8, '1997-08-30', '1997-08-30', 1),
(751, 54, 10, '1995-09-24', '1995-09-24', 2),
(752, 69, 5, '1999-08-17', '1999-08-17', 1),
(753, 34, 6, '1992-11-16', '1992-11-16', 1),
(754, 27, 2, '2008-04-19', '2008-04-19', 2),
(755, 8, 10, '1997-11-27', '1997-11-27', 2),
(756, 42, 7, '1998-09-16', '1998-09-16', 2),
(757, 7, 6, '2000-06-15', '2000-06-15', 2),
(758, 28, 4, '1999-12-31', '1999-12-31', 2),
(759, 29, 10, '2005-06-01', '2005-06-01', 2),
(760, 92, 2, '1989-10-21', '1989-10-21', 1),
(761, 29, 4, '2002-11-13', '2002-11-13', 2),
(762, 35, 8, '1997-06-10', '1997-06-10', 2),
(763, 15, 6, '2010-04-29', '2010-04-29', 2),
(764, 17, 3, '2006-10-30', '2006-10-30', 1),
(765, 48, 3, '1997-07-07', '1997-07-07', 1),
(766, 18, 6, '2006-09-01', '2006-09-01', 2),
(767, 65, 9, '1990-08-15', '1990-08-15', 1),
(768, 32, 7, '1991-11-05', '1991-11-05', 1),
(769, 29, 10, '1989-12-29', '1989-12-29', 2),
(770, 10, 4, '2011-04-29', '2011-04-29', 2),
(771, 22, 5, '1989-05-03', '1989-05-03', 1),
(772, 86, 7, '1990-03-12', '1990-03-12', 2),
(773, 23, 1, '2012-07-05', '2012-07-05', 1),
(774, 9, 7, '2022-11-10', '2022-11-10', 2),
(775, 93, 10, '1989-03-18', '1989-03-18', 2),
(776, 15, 10, '1998-07-19', '1998-07-19', 1),
(777, 90, 7, '1994-08-30', '1994-08-30', 1),
(778, 11, 6, '1990-12-16', '1990-12-16', 2),
(779, 98, 5, '2010-03-31', '2010-03-31', 1),
(780, 24, 8, '1989-08-30', '1989-08-30', 2),
(781, 88, 3, '1999-03-23', '1999-03-23', 1),
(782, 65, 9, '1994-02-07', '1994-02-07', 2),
(783, 68, 10, '1994-05-16', '1994-05-16', 1),
(784, 49, 9, '2012-04-02', '2012-04-02', 1),
(785, 92, 9, '2002-07-09', '2002-07-09', 2),
(786, 66, 6, '2007-05-02', '2007-05-02', 1),
(787, 65, 7, '2015-09-09', '2015-09-09', 1),
(788, 50, 7, '2011-11-28', '2011-11-28', 1),
(789, 43, 10, '2003-09-17', '2003-09-17', 2),
(790, 6, 6, '1986-01-12', '1986-01-12', 1),
(791, 12, 4, '2016-10-15', '2016-10-15', 1),
(792, 4, 7, '2002-11-16', '2002-11-16', 1),
(793, 7, 5, '2021-01-16', '2021-01-16', 1),
(794, 14, 5, '2012-03-15', '2012-03-15', 1),
(795, 41, 7, '1999-04-25', '1999-04-25', 1),
(796, 79, 8, '2018-12-09', '2018-12-09', 1),
(797, 19, 2, '1992-10-26', '1992-10-26', 1),
(798, 46, 5, '2004-02-25', '2004-02-25', 2),
(799, 88, 9, '1987-09-12', '1987-09-12', 2),
(800, 40, 3, '1997-01-01', '1997-01-01', 2),
(801, 68, 5, '2021-02-12', '2021-02-12', 1),
(802, 35, 10, '1995-05-26', '1995-05-26', 2),
(803, 69, 1, '2004-03-25', '2004-03-25', 1),
(804, 95, 1, '2007-05-02', '2007-05-02', 2),
(805, 24, 3, '1986-01-28', '1986-01-28', 2),
(806, 18, 5, '2006-08-25', '2006-08-25', 1),
(807, 87, 9, '1986-12-19', '1986-12-19', 1),
(808, 66, 10, '1994-07-08', '1994-07-08', 2),
(809, 36, 4, '2022-03-27', '2022-03-27', 2),
(810, 55, 3, '1987-01-07', '1987-01-07', 1),
(811, 42, 7, '1990-01-14', '1990-01-14', 2),
(812, 68, 9, '2019-07-18', '2019-07-18', 1),
(813, 4, 6, '2002-11-25', '2002-11-25', 2),
(814, 10, 8, '1992-04-11', '1992-04-11', 2),
(815, 31, 7, '1986-02-19', '1986-02-19', 1),
(816, 31, 10, '2005-02-05', '2005-02-05', 1),
(817, 3, 6, '2011-07-08', '2011-07-08', 1),
(818, 11, 8, '1995-02-09', '1995-02-09', 2),
(819, 90, 9, '2010-01-17', '2010-01-17', 2),
(820, 1, 5, '2017-03-21', '2017-03-21', 2),
(821, 17, 5, '1985-04-27', '1985-04-27', 2),
(822, 44, 3, '1989-02-15', '1989-02-15', 2),
(823, 49, 10, '2003-05-28', '2003-05-28', 1),
(824, 57, 7, '2012-12-13', '2012-12-13', 1),
(825, 63, 3, '1992-11-22', '1992-11-22', 2),
(826, 76, 7, '1994-04-10', '1994-04-10', 1),
(827, 27, 3, '2011-03-07', '2011-03-07', 2),
(828, 20, 6, '2012-10-08', '2012-10-08', 1),
(829, 17, 10, '1990-03-10', '1990-03-10', 1),
(830, 16, 1, '2002-10-11', '2002-10-11', 2),
(831, 30, 10, '2009-08-26', '2009-08-26', 1),
(832, 49, 9, '2009-02-03', '2009-02-03', 1),
(833, 77, 3, '2020-11-21', '2020-11-21', 1),
(834, 29, 10, '1990-12-08', '1990-12-08', 1),
(835, 23, 7, '1996-03-13', '1996-03-13', 2),
(836, 72, 10, '2021-03-31', '2021-03-31', 1),
(837, 82, 7, '1995-08-11', '1995-08-11', 1),
(838, 70, 1, '2012-04-03', '2012-04-03', 1),
(839, 69, 3, '1990-06-16', '1990-06-16', 1),
(840, 64, 5, '1986-11-02', '1986-11-02', 2),
(841, 7, 7, '2012-06-17', '2012-06-17', 2),
(842, 83, 4, '2014-12-30', '2014-12-30', 1),
(843, 55, 4, '2008-08-02', '2008-08-02', 2),
(844, 79, 9, '2009-06-23', '2009-06-23', 2),
(845, 50, 2, '1990-08-04', '1990-08-04', 2),
(846, 57, 5, '1988-06-19', '1988-06-19', 1),
(847, 31, 9, '1989-02-16', '1989-02-16', 1),
(848, 10, 5, '2011-02-18', '2011-02-18', 2),
(849, 66, 5, '2017-01-22', '2017-01-22', 2),
(850, 73, 10, '2016-04-01', '2016-04-01', 1),
(851, 31, 5, '1989-02-11', '1989-02-11', 1),
(852, 38, 5, '1990-07-02', '1990-07-02', 2),
(853, 48, 2, '2022-08-23', '2022-08-23', 1),
(854, 19, 7, '1999-04-21', '1999-04-21', 2),
(855, 19, 5, '1993-07-05', '1993-07-05', 1),
(856, 52, 1, '2013-01-26', '2013-01-26', 1),
(857, 63, 2, '1999-12-12', '1999-12-12', 2),
(858, 42, 1, '2004-02-13', '2004-02-13', 2),
(859, 85, 5, '1991-11-24', '1991-11-24', 2),
(860, 76, 2, '2018-12-17', '2018-12-17', 2),
(861, 55, 3, '2015-02-05', '2015-02-05', 1),
(862, 78, 9, '2010-05-26', '2010-05-26', 1),
(863, 95, 7, '2012-11-06', '2012-11-06', 1),
(864, 100, 4, '1995-08-01', '1995-08-01', 1),
(865, 31, 4, '2012-08-11', '2012-08-11', 1),
(866, 20, 5, '2021-12-21', '2021-12-21', 2),
(867, 67, 9, '1994-10-10', '1994-10-10', 2),
(868, 7, 2, '1997-02-17', '1997-02-17', 2),
(869, 81, 7, '2011-06-16', '2011-06-16', 1),
(870, 25, 8, '2007-03-28', '2007-03-28', 2),
(871, 41, 8, '2016-10-06', '2016-10-06', 1),
(872, 28, 2, '1987-12-12', '1987-12-12', 1),
(873, 98, 10, '2017-04-24', '2017-04-24', 2),
(874, 72, 5, '2021-09-29', '2021-09-29', 2),
(875, 78, 1, '1990-02-15', '1990-02-15', 2),
(876, 29, 2, '2004-08-19', '2004-08-19', 1),
(877, 71, 7, '1989-03-22', '1989-03-22', 1),
(878, 98, 7, '2003-02-19', '2003-02-19', 1),
(879, 99, 7, '1988-04-30', '1988-04-30', 2),
(880, 21, 5, '2019-01-13', '2019-01-13', 1),
(881, 49, 1, '1999-10-09', '1999-10-09', 1),
(882, 42, 2, '2016-03-15', '2016-03-15', 2),
(883, 92, 4, '1991-05-16', '1991-05-16', 1),
(884, 61, 9, '1996-06-02', '1996-06-02', 2),
(885, 55, 7, '2018-04-07', '2018-04-07', 2),
(886, 29, 5, '2001-07-18', '2001-07-18', 1),
(887, 8, 2, '1989-12-16', '1989-12-16', 2),
(888, 69, 10, '1991-12-26', '1991-12-26', 2),
(889, 13, 3, '2019-10-30', '2019-10-30', 2),
(890, 2, 7, '2005-01-13', '2005-01-13', 2),
(891, 68, 5, '1986-11-07', '1986-11-07', 2),
(892, 97, 1, '1988-02-25', '1988-02-25', 2),
(893, 56, 9, '2022-06-08', '2022-06-08', 2),
(894, 24, 5, '2015-06-16', '2015-06-16', 1),
(895, 9, 8, '2020-07-16', '2020-07-16', 1),
(896, 100, 6, '1988-05-29', '1988-05-29', 2),
(897, 74, 6, '2001-07-12', '2001-07-12', 2),
(898, 92, 9, '1998-12-20', '1998-12-20', 2),
(899, 83, 6, '2004-05-21', '2004-05-21', 1),
(900, 97, 9, '1990-06-08', '1990-06-08', 2),
(901, 55, 3, '2008-03-27', '2008-03-27', 2),
(902, 23, 9, '1993-08-13', '1993-08-13', 2),
(903, 20, 3, '1992-10-30', '1992-10-30', 1),
(904, 94, 3, '2010-05-03', '2010-05-03', 1),
(905, 70, 1, '2017-08-27', '2017-08-27', 1),
(906, 47, 7, '1995-02-19', '1995-02-19', 2),
(907, 96, 10, '2021-08-31', '2021-08-31', 1),
(908, 50, 8, '1986-02-08', '1986-02-08', 1),
(909, 75, 4, '2015-01-18', '2015-01-18', 2),
(910, 6, 10, '2010-05-02', '2010-05-02', 2),
(911, 53, 10, '1998-02-13', '1998-02-13', 1),
(912, 77, 9, '1988-08-08', '1988-08-08', 1),
(913, 23, 8, '1991-09-20', '1991-09-20', 2),
(914, 29, 7, '2014-06-20', '2014-06-20', 1),
(915, 34, 10, '2003-04-01', '2003-04-01', 1),
(916, 17, 1, '2010-07-05', '2010-07-05', 1),
(917, 86, 9, '2000-08-24', '2000-08-24', 2),
(918, 34, 10, '1994-12-06', '1994-12-06', 2),
(919, 17, 7, '2019-12-15', '2019-12-15', 1),
(920, 72, 3, '2013-12-25', '2013-12-25', 1),
(921, 96, 9, '2000-11-23', '2000-11-23', 2),
(922, 9, 6, '2021-06-18', '2021-06-18', 2),
(923, 54, 6, '2013-07-11', '2013-07-11', 2),
(924, 8, 7, '2022-12-02', '2022-12-02', 1),
(925, 35, 10, '2007-07-04', '2007-07-04', 2),
(926, 24, 5, '1989-11-03', '1989-11-03', 2),
(927, 95, 1, '1992-09-02', '1992-09-02', 1),
(928, 53, 7, '2000-01-23', '2000-01-23', 1),
(929, 72, 1, '1998-12-30', '1998-12-30', 2),
(930, 40, 8, '1998-05-19', '1998-05-19', 2),
(931, 38, 7, '1996-10-17', '1996-10-17', 2),
(932, 65, 5, '2014-08-18', '2014-08-18', 2),
(933, 53, 10, '1991-12-22', '1991-12-22', 1),
(934, 56, 2, '1987-03-25', '1987-03-25', 1),
(935, 74, 7, '1999-01-20', '1999-01-20', 1),
(936, 88, 10, '2019-09-27', '2019-09-27', 2),
(937, 74, 1, '1985-02-15', '1985-02-15', 1),
(938, 44, 4, '1998-03-07', '1998-03-07', 2),
(939, 98, 3, '1995-07-01', '1995-07-01', 1),
(940, 36, 9, '2016-01-06', '2016-01-06', 2),
(941, 87, 2, '2017-02-13', '2017-02-13', 2),
(942, 95, 3, '1993-08-18', '1993-08-18', 1),
(943, 34, 6, '1999-08-30', '1999-08-30', 1),
(944, 19, 1, '2016-07-02', '2016-07-02', 1),
(945, 49, 6, '1998-01-12', '1998-01-12', 1),
(946, 97, 3, '1990-10-15', '1990-10-15', 2),
(947, 63, 4, '1998-01-22', '1998-01-22', 1),
(948, 59, 3, '1990-03-13', '1990-03-13', 1),
(949, 89, 4, '1994-12-14', '1994-12-14', 1),
(950, 35, 2, '2022-12-19', '2022-12-19', 2),
(951, 14, 4, '1988-05-22', '1988-05-22', 2),
(952, 80, 3, '2002-11-21', '2002-11-21', 1),
(953, 74, 9, '1985-05-18', '1985-05-18', 1),
(954, 44, 10, '1991-04-01', '1991-04-01', 1),
(955, 41, 1, '2008-12-18', '2008-12-18', 1),
(956, 22, 10, '2017-03-31', '2017-03-31', 2),
(957, 22, 10, '2007-06-27', '2007-06-27', 2),
(958, 86, 9, '2008-06-21', '2008-06-21', 1),
(959, 42, 3, '2005-04-04', '2005-04-04', 2),
(960, 22, 1, '2019-04-29', '2019-04-29', 1),
(961, 32, 9, '1993-07-22', '1993-07-22', 1),
(962, 45, 6, '2005-03-12', '2005-03-12', 2),
(963, 78, 3, '1991-01-29', '1991-01-29', 1),
(964, 54, 5, '1994-01-12', '1994-01-12', 1),
(965, 90, 9, '2006-01-27', '2006-01-27', 1),
(966, 22, 5, '1996-05-15', '1996-05-15', 2),
(967, 30, 9, '2001-08-12', '2001-08-12', 2),
(968, 8, 5, '2010-04-21', '2010-04-21', 2),
(969, 52, 1, '1986-05-15', '1986-05-15', 2),
(970, 16, 10, '2005-07-16', '2005-07-16', 2),
(971, 41, 4, '2011-08-24', '2011-08-24', 2),
(972, 85, 9, '2002-05-13', '2002-05-13', 1),
(973, 47, 3, '2013-04-20', '2013-04-20', 2),
(974, 97, 9, '2011-09-20', '2011-09-20', 1),
(975, 40, 2, '1990-03-03', '1990-03-03', 2),
(976, 11, 9, '1997-11-20', '1997-11-20', 1),
(977, 15, 8, '1989-03-27', '1989-03-27', 2),
(978, 24, 2, '2008-06-24', '2008-06-24', 2),
(979, 85, 10, '1986-10-21', '1986-10-21', 1),
(980, 15, 8, '2015-10-01', '2015-10-01', 1),
(981, 7, 6, '1999-04-14', '1999-04-14', 2),
(982, 77, 8, '2007-07-08', '2007-07-08', 2),
(983, 54, 2, '1997-10-15', '1997-10-15', 2),
(984, 5, 7, '1995-04-13', '1995-04-13', 2),
(985, 44, 4, '2002-06-28', '2002-06-28', 2),
(986, 88, 4, '2006-04-14', '2006-04-14', 1),
(987, 41, 7, '2010-05-30', '2010-05-30', 2),
(988, 11, 9, '1996-05-02', '1996-05-02', 2),
(989, 74, 5, '1990-06-11', '1990-06-11', 2),
(990, 15, 8, '1988-09-23', '1988-09-23', 2),
(991, 94, 2, '1998-02-25', '1998-02-25', 1),
(992, 5, 7, '1993-06-27', '1993-06-27', 2),
(993, 25, 10, '2018-11-01', '2018-11-01', 1),
(994, 5, 5, '1993-04-24', '1993-04-24', 2),
(995, 72, 10, '1987-11-03', '1987-11-03', 2),
(996, 64, 4, '2002-09-18', '2002-09-18', 1),
(997, 1, 9, '2014-02-03', '2014-02-03', 1),
(998, 88, 10, '2013-12-16', '2013-12-16', 1),
(999, 16, 5, '2008-10-24', '2008-10-24', 1),
(1000, 81, 7, '2007-02-13', '2007-02-13', 1),
(1001, 26, 8, '1995-12-02', '1995-12-02', 2),
(1002, 78, 4, '2003-02-21', '2003-02-21', 1),
(1003, 53, 1, '2022-11-01', '2022-11-01', 1),
(1004, 49, 9, '2018-05-03', '2018-05-03', 2),
(1005, 37, 7, '1988-07-01', '1988-07-01', 1),
(1006, 65, 4, '2013-12-30', '2013-12-30', 1),
(1007, 21, 4, '1996-02-24', '1996-02-24', 2),
(1008, 79, 3, '1989-09-22', '1989-09-22', 2),
(1009, 75, 6, '2000-07-13', '2000-07-13', 2),
(1010, 44, 1, '2020-03-18', '2020-03-18', 2),
(1011, 70, 6, '1996-05-26', '1996-05-26', 1),
(1012, 73, 5, '1990-12-23', '1990-12-23', 1),
(1013, 42, 1, '2022-02-19', '2022-02-19', 2),
(1014, 82, 4, '2008-08-23', '2008-08-23', 2),
(1015, 43, 3, '2001-02-21', '2001-02-21', 2),
(1016, 32, 6, '1991-02-24', '1991-02-24', 1),
(1017, 91, 9, '2003-04-18', '2003-04-18', 2),
(1018, 66, 10, '1992-01-10', '1992-01-10', 1),
(1019, 39, 7, '1991-04-02', '1991-04-02', 1),
(1020, 35, 1, '2011-10-17', '2011-10-17', 1),
(1021, 142, 1, '2023-01-11', '2023-12-30', 2),
(1022, 142, 1, '2023-01-11', '2023-12-30', 2),
(1023, 143, 1, '2023-01-11', '2023-12-30', 2),
(1024, 144, 1, '2023-01-11', '2023-12-30', 2),
(1025, 144, 9, '2023-01-11', '2023-12-30', 2),
(1026, 144, 3, '2023-03-01', '0000-00-00', 2),
(1027, 145, 1, '2023-01-11', '2023-12-30', 2),
(1028, 145, 9, '2023-01-11', '2023-12-30', 2),
(1029, 145, 3, '2023-03-01', '0000-00-00', 2),
(1032, 146, 1, '2023-01-11', '2023-12-30', 1),
(1033, 146, 9, '2023-01-11', '2023-12-30', 2),
(1034, 146, 3, '2023-03-01', '0000-00-00', 2),
(1036, 2, 12, '2023-01-11', '2023-12-30', 2),
(1037, 147, 1, '2023-01-11', '2023-12-30', 2),
(1038, 147, 9, '2023-01-11', '2023-12-30', 2),
(1039, 147, 3, '2023-03-01', '0000-00-00', 2),
(1040, 147, 12, '2023-01-11', '2023-12-30', 2),
(1041, 148, 1, '2023-01-11', '2023-12-30', 2),
(1042, 148, 9, '2023-01-11', '2023-12-30', 2),
(1043, 148, 3, '2023-03-01', '0000-00-00', 2),
(1044, 149, 1, '2023-01-11', '2023-12-30', 1),
(1045, 149, 9, '2023-01-11', '2023-12-30', 2),
(1046, 149, 3, '2023-03-01', '2023-04-30', 1),
(1047, 146, 12, '2023-01-11', '2023-12-30', 2),
(1048, 6, 12, '2023-01-11', '2023-12-30', 2),
(1049, 1, 12, '2023-01-11', '2023-12-30', 2),
(1050, 150, 1, '2023-01-11', '2023-12-30', 2),
(1051, 150, 9, '2023-01-11', '2023-12-30', 2),
(1052, 150, 3, '2023-03-01', '2023-04-30', 2),
(1053, 151, 1, '2023-01-11', '2023-12-30', 1),
(1054, 151, 9, '2023-01-11', '2023-12-30', 1),
(1055, 151, 3, '2023-03-01', '2023-04-30', 2),
(1056, 152, 1, '2023-01-11', '2023-12-30', 2),
(1057, 152, 9, '2023-01-11', '2023-12-30', 1),
(1058, 152, 3, '2023-03-01', '2023-04-30', 2),
(1059, 152, 12, '2023-01-11', '2023-12-30', 1),
(1060, 153, 1, '2023-01-11', '2023-12-30', 2),
(1061, 153, 9, '2023-01-11', '2023-12-30', 2),
(1062, 153, 3, '2023-03-01', '2023-04-30', 2),
(1063, 155, 1, '2023-01-11', '2023-12-30', 2),
(1064, 155, 9, '2023-01-11', '2023-12-30', 1),
(1065, 155, 3, '2023-03-01', '2023-04-30', 2),
(1066, 155, 12, '2023-01-11', '2023-12-30', 2),
(1067, 156, 1, '2023-01-11', '2023-12-30', 2),
(1068, 156, 9, '2023-01-11', '2023-12-30', 1),
(1069, 156, 3, '2023-03-01', '2023-04-30', 2),
(1070, 156, 12, '2023-01-11', '2023-12-30', 2),
(1071, 12, 12, '2023-01-11', '2023-12-30', 2),
(1072, 157, 1, '2023-01-11', '2023-12-30', 2),
(1073, 157, 9, '2023-01-11', '2023-12-30', 2),
(1074, 157, 3, '2023-03-01', '2023-04-30', 2),
(1075, 158, 1, '2023-01-11', '2023-12-30', 2),
(1076, 158, 9, '2023-01-11', '2023-12-30', 2),
(1077, 158, 3, '2023-03-01', '2023-04-30', 2),
(1078, 159, 1, '2023-01-11', '2023-12-30', 2),
(1079, 159, 9, '2023-01-11', '2023-12-30', 2),
(1080, 159, 3, '2023-03-01', '2023-04-30', 1),
(1081, 159, 12, '2023-01-11', '2023-12-30', 2);

-- --------------------------------------------------------

--
-- 資料表結構 `coupon_state`
--

CREATE TABLE `coupon_state` (
  `sid` int(11) NOT NULL,
  `coupon_state` varchar(20) NOT NULL
) ENGINE=InnoDB DEFAULT CHARSET=utf8 COLLATE=utf8_general_ci;

--
-- 傾印資料表的資料 `coupon_state`
--

INSERT INTO `coupon_state` (`sid`, `coupon_state`) VALUES
(1, '目前無效'),
(2, '目前有效');

-- --------------------------------------------------------

--
-- 資料表結構 `coupon_used`
--

CREATE TABLE `coupon_used` (
  `sid` int(11) NOT NULL,
  `coupon_used` varchar(20) NOT NULL
) ENGINE=InnoDB DEFAULT CHARSET=utf8 COLLATE=utf8_general_ci;

--
-- 傾印資料表的資料 `coupon_used`
--

INSERT INTO `coupon_used` (`sid`, `coupon_used`) VALUES
(1, '已使用'),
(2, '未使用'),
(3, '已到期');

-- --------------------------------------------------------

--
-- 資料表結構 `lesson`
--

CREATE TABLE `lesson` (
  `sid` int(11) NOT NULL,
  `lesson_id` varchar(50) NOT NULL COMMENT '課程編號',
  `lesson_name` varchar(50) NOT NULL COMMENT '課程名稱',
  `lesson_category_sid` int(11) NOT NULL COMMENT '課程分類',
  `lesson_price` int(11) NOT NULL COMMENT '課程價格',
  `lesson_date` text DEFAULT NULL,
  `lesson_hours` int(255) NOT NULL COMMENT '課程時數',
  `lesson_teacher_sid` int(11) NOT NULL COMMENT '老師',
  `lesson_info1` varchar(255) NOT NULL COMMENT '課程資訊',
  `lesson_info2` varchar(255) NOT NULL COMMENT '詳細課程資訊',
  `lesson_img` varchar(255) DEFAULT NULL COMMENT '課程圖片',
  `lesson_uplimit` int(11) NOT NULL COMMENT '人數上限',
  `lesson_lowerlimit` int(11) NOT NULL COMMENT '人數下限',
  `lesson_onsale_sid` int(11) NOT NULL COMMENT '上架狀態',
  `lesson_created_at` datetime DEFAULT current_timestamp() COMMENT '建立日期',
  `lesson_update_date` datetime DEFAULT current_timestamp() COMMENT '異動日期'
) ENGINE=InnoDB DEFAULT CHARSET=utf8mb4 COLLATE=utf8mb4_general_ci;

--
-- 傾印資料表的資料 `lesson`
--

INSERT INTO `lesson` (`sid`, `lesson_id`, `lesson_name`, `lesson_category_sid`, `lesson_price`, `lesson_date`, `lesson_hours`, `lesson_teacher_sid`, `lesson_info1`, `lesson_info2`, `lesson_img`, `lesson_uplimit`, `lesson_lowerlimit`, `lesson_onsale_sid`, `lesson_created_at`, `lesson_update_date`) VALUES
(1, 'lesson_0001', '有機農活半日遊', 1, 500, '2023-03-30,2023-03-31', 3, 1, '活動內容:農場作物導覽 / 農機體驗 / 蔬菜包裝出貨流程認識\n<br>伴手禮:季節蔬菜*1份\n', '作為台灣最重要農產品的水稻，同樣面臨種植面積減少、產量下降的情況，雖然在政策與農民的共同努力下，已漸趨穩定，卻也衍生出其他問題。  水稻栽培技術成熟，機械化程度高、代耕體系完備，現在只要打通電話就能種稻。稻米作為重要的軍需食物，至今仍有公糧稻穀保價收購，不用擔心銷售。', 'farm_1.jpg,farm_2.jpg,farm_3.jpg,farm_5.jpg', 20, 10, 1, '2022-12-12 11:17:04', '2022-12-12 11:17:04'),
(2, 'lesson_0002', '菜園裡的餐桌', 1, 400, '2023-04-03,2023-04-04', 3, 1, '活動內容:\n農場作物導覽 / 農機體驗 / 蔬菜包裝出貨流程認識\n<br>伴手禮 : 季節蔬菜*1份\n', '「溫室能讓民眾體會務農辛苦的地方，不然在夏天時進去待個5分鐘就知道了！」  佳豐還有一個特色，那便是蔬果的種類品項多。除了有機葉菜類之外，還有各種根莖類、瓜果類以及外面較少見的新鮮百合。由於品項豐富，因此全年都有作物可以採收，並提供參加體驗的民眾試吃，像是小黃瓜、彩椒、番茄，甚至百合都能當場採收試吃，而且生吃最能夠品嚐到有機的鮮美。', 'farm_22.jpg,farm_11.jpg,farm_10.jpg,farm_12.jpg', 20, 12, 1, '2022-12-12 11:28:03', '2022-12-15 16:01:59'),
(3, 'lesson_0003', '百香果農事體驗', 1, 500, '2023-04-05,2023-04-06', 3, 1, '活動內容:\n百香果園入園 / 現採現吃(60分鐘)/ 百香果凍及蒟蒻條試吃 /場地保險 /果園解說\n<br>伴手禮:百香果醬\n', '攜著小茶籃，戴著小斗笠，走進茶園，透過導覽解說了解茶園如何運作與採摘，扮成一日茶人，邊採著茶配著農夫茶水，完成體驗。', 'farm_18.jpg,farm_19.jpg,farm_20.jpg,farm_21.jpg', 20, 10, 1, '2022-12-12 11:46:44', '2022-12-12 11:46:44'),
(4, 'lesson_0004', '橘子成熟了', 2, 500, '2023-04-07,2023-04-08', 3, 2, '活動內容:\n農場作物導覽 / 農機體驗 / 橘子包裝出貨流程認識\n<br>伴手禮 : 橘子', '橘子也慢慢成熟可以採收了，在這秋高氣爽的季節，很適合讓民眾認識有機農業生產狀況與生態環境的不同，同時體驗有機食材帶來的美好。', 'harvest_14.jpg,harvest_15.jpg,harvest_16.jpg,harvest_17.jpg', 20, 10, 2, '2022-12-12 15:28:26', '2022-12-12 15:28:26'),
(5, 'lesson_0005', '來農場抜蘿蔔吧', 2, 380, '2023-04-09,2023-04-10', 2, 2, '活動內容:\n農場作物導覽 / 農機體驗 / 蘿蔔包裝出貨流程認識\n<br>伴手禮 : 白蘿蔔,紅蘿蔔', '春暖花開的三月是春天的尾巴，田區裡的冬季作物目前是最茁壯的時候，高麗菜、紅蘿蔔、甜豌豆、白蘿蔔，讓大家認識冬季餐桌上常見的蔬菜，體驗之餘，也可以享受悠閒的田園風情，舒適的硬體與開伙設備，讓大家可以品嚐食物的真實滋味與口感，歡迎大家來農場走走!!', 'harvest_1.jpg,harvest_2.jpg,harvest_3.jpg,harvest_10.jpg', 20, 10, 4, '2022-12-12 15:45:25', '2022-12-12 15:45:25'),
(6, 'lesson_0006', '春日凍頂茶', 2, 500, '2023-04-11,2023-04-12', 2, 2, '活動內容:\n農場作物導覽 / 農機體驗 / 茶葉包裝出貨流程認識\n<br>伴手禮 : 季節茶葉包*1份', '攜著小茶籃，戴著小斗笠，走進茶園，透過導覽解說了解茶園如何運作與採摘，扮成一日採茶人，邊採著茶配著農夫茶水，完成體驗。', 'farm_14.jpg,farm_15.jpg,farm_16.jpg,farm_23.jpg', 20, 5, 1, '2022-12-12 15:48:51', '2022-12-12 15:48:51'),
(7, 'lesson_0007', '法式香水精油調香系列課程', 3, 1000, '2023-04-13,2023-04-14', 3, 3, '活動內容:\n香水基礎認識與講解 / 了解何謂賦香率 / IG打卡美照教學\n<br>伴手禮:百匯水果香水', '下班後的美好時光由您親自掌握，來到下班隨手作體驗 DIY 課程帶來的樂趣與感動', 'made_12.jpg,made_13.jpg,made_14.jpg,made_15.jpg', 10, 5, 1, '2022-12-12 15:51:40', '2022-12-12 15:51:40'),
(8, 'lesson_0008', '草莓派對', 3, 220, '2023-04-15,2023-04-16', 4, 3, '活動內容:\n農場作物導覽 / 草莓農機體驗 / 草莓甜品手工製作\n<br>伴手禮 : 草莓', '草莓採收季節的某天上午，一早到白石湖造訪林伯伯，種草莓的網室就在住家斜對面，\r\n一陣輕風吹來，立即被香甜的奶油氣息包圍，甚是驚人。林家門口站著一位郵差，\r\n在原地躊躇、扭捏著雙手不肯離去，不時往網室探頭，又轉頭往林家的方向癡望。', 'made_2.jpg,made_3.jpg,made_4.jpg,made_8.jpg', 15, 8, 1, '2022-12-12 15:53:55', '2022-12-12 15:53:55'),
(9, 'lesson_0009', '小農夫體驗營', 3, 800, '2023-04-17,2023-04-18', 4, 3, '活動內容:\n園區導覽/香草聞聞看\n農作DIY(依季節推出不同農作體驗)/手工製作斗笠\n<br>伴手禮:斗笠\n', '在質樸的環境中，體驗自然生態的趣味與奧妙。帶著孩子一起走進大自然，開拓孩子們的全新視野。', 'made_7.jpg,made_6.jpg,made_5.jpg,made_16.jpg', 20, 10, 3, '2022-12-12 15:54:10', '2022-12-12 15:54:10'),
(10, 'lesson_0010', '相遇夏季螢光微旅行', 4, 280, '2023-04-19,2023-04-20', 3, 4, '活動內容:\r\n園區導覽/螢火蟲觀賞', '夜色，月光氤氳，樹間，陣陣蟲鳴；近郊山林，700公尺海拔，只有在純淨無染的環境，才看得到牠們閃爍光芒。點點光亮、陣陣飛舞，宛如觸手可及的天川之光。仲夏之夜，來森林一品茶席、一賞點燈、夜觀螢火，相遇最浪漫的風景。', 'bug_1.jpg,bug_2.jpg,bug_3.jpg,bug_4.jpg', 10, 5, 1, '2022-12-12 15:59:47', '2022-12-12 15:59:47'),
(11, 'lesson_0011', '踏上綠意的小徑', 4, 280, '2023-04-21,2023-04-22', 3, 4, '活動內容:\r\n園區導覽/認識大自然/觀賞大自然美', '避開細雨微潤的落葉，步上生苔的蜿蜒小徑，不知不覺，全身已被婆娑的綠意環抱。\r\n舉目所見，樹勢各異的果樹蒼翠欲滴，有的枝節健壯，有的葉茂果碩，構成一片愜意的林園景致，行至深處，一陣清風吹來了濃厚的芬多精，長枝隨風晃著晃著，彷彿將人晃到另一個夢鄉。\r\n', 'learn_10.jpg,learn_11.jpg,learn_12.jpg,learn_9.jpg', 10, 5, 1, '2022-12-12 15:59:47', '2022-12-12 15:59:47'),
(12, 'lesson_0012', '食農生態認識', 4, 280, '2023-04-23,2023-04-24', 3, 4, '活動內容:\r\n認識農場蔬果/導覽當季蔬果種類。', '隨著時代變遷，世界地球村的時代之下，農業面臨激烈競爭，為因應瞬息萬變的環境，在本場嚴格遵守合作原則的前提下，致力於創新、健全的經營管理制度及新觀念企業化經營方式，追求更高且更有效率之經營成果，使本農場之業務更趨穩定發展，提高農民收益，進而改善果農生活。', 'learn_13.jpg,learn_14.jpg,learn_15.jpg,learn_16.jpg', 10, 5, 1, '2022-12-12 15:59:47', '2022-12-12 15:59:47');

-- --------------------------------------------------------

--
-- 資料表結構 `lesson_category`
--

CREATE TABLE `lesson_category` (
  `sid` int(11) NOT NULL,
  `lesson_category` varchar(20) NOT NULL
) ENGINE=InnoDB DEFAULT CHARSET=utf8mb4 COLLATE=utf8mb4_general_ci;

--
-- 傾印資料表的資料 `lesson_category`
--

INSERT INTO `lesson_category` (`sid`, `lesson_category`) VALUES
(1, '農作體驗'),
(2, '採收體驗'),
(3, '親子手作'),
(4, '生態小學堂');

-- --------------------------------------------------------

--
-- 資料表結構 `lesson_onsale`
--

CREATE TABLE `lesson_onsale` (
  `sid` int(11) NOT NULL,
  `lesson_onsale` varchar(20) NOT NULL
) ENGINE=InnoDB DEFAULT CHARSET=utf8 COLLATE=utf8_general_ci;

--
-- 傾印資料表的資料 `lesson_onsale`
--

INSERT INTO `lesson_onsale` (`sid`, `lesson_onsale`) VALUES
(1, '開放報名'),
(2, '人數額滿'),
(3, '課程取消'),
(4, '課程結束');

-- --------------------------------------------------------

--
-- 資料表結構 `lesson_teacher`
--

CREATE TABLE `lesson_teacher` (
  `sid` int(11) NOT NULL,
  `name` varchar(255) NOT NULL,
  `slogan` varchar(255) NOT NULL,
  `teacher_info` varchar(255) NOT NULL,
  `teacher_img` varchar(255) NOT NULL
) ENGINE=InnoDB DEFAULT CHARSET=utf8mb4 COLLATE=utf8mb4_unicode_ci;

--
-- 傾印資料表的資料 `lesson_teacher`
--

INSERT INTO `lesson_teacher` (`sid`, `name`, `slogan`, `teacher_info`, `teacher_img`) VALUES
(1, '屋大維', '農耕達人', '栽種在翠綠田疇間的西瓜與南瓜，每一顆看起來渾圓飽滿，在田裡忙進忙出的，是這些瓜果的主人陳俊佑，今年32歲的他，大學念的是土壤環境科學系，大三在學校農場實習，第一次吃到自己種的蔬菜，美味又有成就感，同學眼中普通的實習課，扭轉了他的一生。\r\n\r\n「課堂上學了很多土壤下的東西，但我對於土壤上生長的東西更有興趣。」享受收成喜悅的當下，他立志從事農業相關的行業。', 'teacher01.png'),
(2, '王大維', '採收達人', '起苗栗老家那一片綠油油的稻田，心中浮現踏實感，決定回家鄉單純當個務農者，由爺爺親身指導，可惜老人家經驗豐富卻不善表達，求知若渴的鍾維平得知耕新團召募農務人員的消息，立即提出申請，入團後多次派遣到水稻主上工服務，從農友身旁邊做邊學，從實作中快速成長。', 'teacher02.png'),
(3, '林小美', '親子達人', '曾在國立臺灣科學教育館擔任小學生科學DIY活動課程設計及講師、科普教育展覽活動規劃執行等，因為太喜歡小小孩，現在除了是全職兩寶媽也兼職在信誼親子學堂擔任1.5歲全方位課程講師，而在陪伴孩子的過程，發現自已需要學習更多對於照護孩子的專業技能，遂在今年成為國立臺北健康大學嬰幼兒保育系所碩士生，期以自身不同領堿之專業帶領孩子看見不一樣的世界!', 'teacher03.png'),
(4, '張善意', '生態達人', '擁有開朗、樂觀的個性，是孩子眼中的大朋友！擅於在喜愛的大自然中引導孩童觀察自然環境，透過多年累積的野外調查經驗，帶領孩子探索於自然，並發掘生物遺留下的痕跡，作為生態觀察的引導。樂於陪伴孩童、帶領孩子體驗周遭環境，在團體互動、互助下幫助孩子們在自然中學習成長。阿信老師是台灣青斑蝶專家，是台灣第一個解開青斑蝶遷移之謎的學者唷！', 'teacher04.png');

-- --------------------------------------------------------

--
-- 資料表結構 `members`
--

CREATE TABLE `members` (
  `sid` int(11) NOT NULL,
  `member_email` varchar(50) DEFAULT NULL,
  `member_password_hash` varchar(255) DEFAULT NULL,
  `member_name` varchar(50) DEFAULT NULL,
  `member_nickname` varchar(50) DEFAULT NULL,
  `member_mobile` varchar(20) DEFAULT NULL,
  `member_address_1` varchar(30) DEFAULT NULL,
  `member_address_2` varchar(10) DEFAULT NULL,
  `member_address_3` varchar(50) DEFAULT NULL,
  `member_birthday` varchar(30) DEFAULT NULL,
  `member_img` varchar(255) DEFAULT NULL,
  `member_state_sid` int(11) DEFAULT 1,
  `member_correct` varchar(4) NOT NULL,
  `member_publish_date` datetime DEFAULT current_timestamp(),
  `member_update_date` datetime DEFAULT current_timestamp()
) ENGINE=InnoDB DEFAULT CHARSET=utf8mb4 COLLATE=utf8mb4_general_ci;

--
-- 傾印資料表的資料 `members`
--

INSERT INTO `members` (`sid`, `member_email`, `member_password_hash`, `member_name`, `member_nickname`, `member_mobile`, `member_address_1`, `member_address_2`, `member_address_3`, `member_birthday`, `member_img`, `member_state_sid`, `member_correct`, `member_publish_date`, `member_update_date`) VALUES
(1, 'farmerwww33@gmail.com', '$2a$10$amY362KDvpIiy2pc./tYs.2fKEzX10TIK8uHS4YMccG2sP/YyWTYW', '王小農', 'Farmily', '0918842826', '臺北市', '大安區', '復興南路一段390號', '1991-11-02', 'member_avatar_0.png', 1, '', '2023-03-10 00:20:19', '2023-03-10 00:20:19'),
(2, 'farmer@test.com', '$2a$10$amY362KDvpIiy2pc./tYs.2fKEzX10TIK8uHS4YMccG2sP/YyWTYW', '林柏翰', '柏翰', '0910762', '臺北市', '大安區', '復興南路一段390號', '1996-10-29', '1679294439961-507.jpg', 2, '', '2023-03-10 00:20:19', '2023-03-10 00:20:19'),
(3, 'mail92949@test.com', '$2a$10$amY362KDvpIiy2pc./tYs.2fKEzX10TIK8uHS4YMccG2sP/YyWTYW', '袁宇軒', '宇軒', '0918832101', '臺北市', '大安區', '復興南路一段390號', '1986-09-18', '2.png', 2, '', '2023-03-10 00:20:19', '2023-03-10 00:20:19'),
(4, 'mail42370@test.c', '$2a$10$amY362KDvpIiy2pc./tYs.2fKEzX10TIK8uHS4YMccG2sP/YyWTYW', '胡家瑋', '家瑋', '0918909556', '臺北市', '大安區', '復興南路一段390號', '1996-03-14', '3.png', 1, '', '2023-03-10 00:20:19', '2023-03-10 00:20:19'),
(5, 'mail60330@test.com', '$2a$10$amY362KDvpIiy2pc./tYs.2fKEzX10TIK8uHS4YMccG2sP/YyWTYW', '黃家豪', '家豪', '0918746154', '臺北市', '大安區', '復興南路一段390號', '1995-09-03', '4.png', 3, '', '2023-03-10 00:20:19', '2023-03-10 00:20:19'),
(6, 'mail60976@test.com', '$2a$10$amY362KDvpIiy2pc./tYs.2fKEzX10TIK8uHS4YMccG2sP/YyWTYW', '羅佳穎', '佳穎', '0918130426', '臺北市', '大安區', '復興南路一段390號', '1996-03-25', '5.png', 3, '', '2023-03-10 00:20:19', '2023-03-10 00:20:19'),
(7, 'mail99230@test.com', '$2a$10$amY362KDvpIiy2pc./tYs.2fKEzX10TIK8uHS4YMccG2sP/YyWTYW', '黃冠霖', '冠', '0918217242', '臺北市', '大安區', '復興南路一段390號', '1990-01-29', '1679640939291-28.png', 2, '', '2023-03-10 00:20:19', '2023-03-10 00:20:19'),
(8, 'mail65438@test.com', '$2a$10$amY362KDvpIiy2pc./tYs.2fKEzX10TIK8uHS4YMccG2sP/YyWTYW', '宋怡萱', '怡萱', '0918867947', '臺北市', '大安區', '復興南路一段390號', '1994-10-29', '7.png', 1, '', '2023-03-10 00:20:19', '2023-03-10 00:20:19'),
(9, 'mail76176@test.com', '$2a$10$amY362KDvpIiy2pc./tYs.2fKEzX10TIK8uHS4YMccG2sP/YyWTYW', '呂雅婷', '雅婷', '0918829482', '臺北市', '大安區', '復興南路一段390號', '1990-01-04', '8.png', 1, '', '2023-03-10 00:20:19', '2023-03-10 00:20:19'),
(10, 'mail28440@test.com', '$2a$10$amY362KDvpIiy2pc./tYs.2fKEzX10TIK8uHS4YMccG2sP/YyWTYW', '唐冠廷', '冠廷', '0918917333', '臺北市', '大安區', '復興南路一段390號', '1985-03-10', '9.png', 2, '', '2023-03-10 00:20:19', '2023-03-10 00:20:19'),
(11, 'mail96646@test.com', '$2a$10$amY362KDvpIiy2pc./tYs.2fKEzX10TIK8uHS4YMccG2sP/YyWTYW', '梁怡君', '怡君', '0918889949', '臺北市', '大安區', '復興南路一段390號', '1998-06-18', '10.png', 3, '', '2023-03-10 00:20:19', '2023-03-10 00:20:19'),
(12, 'mail84226@test.com', '$2a$10$amY362KDvpIiy2pc./tYs.2fKEzX10TIK8uHS4YMccG2sP/YyWTYW', '黃宇軒', '宇軒', '0918694176', '臺北市', '大安區', '復興南路一段390號', '1996-08-29', '11.png', 1, '', '2023-03-10 00:20:19', '2023-03-10 00:20:19'),
(13, 'mail92695@test.com', '$2a$10$amY362KDvpIiy2pc./tYs.2fKEzX10TIK8uHS4YMccG2sP/YyWTYW', '許郁婷', '郁婷', '0918545887', '臺北市', '大安區', '復興南路一段390號', '1997-03-18', '12.png', 2, '', '2023-03-10 00:20:19', '2023-03-10 00:20:19'),
(14, 'mail44575@test.com', '$2a$10$amY362KDvpIiy2pc./tYs.2fKEzX10TIK8uHS4YMccG2sP/YyWTYW', '郭宜庭', '宜庭', '0918813753', '臺北市', '大安區', '復興南路一段390號', '1997-03-28', '13.png', 2, '', '2023-03-10 00:20:19', '2023-03-10 00:20:19'),
(15, 'mail15877@test.com', '$2a$10$amY362KDvpIiy2pc./tYs.2fKEzX10TIK8uHS4YMccG2sP/YyWTYW', '許怡萱', '怡萱', '0918415926', '臺北市', '大安區', '復興南路一段390號', '1985-03-21', '14.png', 3, '', '2023-03-10 00:20:19', '2023-03-10 00:20:19'),
(16, 'mail58167@test.com', '$2a$10$amY362KDvpIiy2pc./tYs.2fKEzX10TIK8uHS4YMccG2sP/YyWTYW', '周彥廷', '彥廷', '0918963492', '臺北市', '大安區', '復興南路一段390號', '1997-07-04', '15.png', 2, '', '2023-03-10 00:20:19', '2023-03-10 00:20:19'),
(17, 'mail12466@test.com', '$2a$10$amY362KDvpIiy2pc./tYs.2fKEzX10TIK8uHS4YMccG2sP/YyWTYW', '鄭佳穎', '佳穎', '0918737054', '臺北市', '大安區', '復興南路一段390號', '1989-06-06', '16.png', 2, '', '2023-03-10 00:20:19', '2023-03-10 00:20:19'),
(18, 'mail31563@test.com', '$2a$10$amY362KDvpIiy2pc./tYs.2fKEzX10TIK8uHS4YMccG2sP/YyWTYW', '何柏翰', '柏翰', '0918826245', '臺北市', '大安區', '復興南路一段390號', '1987-10-23', '17.png', 3, '', '2023-03-10 00:20:19', '2023-03-10 00:20:19'),
(19, 'mail20501@test.com', '$2a$10$amY362KDvpIiy2pc./tYs.2fKEzX10TIK8uHS4YMccG2sP/YyWTYW', '孫宇軒', '宇軒', '0918562491', '臺北市', '大安區', '復興南路一段390號', '1998-06-28', '18.png', 2, '', '2023-03-10 00:20:19', '2023-03-10 00:20:19'),
(20, 'mail64442@test.com', '$2a$10$amY362KDvpIiy2pc./tYs.2fKEzX10TIK8uHS4YMccG2sP/YyWTYW', '梁宇軒', '宇軒', '0918173256', '臺北市', '大安區', '復興南路一段390號', '1988-09-12', '19.png', 1, '', '2023-03-10 00:20:19', '2023-03-10 00:20:19'),
(21, 'mail14925@test.com', '$2a$10$amY362KDvpIiy2pc./tYs.2fKEzX10TIK8uHS4YMccG2sP/YyWTYW', '馮彥廷', '彥廷', '0918753057', '臺北市', '大安區', '復興南路一段390號', '1995-10-07', '20.png', 1, '', '2023-03-10 00:20:19', '2023-03-10 00:20:19'),
(22, 'mail45785@test.com', '$2a$10$amY362KDvpIiy2pc./tYs.2fKEzX10TIK8uHS4YMccG2sP/YyWTYW', '韓冠廷', '冠廷', '0918824880', '臺北市', '大安區', '復興南路一段390號', '1988-05-03', '21.png', 3, '', '2023-03-10 00:20:19', '2023-03-10 00:20:19'),
(23, 'mail52706@test.com', '$2a$10$amY362KDvpIiy2pc./tYs.2fKEzX10TIK8uHS4YMccG2sP/YyWTYW', '韓柏翰', '柏翰', '0918436377', '臺北市', '大安區', '復興南路一段390號', '1999-10-22', '22.png', 3, '', '2023-03-10 00:20:19', '2023-03-10 00:20:19'),
(24, 'mail79171@test.com', '$2a$10$amY362KDvpIiy2pc./tYs.2fKEzX10TIK8uHS4YMccG2sP/YyWTYW', '呂冠宇', '冠宇', '0918382843', '臺北市', '大安區', '復興南路一段390號', '1994-10-31', '23.png', 2, '', '2023-03-10 00:20:19', '2023-03-10 00:20:19'),
(25, 'mail26284@test.com', '$2a$10$amY362KDvpIiy2pc./tYs.2fKEzX10TIK8uHS4YMccG2sP/YyWTYW', '曹詩涵', '詩涵', '0918802926', '臺北市', '大安區', '復興南路一段390號', '1988-02-19', '24.png', 2, '', '2023-03-10 00:20:19', '2023-03-10 00:20:19'),
(26, 'mail16549@test.com', '$2a$10$amY362KDvpIiy2pc./tYs.2fKEzX10TIK8uHS4YMccG2sP/YyWTYW', '彭宇軒', '宇軒', '0918570055', '臺北市', '大安區', '復興南路一段390號', '1997-08-25', '25.png', 3, '', '2023-03-10 00:20:19', '2023-03-10 00:20:19'),
(27, 'mail32088@test.com', '$2a$10$amY362KDvpIiy2pc./tYs.2fKEzX10TIK8uHS4YMccG2sP/YyWTYW', '鄭宇軒', '宇軒', '0918688654', '臺北市', '大安區', '復興南路一段390號', '1988-09-05', '26.png', 3, '', '2023-03-10 00:20:19', '2023-03-10 00:20:19'),
(28, 'mail75928@test.com', '$2a$10$amY362KDvpIiy2pc./tYs.2fKEzX10TIK8uHS4YMccG2sP/YyWTYW', '唐承翰', '承翰', '0918188631', '臺北市', '大安區', '復興南路一段390號', '1997-11-20', '27.png', 3, '', '2023-03-10 00:20:19', '2023-03-10 00:20:19'),
(29, 'mail18428@test.com', '$2a$10$amY362KDvpIiy2pc./tYs.2fKEzX10TIK8uHS4YMccG2sP/YyWTYW', '梁佳穎', '佳穎', '0918201263', '臺北市', '大安區', '復興南路一段390號', '1993-07-23', '28.png', 3, '', '2023-03-10 00:20:19', '2023-03-10 00:20:19'),
(30, 'mail89954@test.com', '$2a$10$amY362KDvpIiy2pc./tYs.2fKEzX10TIK8uHS4YMccG2sP/YyWTYW', '孫家豪', '家豪', '0918684306', '臺北市', '大安區', '復興南路一段390號', '1985-05-28', '29.png', 2, '', '2023-03-10 00:20:19', '2023-03-10 00:20:19'),
(31, 'mail44999@test.com', '$2a$10$amY362KDvpIiy2pc./tYs.2fKEzX10TIK8uHS4YMccG2sP/YyWTYW', '彭宗翰', '宗翰', '0918534371', '臺北市', '大安區', '復興南路一段390號', '1997-07-16', '30.png', 2, '', '2023-03-10 00:20:19', '2023-03-10 00:20:19'),
(32, 'mail26134@test.com', '$2a$10$amY362KDvpIiy2pc./tYs.2fKEzX10TIK8uHS4YMccG2sP/YyWTYW', '鄧怡婷', '怡婷', '0918665603', '臺北市', '大安區', '復興南路一段390號', '1993-05-25', '31.png', 3, '', '2023-03-10 00:20:19', '2023-03-10 00:20:19'),
(33, 'mail58571@test.com', '$2a$10$amY362KDvpIiy2pc./tYs.2fKEzX10TIK8uHS4YMccG2sP/YyWTYW', '朱雅婷', '雅婷', '0918942921', '臺北市', '大安區', '復興南路一段390號', '1986-03-01', '32.png', 1, '', '2023-03-10 00:20:19', '2023-03-10 00:20:19'),
(34, 'mail79155@test.com', '$2a$10$amY362KDvpIiy2pc./tYs.2fKEzX10TIK8uHS4YMccG2sP/YyWTYW', '曹郁婷', '郁婷', '0918410831', '臺北市', '大安區', '復興南路一段390號', '1989-09-13', '33.png', 3, '', '2023-03-10 00:20:19', '2023-03-10 00:20:19'),
(35, 'mail16128@test.com', '$2a$10$amY362KDvpIiy2pc./tYs.2fKEzX10TIK8uHS4YMccG2sP/YyWTYW', '曹冠宇', '冠宇', '0918767812', '臺北市', '大安區', '復興南路一段390號', '1992-09-26', '34.png', 3, '', '2023-03-10 00:20:19', '2023-03-10 00:20:19'),
(36, 'mail89564@test.com', '$2a$10$amY362KDvpIiy2pc./tYs.2fKEzX10TIK8uHS4YMccG2sP/YyWTYW', '鄭宇軒', '宇軒', '0918113212', '臺北市', '大安區', '復興南路一段390號', '1996-11-18', '35.png', 3, '', '2023-03-10 00:20:19', '2023-03-10 00:20:19'),
(37, 'mail55115@test.com', '$2a$10$amY362KDvpIiy2pc./tYs.2fKEzX10TIK8uHS4YMccG2sP/YyWTYW', '曹家瑋', '家瑋', '0918505651', '臺北市', '大安區', '復興南路一段390號', '1991-03-08', '36.png', 3, '', '2023-03-10 00:20:19', '2023-03-10 00:20:19'),
(38, 'mail70628@test.com', '$2a$10$amY362KDvpIiy2pc./tYs.2fKEzX10TIK8uHS4YMccG2sP/YyWTYW', '周冠廷', '冠廷', '0918389335', '臺北市', '大安區', '復興南路一段390號', '1987-09-13', '37.png', 2, '', '2023-03-10 00:20:19', '2023-03-10 00:20:19'),
(39, 'mail35963@test.com', '$2a$10$amY362KDvpIiy2pc./tYs.2fKEzX10TIK8uHS4YMccG2sP/YyWTYW', '林彥廷', '彥廷', '0918519410', '臺北市', '大安區', '復興南路一段390號', '1988-08-20', '38.png', 3, '', '2023-03-10 00:20:19', '2023-03-10 00:20:19'),
(40, 'mail57456@test.com', '$2a$10$amY362KDvpIiy2pc./tYs.2fKEzX10TIK8uHS4YMccG2sP/YyWTYW', '傅雅婷', '雅婷', '0918327417', '臺北市', '大安區', '復興南路一段390號', '1991-07-19', '39.png', 3, '', '2023-03-10 00:20:19', '2023-03-10 00:20:19'),
(41, 'mail65314@test.com', '$2a$10$amY362KDvpIiy2pc./tYs.2fKEzX10TIK8uHS4YMccG2sP/YyWTYW', '袁怡萱', '怡萱', '0918448286', '臺北市', '大安區', '復興南路一段390號', '1992-04-05', '40.png', 1, '', '2023-03-10 00:20:19', '2023-03-10 00:20:19'),
(42, 'mail72770@test.com', '$2a$10$amY362KDvpIiy2pc./tYs.2fKEzX10TIK8uHS4YMccG2sP/YyWTYW', '彭雅婷', '雅婷', '0918219809', '臺北市', '大安區', '復興南路一段390號', '1993-09-02', '41.png', 3, '', '2023-03-10 00:20:19', '2023-03-10 00:20:19'),
(43, 'mail64556@test.com', '$2a$10$amY362KDvpIiy2pc./tYs.2fKEzX10TIK8uHS4YMccG2sP/YyWTYW', '高雅筑', '雅筑', '0918181875', '臺北市', '大安區', '復興南路一段390號', '1985-12-09', '42.png', 1, '', '2023-03-10 00:20:19', '2023-03-10 00:20:19'),
(44, 'mail35488@test.com', '$2a$10$amY362KDvpIiy2pc./tYs.2fKEzX10TIK8uHS4YMccG2sP/YyWTYW', '鄧郁婷', '郁婷', '0918599235', '臺北市', '大安區', '復興南路一段390號', '1985-07-16', '43.png', 1, '', '2023-03-10 00:20:19', '2023-03-10 00:20:19'),
(45, 'mail27197@test.com', '$2a$10$amY362KDvpIiy2pc./tYs.2fKEzX10TIK8uHS4YMccG2sP/YyWTYW', '曾承翰', '承翰', '0918306324', '臺北市', '大安區', '復興南路一段390號', '1990-03-11', '44.png', 3, '', '2023-03-10 00:20:19', '2023-03-10 00:20:19'),
(46, 'mail90070@test.com', '$2a$10$amY362KDvpIiy2pc./tYs.2fKEzX10TIK8uHS4YMccG2sP/YyWTYW', '蕭怡婷', '怡婷', '0918654219', '臺北市', '大安區', '復興南路一段390號', '1988-01-14', '45.png', 3, '', '2023-03-10 00:20:19', '2023-03-10 00:20:19'),
(47, 'mail46190@test.com', '$2a$10$amY362KDvpIiy2pc./tYs.2fKEzX10TIK8uHS4YMccG2sP/YyWTYW', '沈雅筑', '雅筑', '0918220890', '臺北市', '大安區', '復興南路一段390號', '1996-02-11', '46.png', 1, '', '2023-03-10 00:20:19', '2023-03-10 00:20:19'),
(48, 'mail65798@test.com', '$2a$10$amY362KDvpIiy2pc./tYs.2fKEzX10TIK8uHS4YMccG2sP/YyWTYW', '何怡君', '怡君', '0918817878', '臺北市', '大安區', '復興南路一段390號', '1998-07-13', '47.png', 3, '', '2023-03-10 00:20:19', '2023-03-10 00:20:19'),
(49, 'mail47146@test.com', '$2a$10$amY362KDvpIiy2pc./tYs.2fKEzX10TIK8uHS4YMccG2sP/YyWTYW', '宋承翰', '承翰', '0918816002', '臺北市', '大安區', '復興南路一段390號', '1998-01-27', '48.png', 1, '', '2023-03-10 00:20:19', '2023-03-10 00:20:19'),
(50, 'mail13392@test.com', '$2a$10$amY362KDvpIiy2pc./tYs.2fKEzX10TIK8uHS4YMccG2sP/YyWTYW', '黃冠霖', '冠霖', '0918429185', '臺北市', '大安區', '復興南路一段390號', '1999-02-02', '49.png', 2, '', '2023-03-10 00:20:19', '2023-03-10 00:20:19'),
(51, 'mail49155@test.com', '$2a$10$amY362KDvpIiy2pc./tYs.2fKEzX10TIK8uHS4YMccG2sP/YyWTYW', '馮冠宇', '冠宇', '0918363250', '臺北市', '大安區', '復興南路一段390號', '1985-05-20', '50.png', 2, '', '2023-03-10 00:20:19', '2023-03-10 00:20:19'),
(52, 'mail68864@test.com', '$2a$10$amY362KDvpIiy2pc./tYs.2fKEzX10TIK8uHS4YMccG2sP/YyWTYW', '程宇軒', '宇軒', '0918807222', '臺北市', '大安區', '復興南路一段390號', '1986-11-11', '51.png', 2, '', '2023-03-10 00:20:19', '2023-03-10 00:20:19'),
(53, 'mail77322@test.com', '$2a$10$amY362KDvpIiy2pc./tYs.2fKEzX10TIK8uHS4YMccG2sP/YyWTYW', '何佳穎', '佳穎', '0918827501', '臺北市', '大安區', '復興南路一段390號', '1998-04-10', '52.png', 1, '', '2023-03-10 00:20:19', '2023-03-10 00:20:19'),
(54, 'mail23688@test.com', '$2a$10$amY362KDvpIiy2pc./tYs.2fKEzX10TIK8uHS4YMccG2sP/YyWTYW', '馬怡萱', '怡萱', '0918273000', '臺北市', '大安區', '復興南路一段390號', '1998-07-12', '53.png', 1, '', '2023-03-10 00:20:19', '2023-03-10 00:20:19'),
(55, 'mail37744@test.com', '$2a$10$amY362KDvpIiy2pc./tYs.2fKEzX10TIK8uHS4YMccG2sP/YyWTYW', '彭冠宇', '冠宇', '0918444919', '臺北市', '大安區', '復興南路一段390號', '1986-02-13', '54.png', 3, '', '2023-03-10 00:20:19', '2023-03-10 00:20:19'),
(56, 'mail78054@test.com', '$2a$10$amY362KDvpIiy2pc./tYs.2fKEzX10TIK8uHS4YMccG2sP/YyWTYW', '馮宜庭', '宜庭', '0918715728', '臺北市', '大安區', '復興南路一段390號', '1987-05-30', '55.png', 2, '', '2023-03-10 00:20:19', '2023-03-10 00:20:19'),
(57, 'mail13443@test.com', '$2a$10$amY362KDvpIiy2pc./tYs.2fKEzX10TIK8uHS4YMccG2sP/YyWTYW', '楊彥廷', '彥廷', '0918203445', '臺北市', '大安區', '復興南路一段390號', '1999-04-17', '56.png', 1, '', '2023-03-10 00:20:19', '2023-03-10 00:20:19'),
(58, 'mail48373@test.com', '$2a$10$amY362KDvpIiy2pc./tYs.2fKEzX10TIK8uHS4YMccG2sP/YyWTYW', '傅家瑋', '家瑋', '0918697593', '臺北市', '大安區', '復興南路一段390號', '1998-10-27', '57.png', 3, '', '2023-03-10 00:20:19', '2023-03-10 00:20:19'),
(59, 'mail87454@test.com', '$2a$10$amY362KDvpIiy2pc./tYs.2fKEzX10TIK8uHS4YMccG2sP/YyWTYW', '彭家豪', '家豪', '0918650860', '臺北市', '大安區', '復興南路一段390號', '1985-03-23', '58.png', 3, '', '2023-03-10 00:20:19', '2023-03-10 00:20:19'),
(60, 'mail21210@test.com', '$2a$10$amY362KDvpIiy2pc./tYs.2fKEzX10TIK8uHS4YMccG2sP/YyWTYW', '朱冠廷', '冠廷', '0918150149', '臺北市', '大安區', '復興南路一段390號', '1985-09-03', '59.png', 1, '', '2023-03-10 00:20:19', '2023-03-10 00:20:19'),
(61, 'mail19620@test.com', '$2a$10$amY362KDvpIiy2pc./tYs.2fKEzX10TIK8uHS4YMccG2sP/YyWTYW', '徐家豪', '家豪', '0918756617', '臺北市', '大安區', '復興南路一段390號', '1988-05-01', '60.png', 3, '', '2023-03-10 00:20:19', '2023-03-10 00:20:19'),
(62, 'mail87949@test.com', '$2a$10$amY362KDvpIiy2pc./tYs.2fKEzX10TIK8uHS4YMccG2sP/YyWTYW', '朱家豪', '家豪', '0918845301', '臺北市', '大安區', '復興南路一段390號', '1994-02-07', '61.png', 1, '', '2023-03-10 00:20:19', '2023-03-10 00:20:19'),
(63, 'mail81229@test.com', '$2a$10$amY362KDvpIiy2pc./tYs.2fKEzX10TIK8uHS4YMccG2sP/YyWTYW', '吳宜庭', '宜庭', '0918815056', '臺北市', '大安區', '復興南路一段390號', '1993-06-17', '62.png', 2, '', '2023-03-10 00:20:19', '2023-03-10 00:20:19'),
(64, 'mail98148@test.com', '$2a$10$amY362KDvpIiy2pc./tYs.2fKEzX10TIK8uHS4YMccG2sP/YyWTYW', '羅彥廷', '彥廷', '0918351224', '臺北市', '大安區', '復興南路一段390號', '1988-02-02', '63.png', 3, '', '2023-03-10 00:20:19', '2023-03-10 00:20:19'),
(65, 'mail67674@test.com', '$2a$10$amY362KDvpIiy2pc./tYs.2fKEzX10TIK8uHS4YMccG2sP/YyWTYW', '黃怡萱', '怡萱', '0918284617', '臺北市', '大安區', '復興南路一段390號', '1995-07-17', '64.png', 1, '', '2023-03-10 00:20:19', '2023-03-10 00:20:19'),
(66, 'mail34273@test.com', '$2a$10$amY362KDvpIiy2pc./tYs.2fKEzX10TIK8uHS4YMccG2sP/YyWTYW', '何冠霖', '冠霖', '0918667565', '臺北市', '大安區', '復興南路一段390號', '1991-08-08', '65.png', 2, '', '2023-03-10 00:20:19', '2023-03-10 00:20:19'),
(67, 'mail79030@test.com', '$2a$10$amY362KDvpIiy2pc./tYs.2fKEzX10TIK8uHS4YMccG2sP/YyWTYW', '徐雅婷', '雅婷', '0918455715', '臺北市', '大安區', '復興南路一段390號', '1992-03-06', '66.png', 1, '', '2023-03-10 00:20:19', '2023-03-10 00:20:19'),
(68, 'mail88021@test.com', '$2a$10$amY362KDvpIiy2pc./tYs.2fKEzX10TIK8uHS4YMccG2sP/YyWTYW', '鄭雅筑', '雅筑', '0918442778', '臺北市', '大安區', '復興南路一段390號', '1988-11-01', '67.png', 1, '', '2023-03-10 00:20:19', '2023-03-10 00:20:19'),
(69, 'mail58194@test.com', '$2a$10$amY362KDvpIiy2pc./tYs.2fKEzX10TIK8uHS4YMccG2sP/YyWTYW', '張柏翰', '柏翰', '0918323597', '臺北市', '大安區', '復興南路一段390號', '1986-07-03', '68.png', 2, '', '2023-03-10 00:20:19', '2023-03-10 00:20:19'),
(70, 'mail92568@test.com', '$2a$10$amY362KDvpIiy2pc./tYs.2fKEzX10TIK8uHS4YMccG2sP/YyWTYW', '彭鈺婷', '鈺婷', '0918171899', '臺北市', '大安區', '復興南路一段390號', '1990-08-21', '69.png', 2, '', '2023-03-10 00:20:19', '2023-03-10 00:20:19'),
(71, 'mail41808@test.com', '$2a$10$amY362KDvpIiy2pc./tYs.2fKEzX10TIK8uHS4YMccG2sP/YyWTYW', '沈冠霖', '冠霖', '0918550358', '臺北市', '大安區', '復興南路一段390號', '1994-02-10', '70.png', 1, '', '2023-03-10 00:20:19', '2023-03-10 00:20:19'),
(72, 'mail68938@test.com', '$2a$10$amY362KDvpIiy2pc./tYs.2fKEzX10TIK8uHS4YMccG2sP/YyWTYW', '周怡君', '怡君', '0918955794', '臺北市', '大安區', '復興南路一段390號', '1990-06-20', '71.png', 3, '', '2023-03-10 00:20:19', '2023-03-10 00:20:19'),
(73, 'mail16063@test.com', '$2a$10$amY362KDvpIiy2pc./tYs.2fKEzX10TIK8uHS4YMccG2sP/YyWTYW', '董怡君', '怡君', '0918452464', '臺北市', '大安區', '復興南路一段390號', '1987-03-03', '72.png', 3, '', '2023-03-10 00:20:19', '2023-03-10 00:20:19'),
(74, 'mail46284@test.com', '$2a$10$amY362KDvpIiy2pc./tYs.2fKEzX10TIK8uHS4YMccG2sP/YyWTYW', '劉郁婷', '郁婷', '0918943747', '臺北市', '大安區', '復興南路一段390號', '1992-10-19', '73.png', 1, '', '2023-03-10 00:20:19', '2023-03-10 00:20:19'),
(75, 'mail16657@test.com', '$2a$10$amY362KDvpIiy2pc./tYs.2fKEzX10TIK8uHS4YMccG2sP/YyWTYW', '陳冠霖', '冠霖', '0918254823', '臺北市', '大安區', '復興南路一段390號', '1994-10-15', '74.png', 3, '', '2023-03-10 00:20:19', '2023-03-10 00:20:19'),
(76, 'mail78929@test.com', '$2a$10$amY362KDvpIiy2pc./tYs.2fKEzX10TIK8uHS4YMccG2sP/YyWTYW', '陳鈺婷', '鈺婷', '0918774321', '臺北市', '大安區', '復興南路一段390號', '1988-03-13', '75.png', 1, '', '2023-03-10 00:20:19', '2023-03-10 00:20:19'),
(77, 'mail65773@test.com', '$2a$10$amY362KDvpIiy2pc./tYs.2fKEzX10TIK8uHS4YMccG2sP/YyWTYW', '謝雅婷', '雅婷', '0918175584', '臺北市', '大安區', '復興南路一段390號', '1994-03-13', '76.png', 1, '', '2023-03-10 00:20:19', '2023-03-10 00:20:19'),
(78, 'mail74395@test.com', '$2a$10$amY362KDvpIiy2pc./tYs.2fKEzX10TIK8uHS4YMccG2sP/YyWTYW', '沈承翰', '承翰', '0918770529', '臺北市', '大安區', '復興南路一段390號', '1994-01-18', '77.png', 1, '', '2023-03-10 00:20:19', '2023-03-10 00:20:19'),
(79, 'mail69772@test.com', '$2a$10$amY362KDvpIiy2pc./tYs.2fKEzX10TIK8uHS4YMccG2sP/YyWTYW', '彭彥廷', '彥廷', '0918218248', '臺北市', '大安區', '復興南路一段390號', '1988-04-14', '78.png', 1, '', '2023-03-10 00:20:19', '2023-03-10 00:20:19'),
(80, 'mail54366@test.com', '$2a$10$amY362KDvpIiy2pc./tYs.2fKEzX10TIK8uHS4YMccG2sP/YyWTYW', '楊郁婷', '郁婷', '0918301058', '臺北市', '大安區', '復興南路一段390號', '1993-05-20', '79.png', 3, '', '2023-03-10 00:20:19', '2023-03-10 00:20:19'),
(81, 'mail44911@test.com', '$2a$10$amY362KDvpIiy2pc./tYs.2fKEzX10TIK8uHS4YMccG2sP/YyWTYW', '曾冠霖', '冠霖', '0918814309', '臺北市', '大安區', '復興南路一段390號', '1990-05-25', '80.png', 2, '', '2023-03-10 00:20:19', '2023-03-10 00:20:19'),
(82, 'mail20238@test.com', '$2a$10$amY362KDvpIiy2pc./tYs.2fKEzX10TIK8uHS4YMccG2sP/YyWTYW', '郭詩涵', '詩涵', '0918142881', '臺北市', '大安區', '復興南路一段390號', '1994-02-23', '81.png', 1, '', '2023-03-10 00:20:19', '2023-03-10 00:20:19'),
(83, 'mail46305@test.com', '$2a$10$amY362KDvpIiy2pc./tYs.2fKEzX10TIK8uHS4YMccG2sP/YyWTYW', '馬家豪', '家豪', '0918159188', '臺北市', '大安區', '復興南路一段390號', '1994-06-27', '82.png', 3, '', '2023-03-10 00:20:19', '2023-03-10 00:20:19'),
(84, 'mail51387@test.com', '$2a$10$amY362KDvpIiy2pc./tYs.2fKEzX10TIK8uHS4YMccG2sP/YyWTYW', '李柏翰', '柏翰', '0918801332', '臺北市', '大安區', '復興南路一段390號', '1986-03-10', '83.png', 2, '', '2023-03-10 00:20:19', '2023-03-10 00:20:19'),
(85, 'mail67901@test.com', '$2a$10$amY362KDvpIiy2pc./tYs.2fKEzX10TIK8uHS4YMccG2sP/YyWTYW', '鄧郁婷', '郁婷', '0918814625', '臺北市', '大安區', '復興南路一段390號', '1999-07-28', '84.png', 2, '', '2023-03-10 00:20:19', '2023-03-10 00:20:19'),
(86, 'mail35568@test.com', '$2a$10$amY362KDvpIiy2pc./tYs.2fKEzX10TIK8uHS4YMccG2sP/YyWTYW', '李鈺婷', '鈺婷', '0918202713', '臺北市', '大安區', '復興南路一段390號', '1994-03-04', '85.png', 1, '', '2023-03-10 00:20:19', '2023-03-10 00:20:19'),
(87, 'mail21344@test.com', '$2a$10$amY362KDvpIiy2pc./tYs.2fKEzX10TIK8uHS4YMccG2sP/YyWTYW', '高雅婷', '雅婷', '0918592270', '臺北市', '大安區', '復興南路一段390號', '1997-12-04', '86.png', 1, '', '2023-03-10 00:20:19', '2023-03-10 00:20:19'),
(88, 'mail71671@test.com', '$2a$10$amY362KDvpIiy2pc./tYs.2fKEzX10TIK8uHS4YMccG2sP/YyWTYW', '鄧彥廷', '彥廷', '0918935441', '臺北市', '大安區', '復興南路一段390號', '1993-02-28', '87.png', 3, '', '2023-03-10 00:20:19', '2023-03-10 00:20:19'),
(89, 'mail26435@test.com', '$2a$10$amY362KDvpIiy2pc./tYs.2fKEzX10TIK8uHS4YMccG2sP/YyWTYW', '陳冠廷', '冠廷', '0918976805', '臺北市', '大安區', '復興南路一段390號', '1993-11-29', '88.png', 2, '', '2023-03-10 00:20:19', '2023-03-10 00:20:19'),
(90, 'mail61173@test.com', '$2a$10$amY362KDvpIiy2pc./tYs.2fKEzX10TIK8uHS4YMccG2sP/YyWTYW', '陳冠廷', '冠廷', '0918170793', '臺北市', '大安區', '復興南路一段390號', '1987-12-13', '89.png', 1, '', '2023-03-10 00:20:20', '2023-03-10 00:20:20'),
(91, 'mail70323@test.com', '$2a$10$amY362KDvpIiy2pc./tYs.2fKEzX10TIK8uHS4YMccG2sP/YyWTYW', '何柏翰', '柏翰', '0918993832', '臺北市', '大安區', '復興南路一段390號', '1993-09-07', '90.png', 2, '', '2023-03-10 00:20:20', '2023-03-10 00:20:20'),
(92, 'mail95771@test.com', '$2a$10$amY362KDvpIiy2pc./tYs.2fKEzX10TIK8uHS4YMccG2sP/YyWTYW', '林怡萱', '怡萱', '0918304587', '臺北市', '大安區', '復興南路一段390號', '1987-11-19', '91.png', 1, '', '2023-03-10 00:20:20', '2023-03-10 00:20:20'),
(93, 'mail44893@test.com', '$2a$10$amY362KDvpIiy2pc./tYs.2fKEzX10TIK8uHS4YMccG2sP/YyWTYW', '吳宜庭', '宜庭', '0918739474', '臺北市', '大安區', '復興南路一段390號', '1988-11-05', '92.png', 2, '', '2023-03-10 00:20:20', '2023-03-10 00:20:20'),
(94, 'mail91016@test.com', '$2a$10$amY362KDvpIiy2pc./tYs.2fKEzX10TIK8uHS4YMccG2sP/YyWTYW', '傅冠廷', '冠廷', '0918461343', '臺北市', '大安區', '復興南路一段390號', '1996-12-03', '93.png', 2, '', '2023-03-10 00:20:20', '2023-03-10 00:20:20'),
(95, 'mail32781@test.com', '$2a$10$amY362KDvpIiy2pc./tYs.2fKEzX10TIK8uHS4YMccG2sP/YyWTYW', '傅冠宇', '冠宇', '0918895018', '臺北市', '大安區', '復興南路一段390號', '1996-04-25', '94.png', 1, '', '2023-03-10 00:20:20', '2023-03-10 00:20:20'),
(96, 'mail75681@test.com', '$2a$10$amY362KDvpIiy2pc./tYs.2fKEzX10TIK8uHS4YMccG2sP/YyWTYW', '林怡萱', '怡萱', '0918834883', '臺北市', '大安區', '復興南路一段390號', '1987-06-24', '95.png', 2, '', '2023-03-10 00:20:20', '2023-03-10 00:20:20'),
(97, 'mail12480@test.com', '$2a$10$amY362KDvpIiy2pc./tYs.2fKEzX10TIK8uHS4YMccG2sP/YyWTYW', '梁詩涵', '詩涵', '0918307996', '臺北市', '大安區', '復興南路一段390號', '1999-05-27', '96.png', 1, '', '2023-03-10 00:20:20', '2023-03-10 00:20:20'),
(98, 'mail52134@test.com', '$2a$10$amY362KDvpIiy2pc./tYs.2fKEzX10TIK8uHS4YMccG2sP/YyWTYW', '高怡君', '怡君', '0918830544', '臺北市', '大安區', '復興南路一段390號', '1996-03-12', '97.png', 1, '', '2023-03-10 00:20:20', '2023-03-10 00:20:20'),
(99, 'mail70895@test.com', '$2a$10$amY362KDvpIiy2pc./tYs.2fKEzX10TIK8uHS4YMccG2sP/YyWTYW', '許宇軒', '宇軒', '0918379058', '臺北市', '大安區', '復興南路一段390號', '1996-03-13', '98.png', 2, '', '2023-03-10 00:20:20', '2023-03-10 00:20:20'),
(100, 'mail91610@test.com', '$2a$10$amY362KDvpIiy2pc./tYs.2fKEzX10TIK8uHS4YMccG2sP/YyWTYW', '林宗翰', '宗翰', '0918258567', '臺北市', '大安區', '復興南路一段390號', '1993-09-11', '99.png', 2, '', '2023-03-10 00:20:20', '2023-03-10 00:20:20'),
(151, 'k1234o3333333@gmail.com', '$2b$10$0mfRCBU5d0lrXMazRQbALuFxKhuXNqA52XLr82pjnxxaFNppuQhCW', '林廷', '123', '0912345415', '新北市', '板橋區', '新湖鎮小湖路123巷4號', '1992-04-01', '1679641486897-75.png', 1, '9545', '2023-03-24 15:04:50', '2023-03-24 15:04:50'),
(152, '123aaaaaaa@123.com', '$2b$10$jjO7tUxJVG6l0BXl2UU4S.TWf2fXIGsatkau9ToFdFcHSXeMfn1Km', '林廷', '123', '0912345415', '基隆市', '信義區', '新湖鎮小湖路123巷4號', '1992-04-01', '1679642367795-657.png', 1, '2611', '2023-03-24 15:19:29', '2023-03-24 15:19:29'),
(153, 'k1234o3123@gmail.com', '$2b$10$zoz0NExdfidYzN9XmfSjzO75c2ZboH/gDIuxUCFe9936RpXQuMfWm', '林廷', '123', '0912345415', '連江縣', '北竿鄉', '新湖鎮小湖路123巷4號', '1992-04-01', '1679646147185-214.png', 1, '8191', '2023-03-24 16:22:29', '2023-03-24 16:22:29'),
(155, '321@321.com', '$2b$10$mukW/GJL5BGqvV67Blnfne0VIc028n4Bo33OF1PjA.GKARSWnY5Bi', '王每花', '花', '0922333333', NULL, NULL, '萬曆皆', '1992-04-01', '1679648745244-893.png', 1, '8171', '2023-03-24 16:44:14', '2023-03-24 16:44:14'),
(156, '123@gmail.com', '$2b$10$03JdFGFhapu9Igwl2gBuN.BTbGWNFcG.BLF/vIX9VarK8hQO4ZVJi', '王每', '花', '0925555555', '新北市', '深坑區', '往每村123號', '1992-04-01', '1679651476762-402.png', 1, '8370', '2023-03-24 17:39:26', '2023-03-24 17:39:26'),
(158, 'k1234o312333@gmail.com', '$2b$10$uPiDkDz2oxaPiKucaTvDhOkAERN7yK9bQ5dpnX00uLIb6IeYyHE/i', '林廷', '停停', '0912345415', '連江縣', '北竿鄉', '新湖鎮小湖路123巷4號', '1992-04-01', '1679888967658-343.png', 1, '4055', '2023-03-27 11:49:30', '2023-03-27 11:49:30'),
(159, 'farmer1@farm.com', '$2b$10$Wn7u0Sl6.FEpGDpAvupy.Obsd5oTtzSvCdIJRVpU/Lx0nlqvZoxkW', '王曉農', '曉曉農', '0922331245', '新竹縣', '北區', '光明六路東一段265號', '1992-04-01', '1679898905106-529.png', 1, '9076', '2023-03-27 14:14:50', '2023-03-27 14:14:50');

-- --------------------------------------------------------

--
-- 資料表結構 `member_state`
--

CREATE TABLE `member_state` (
  `sid` int(11) NOT NULL,
  `member_state` varchar(20) NOT NULL
) ENGINE=InnoDB DEFAULT CHARSET=utf8mb4 COLLATE=utf8mb4_general_ci;

--
-- 傾印資料表的資料 `member_state`
--

INSERT INTO `member_state` (`sid`, `member_state`) VALUES
(1, '未驗證'),
(2, '使用中'),
(3, '已禁用');

-- --------------------------------------------------------

--
-- 資料表結構 `order`
--

CREATE TABLE `order` (
  `order_id` varchar(200) NOT NULL,
  `transaction_id` varchar(200) DEFAULT NULL,
  `amount` int(11) DEFAULT NULL,
  `status` varchar(200) DEFAULT NULL,
  `created` bigint(20) DEFAULT NULL,
  `order_info` text DEFAULT NULL COMMENT 'log JSON',
  `reservation` text DEFAULT NULL COMMENT 'log JSON',
  `confirm` text DEFAULT NULL COMMENT 'log JSON',
  `return_code` varchar(100) DEFAULT NULL
) ENGINE=InnoDB DEFAULT CHARSET=utf8 COLLATE=utf8_general_ci;

--
-- 傾印資料表的資料 `order`
--

INSERT INTO `order` (`order_id`, `transaction_id`, `amount`, `status`, `created`, `order_info`, `reservation`, `confirm`, `return_code`) VALUES
('ecc7302e-37f2-467c-8c39-78634db87c0a', '2023032747706452010', 8490, 'pending', 1679899353928, '{\"orderId\":\"ecc7302e-37f2-467c-8c39-78634db87c0a\",\"currency\":\"TWD\",\"amount\":8490,\"packages\":[{\"id\":\"25e3975e-bfca-44af-9be8-928cbe02f250\",\"amount\":8490,\"products\":[{\"id\":\"product_0001\",\"img\":\"passion_fruit_001.jpg\",\"name\":\"網室黃金百香果\",\"slogan\":\"異國風味新感受\",\"price\":899,\"quantity\":5,\"itemTotal\":4495},{\"id\":\"product_0002\",\"img\":\"passion_fruit_003.jpg\",\"name\":\"台農一號百香果\",\"slogan\":\"超飽滿果肉網室栽種\",\"price\":799,\"quantity\":5,\"itemTotal\":3995}]}],\"options\":{\"display\":{\"locale\":\"zh_TW\"}}}', '{\"orderId\":\"ecc7302e-37f2-467c-8c39-78634db87c0a\",\"currency\":\"TWD\",\"amount\":8490,\"packages\":[{\"id\":\"25e3975e-bfca-44af-9be8-928cbe02f250\",\"amount\":8490,\"products\":[{\"id\":\"product_0001\",\"img\":\"passion_fruit_001.jpg\",\"name\":\"網室黃金百香果\",\"slogan\":\"異國風味新感受\",\"price\":899,\"quantity\":5,\"itemTotal\":4495},{\"id\":\"product_0002\",\"img\":\"passion_fruit_003.jpg\",\"name\":\"台農一號百香果\",\"slogan\":\"超飽滿果肉網室栽種\",\"price\":799,\"quantity\":5,\"itemTotal\":3995}]}],\"options\":{\"display\":{\"locale\":\"zh_TW\"}},\"returnCode\":\"0000\",\"returnMessage\":\"Success.\",\"transactionId\":\"2023032747706452010\",\"paymentAccessToken\":\"662470794725\"}', NULL, NULL);

-- --------------------------------------------------------

--
-- 資料表結構 `order_lesson`
--

CREATE TABLE `order_lesson` (
  `sid` int(11) NOT NULL,
  `order_uuid` varchar(255) NOT NULL,
  `order_id` varchar(255) NOT NULL,
  `lesson_img` varchar(30) NOT NULL,
  `member_sid` int(11) NOT NULL,
  `coupon_sid` int(11) NOT NULL,
  `sumprice` int(255) NOT NULL,
  `order_remark` varchar(255) CHARACTER SET big5 COLLATE big5_bin DEFAULT NULL,
  `order_paid` int(11) NOT NULL,
  `order_refund` int(11) NOT NULL,
  `order_sdate` date NOT NULL,
  `order_edate` date NOT NULL
) ENGINE=InnoDB DEFAULT CHARSET=utf8mb4 COLLATE=utf8mb4_general_ci;

--
-- 傾印資料表的資料 `order_lesson`
--

INSERT INTO `order_lesson` (`sid`, `order_uuid`, `order_id`, `lesson_img`, `member_sid`, `coupon_sid`, `sumprice`, `order_remark`, `order_paid`, `order_refund`, `order_sdate`, `order_edate`) VALUES
(1, 'f11a8dec-7ad8-47a4-9b61-72e0ee314138', 'FMWmokBmBB', 'farm_1.jpg', 143, 0, 12114, '無備註', 0, 3, '2023-03-27', '2023-03-27'),
(2, '7f05cda8-d0c9-47ab-9ed4-185e901296fe', 'FMGgkMQ5fR', 'farm_1.jpg', 143, 0, 5000, '無備註', 0, 3, '2023-03-27', '2023-03-27'),
(3, '16fcb18b-8474-43c9-9cec-f5d964acaabb', 'FM3qdrqAV6', 'farm_22.jpg', 143, 0, 2000, '無備註', 0, 3, '2023-03-27', '2023-03-27'),
(4, '6f20ab05-4edc-4ae4-86ff-e388b3eadf57', 'FMEiuXZkaz', 'farm_22.jpg', 143, 0, 4000, '無備註', 0, 3, '2023-03-27', '2023-03-27'),
(5, '0aef6c2a-4ed9-457d-9aeb-6067300d0a21', 'FM2MKWhZVx', 'farm_18.jpg', 143, 0, 9214, '無備註', 0, 3, '2023-03-27', '2023-03-27'),
(6, '12f0e1d8-1bed-452c-97f3-1dd8b10f8966', 'FM3Lf6AoG7', 'farm_18.jpg', 143, 0, 9999, '無備註', 0, 3, '2023-03-27', '2023-03-27'),
(7, 'a7194f87-088b-4079-b7ec-ba13e51568c3', 'FMMdn3n2RU', 'farm_22.jpg', 143, 0, 400, '無備註', 0, 3, '2023-03-27', '2023-03-27'),
(8, '58e4bcce-e441-4f25-9198-8867557e64f8', 'FMByfTVVhi', 'farm_1.jpg', 1, 0, 10000, '無備註', 0, 3, '2023-03-27', '2023-03-27'),
(9, '6c1f71d8-220c-4169-835e-28db7881492d', 'FMEMPLeT1p', 'farm_1.jpg', 1, 0, 5000, '無備註', 0, 3, '2023-03-27', '2023-03-27'),
(10, '3874dfc7-d5ab-4a89-b453-88fc217972b0', 'FM7yM7BDx5', 'farm_1.jpg', 1, 0, 10000, '無備註', 0, 3, '2023-03-27', '2023-03-27');

-- --------------------------------------------------------

--
-- 資料表結構 `order_lesson_details`
--

CREATE TABLE `order_lesson_details` (
  `sid` int(11) NOT NULL,
  `order_uuid` varchar(255) NOT NULL,
  `lesson_id` varchar(255) NOT NULL,
  `lesson_img` varchar(30) NOT NULL,
  `lesson_name` varchar(255) CHARACTER SET big5 COLLATE big5_bin NOT NULL,
  `lesson_price` int(255) NOT NULL,
  `lesson_quantity` varchar(255) NOT NULL,
  `lesson_date` text NOT NULL
) ENGINE=InnoDB DEFAULT CHARSET=utf8mb4 COLLATE=utf8mb4_general_ci;

--
-- 傾印資料表的資料 `order_lesson_details`
--

INSERT INTO `order_lesson_details` (`sid`, `order_uuid`, `lesson_id`, `lesson_img`, `lesson_name`, `lesson_price`, `lesson_quantity`, `lesson_date`) VALUES
(1, 'f11a8dec-7ad8-47a4-9b61-72e0ee314138', 'lesson_0001', 'farm_1.jpg', '有機農活半日遊', 500, '20', '2023-04-01'),
(2, '7f05cda8-d0c9-47ab-9ed4-185e901296fe', 'lesson_0001', 'farm_1.jpg', '有機農活半日遊', 500, '10', '2023-04-02'),
(3, '16fcb18b-8474-43c9-9cec-f5d964acaabb', 'lesson_0002', 'farm_22.jpg', '菜園裡的餐桌', 400, '5', '2023-04-03'),
(4, '6f20ab05-4edc-4ae4-86ff-e388b3eadf57', 'lesson_0002', 'farm_22.jpg', '菜園裡的餐桌', 400, '10', '2023-04-04'),
(5, '0aef6c2a-4ed9-457d-9aeb-6067300d0a21', 'lesson_0003', 'farm_18.jpg', '百香果農事體驗', 500, '13', '2023-04-05'),
(6, '12f0e1d8-1bed-452c-97f3-1dd8b10f8966', 'lesson_0003', 'farm_18.jpg', '百香果農事體驗', 500, '14', '2023-04-06'),
(7, 'a7194f87-088b-4079-b7ec-ba13e51568c3', 'lesson_0002', 'farm_22.jpg', '菜園裡的餐桌', 400, '1', '2023-04-04'),
(8, '58e4bcce-e441-4f25-9198-8867557e64f8', 'lesson_0001', 'farm_1.jpg', '有機農活半日遊', 500, '20', '2023-04-02'),
(9, '6c1f71d8-220c-4169-835e-28db7881492d', 'lesson_0001', 'farm_1.jpg', '有機農活半日遊', 500, '10', '2023-03-31'),
(10, '3874dfc7-d5ab-4a89-b453-88fc217972b0', 'lesson_0001', 'farm_1.jpg', '有機農活半日遊', 500, '20', '2023-03-30');

-- --------------------------------------------------------

--
-- 資料表結構 `order_paid`
--

CREATE TABLE `order_paid` (
  `sid` int(11) NOT NULL,
  `order_paid` varchar(20) NOT NULL
) ENGINE=InnoDB DEFAULT CHARSET=utf8mb4 COLLATE=utf8mb4_general_ci;

--
-- 傾印資料表的資料 `order_paid`
--

INSERT INTO `order_paid` (`sid`, `order_paid`) VALUES
(0, '已付款'),
(1, '未付款'),
(2, '已取消');

-- --------------------------------------------------------

--
-- 資料表結構 `order_product`
--

CREATE TABLE `order_product` (
  `sid` int(11) NOT NULL,
  `order_uuid` varchar(255) NOT NULL,
  `order_id` varchar(255) NOT NULL,
  `product_img` varchar(30) NOT NULL,
  `member_sid` int(11) NOT NULL COMMENT '所屬會員',
  `coupon_sid` int(11) NOT NULL COMMENT '套用折扣',
  `sumprice` int(11) NOT NULL,
  `order_remark` varchar(255) CHARACTER SET big5 COLLATE big5_bin DEFAULT NULL,
  `order_paid` int(11) NOT NULL COMMENT '付款狀態',
  `order_sended` int(11) NOT NULL COMMENT '出貨狀態',
  `order_refund` int(11) NOT NULL COMMENT '退款狀態',
  `order_sdate` datetime NOT NULL COMMENT '訂單成立日期',
  `order_edate` datetime NOT NULL DEFAULT current_timestamp()
) ENGINE=InnoDB DEFAULT CHARSET=utf8mb4 COLLATE=utf8mb4_general_ci;

--
-- 傾印資料表的資料 `order_product`
--

INSERT INTO `order_product` (`sid`, `order_uuid`, `order_id`, `product_img`, `member_sid`, `coupon_sid`, `sumprice`, `order_remark`, `order_paid`, `order_sended`, `order_refund`, `order_sdate`, `order_edate`) VALUES
(1, 'f11a8dec-7ad8-47a4-9b61-72e0ee314138', 'FMWmokBmBB', 'Monstera_001.jpg', 143, 0, 12114, '無備註', 0, 3, 3, '2023-03-27 10:00:17', '2023-03-27 10:00:17'),
(2, '0aef6c2a-4ed9-457d-9aeb-6067300d0a21', 'FM2MKWhZVx', 'Monstera_001.jpg', 143, 0, 9214, '無備註', 0, 3, 3, '2023-03-27 10:02:23', '2023-03-27 10:02:23'),
(3, '12f0e1d8-1bed-452c-97f3-1dd8b10f8966', 'FM3Lf6AoG7', 'grape_001.jpg', 143, 0, 9999, '無備註', 0, 3, 3, '2023-03-27 10:02:56', '2023-03-27 10:02:56'),
(4, '0c176c28-4345-4afd-9704-184d1258dbad', 'FM2VbpXk9E', 'pro1_001.jpg', 159, 3, 3344, '無備註', 0, 3, 3, '2023-03-27 14:40:24', '2023-03-27 14:40:24'),
(5, '11685fec-27a4-4518-b3df-11f515012cfa', 'FM39gBbiQr', 'passion_fruit_001.jpg', 159, 0, 8490, '無備註', 0, 3, 3, '2023-03-27 14:42:33', '2023-03-27 14:42:33');

-- --------------------------------------------------------

--
-- 資料表結構 `order_product_details`
--

CREATE TABLE `order_product_details` (
  `sid` int(11) NOT NULL,
  `order_uuid` varchar(255) NOT NULL,
  `product_id` varchar(255) NOT NULL,
  `product_name` varchar(255) CHARACTER SET big5 COLLATE big5_bin NOT NULL,
  `product_img` varchar(255) NOT NULL,
  `product_price` int(255) NOT NULL,
  `product_quantity` int(11) NOT NULL
) ENGINE=InnoDB DEFAULT CHARSET=utf8 COLLATE=utf8_general_ci;

--
-- 傾印資料表的資料 `order_product_details`
--

INSERT INTO `order_product_details` (`sid`, `order_uuid`, `product_id`, `product_name`, `product_img`, `product_price`, `product_quantity`) VALUES
(1, 'f11a8dec-7ad8-47a4-9b61-72e0ee314138', 'product_0099', '龜背芋水泥盆栽 ', 'Monstera_001.jpg', 559, 1),
(2, 'f11a8dec-7ad8-47a4-9b61-72e0ee314138', 'product_0004', '黑鑽石樹葡萄', 'grape_001.jpg', 980, 1),
(3, 'f11a8dec-7ad8-47a4-9b61-72e0ee314138', 'product_0041', '黑松露彩頭糕', 'pro1_001.jpg', 200, 1),
(4, 'f11a8dec-7ad8-47a4-9b61-72e0ee314138', 'product_0018', '鹽地玉女小番茄', 'tomato_005.jpg', 375, 1),
(5, '0aef6c2a-4ed9-457d-9aeb-6067300d0a21', 'product_0099', '龜背芋水泥盆栽 ', 'Monstera_001.jpg', 559, 1),
(6, '0aef6c2a-4ed9-457d-9aeb-6067300d0a21', 'product_0004', '黑鑽石樹葡萄', 'grape_001.jpg', 980, 1),
(7, '0aef6c2a-4ed9-457d-9aeb-6067300d0a21', 'product_0041', '黑松露彩頭糕', 'pro1_001.jpg', 200, 1),
(8, '0aef6c2a-4ed9-457d-9aeb-6067300d0a21', 'product_0018', '鹽地玉女小番茄', 'tomato_005.jpg', 180, 1),
(9, '0aef6c2a-4ed9-457d-9aeb-6067300d0a21', 'product_0061', '鳳梨蘋果果醬', 'pro3_021.jpg', 320, 1),
(10, '0aef6c2a-4ed9-457d-9aeb-6067300d0a21', 'product_0067', '鳳梨乾', 'pro4_003.jpg', 375, 1),
(11, '0aef6c2a-4ed9-457d-9aeb-6067300d0a21', 'product_0163', '鮮香猴頭菇', 'vegetable_113.jpg', 100, 1),
(12, '12f0e1d8-1bed-452c-97f3-1dd8b10f8966', 'product_0004', '黑鑽石樹葡萄', 'grape_001.jpg', 559, 1),
(13, '12f0e1d8-1bed-452c-97f3-1dd8b10f8966', 'product_0160', '高級設施金針菇', 'vegetable_107.jpg', 300, 1),
(14, '12f0e1d8-1bed-452c-97f3-1dd8b10f8966', 'product_0048', '韓式醃蘿蔔', 'pro2_005.jpg', 1200, 1),
(15, '12f0e1d8-1bed-452c-97f3-1dd8b10f8966', 'product_0093', '露薇花多肉盆栽', 'Pinkflower_001.jpg', 790, 1),
(16, '12f0e1d8-1bed-452c-97f3-1dd8b10f8966', 'product_0049', '辣醃蘿蔔絲', 'pro2_007.jpg', 150, 1),
(17, '0c176c28-4345-4afd-9704-184d1258dbad', 'product_0041', '黑松露彩頭糕', 'pro1_001.jpg', 200, 2),
(18, '0c176c28-4345-4afd-9704-184d1258dbad', 'product_0163', '鮮香猴頭菇', 'vegetable_113.jpg', 375, 6),
(19, '0c176c28-4345-4afd-9704-184d1258dbad', 'product_0160', '高級設施金針菇', 'vegetable_107.jpg', 150, 7),
(20, '0c176c28-4345-4afd-9704-184d1258dbad', 'product_0099', '龜背芋水泥盆栽 ', 'Monstera_001.jpg', 100, 1),
(21, '11685fec-27a4-4518-b3df-11f515012cfa', 'product_0001', '網室黃金百香果', 'passion_fruit_001.jpg', 899, 5),
(22, '11685fec-27a4-4518-b3df-11f515012cfa', 'product_0002', '台農一號百香果', 'passion_fruit_003.jpg', 799, 5);

-- --------------------------------------------------------

--
-- 資料表結構 `order_refund`
--

CREATE TABLE `order_refund` (
  `sid` int(11) NOT NULL,
  `order_refund` varchar(20) DEFAULT NULL COMMENT '使用者取消/\r\n不符合退款資格'
) ENGINE=InnoDB DEFAULT CHARSET=utf8mb4 COLLATE=utf8mb4_general_ci;

--
-- 傾印資料表的資料 `order_refund`
--

INSERT INTO `order_refund` (`sid`, `order_refund`) VALUES
(0, '申訴處理中'),
(1, '退款完成'),
(2, '退款取消'),
(3, '不需退款'),
(4, '審核中');

-- --------------------------------------------------------

--
-- 資料表結構 `order_sended`
--

CREATE TABLE `order_sended` (
  `sid` int(11) NOT NULL,
  `order_sended` varchar(20) NOT NULL
) ENGINE=InnoDB DEFAULT CHARSET=utf8mb4 COLLATE=utf8mb4_general_ci;

--
-- 傾印資料表的資料 `order_sended`
--

INSERT INTO `order_sended` (`sid`, `order_sended`) VALUES
(0, '已送達'),
(1, '退貨中'),
(2, '配送中'),
(3, '未出貨');

-- --------------------------------------------------------

--
-- 資料表結構 `products`
--

CREATE TABLE `products` (
  `sid` int(3) NOT NULL,
  `product_id` varchar(12) DEFAULT NULL,
  `product_name` varchar(29) DEFAULT NULL,
  `product_spec` varchar(27) DEFAULT NULL,
  `product_slogan` varchar(15) DEFAULT NULL,
  `product_info_1` varchar(214) DEFAULT NULL,
  `product_info_2` varchar(202) DEFAULT NULL,
  `product_brand_sid` int(2) DEFAULT NULL,
  `product_category_sid` int(2) DEFAULT NULL,
  `product_vegetable_sid` varchar(10) DEFAULT NULL,
  `product_processed_sid` varchar(10) DEFAULT NULL,
  `product_price` int(4) DEFAULT NULL,
  `product_img` varchar(43) DEFAULT NULL
) ENGINE=InnoDB DEFAULT CHARSET=utf8 COLLATE=utf8_general_ci;

--
-- 傾印資料表的資料 `products`
--

INSERT INTO `products` (`sid`, `product_id`, `product_name`, `product_spec`, `product_slogan`, `product_info_1`, `product_info_2`, `product_brand_sid`, `product_category_sid`, `product_vegetable_sid`, `product_processed_sid`, `product_price`, `product_img`) VALUES
(1, 'product_0001', '網室黃金百香果', '5台斤/箱，約25-33顆', '異國風味新感受', '高成本打造網室種植，日照不足的季節，使用點燈照光調節產期，讓大家二到六月也能吃到百香果！草生栽培的方式栽種更加安心，吃得到果實的香甜。', '黃金百香果的香氣汁濃郁，一切開就瀰漫整個空間，果肉又多還帶Ｑ度呢！比本土百香果多了一種異國香氣呢！吃過就愛上！', 3, 1, '', '', 899, 'passion_fruit_001.jpg,passion_fruit_002.jpg'),
(2, 'product_0002', '台農一號百香果', '5台斤/箱，約30-35顆', '超飽滿果肉網室栽種', '高成本打造網室種植，日照不足的季節，使用點燈照光調節產期，讓大家二到六月也能吃到百香果！草生栽培的方式栽種更加安心。嚴選自然熟成吊網百香果，吃得到果實的酸甜。', '百香果肉一切開就多汁滿滿溢出來，充滿果香，含豐富營養有維生素A、C、等等，吃起來順口甜香帶點酸！一口接一超美味~還可以自己加蜂蜜、乳酸飲料調配果汁，入菜超清爽。', 3, 1, '', '', 799, 'passion_fruit_003.jpg,passion_fruit_004.jpg'),
(3, 'product_0003', '甜蜜蜜有機枇杷', '2台斤/箱', '有機栽培果香肉甜', '生長於高山環境，日夜溫差大加上有機管理，枇杷肉質細緻Ｑ彈，甜度高，現摘下來的果實，香氣滿分。', '堅持栽種有機農作，拒絕使用基因改造資材，絕不使用對生態有害的農藥，也不使用化學肥料，品質保證，安心又好吃。', 2, 1, '', '', 1280, 'loquat_001.jpg,loquat_002.jpg'),
(4, 'product_0004', '黑鑽石樹葡萄', '1斤/盒，二盒入', '連皮都可以安心吃', '「嘉寶果」俗名稱為樹葡萄，外型如葡萄相似，不過果實卻是長在樹幹上，成熟後猶如黑紫色鑽石。外皮營養超豐富，吃起來帶點酸味；透明的果肉柔軟多汁很甜美，有著類似釋迦、山竹、芭樂的感覺，一果多味的夢幻水果。', '不使用任何農藥、化學肥料與除草劑，僅用自製液態肥料搭配有機肥給樹葡萄補充養份，友善環境也種出安心果實。', 1, 1, '', '', 559, 'grape_001.jpg,grape_002.jpg'),
(5, 'product_0005', '溫室巨峰葡萄', '3台斤/箱，約3-5串入', '產銷履歷驗證', '堅持不使用除草劑，葡萄長的大顆飽滿，加上美美的外表讓然看了就流口水啦，葡萄的產季不要錯過！', '溫室栽培品質穩定，果肉紮實有彈性，多汁果肉肉感十足，天然滋味甜蜜蜜卻不膩口。可以連皮打果汁，或是連皮吃，把營養通通吃下肚，健康又美好的水果~', 4, 1, '', '', 779, 'grape_003.jpg,grape_004.jpg'),
(6, 'product_0006', '沙地橙蜜香小番茄', '4台斤', '不使用除草劑自然安心', '堅持不使用除草劑，種出安心的番茄，有著美麗的金黃色，看了真讓人食指大動。', '橙蜜香番茄含豐富的膳食纖維、維他命C，β胡蘿蔔素，口感Q軟，果實飽滿多汁，營養滿滿美味又健康。', 5, 1, '', '', 939, 'tomato_001.jpg,tomato_002.jpg'),
(7, 'product_0007', '皮薄玉女小番茄', '4台斤/箱，四盒入', '每日現採鮮甜多汁', '現採鮮甜小番茄，農友堅持使用減藥栽培的方式種植，顆顆細心呵護，讓大家都能放心的大口吃。', '玉女番茄外觀橢圓形、顏色鮮紅潤澤，皮薄，果肉多汁，也含有滿滿的膳食纖維、口感非常滑順、鮮甜可口、一顆一顆超涮嘴，停不下來~', 4, 1, '', '', 899, 'tomato_003.jpg,tomato_004.jpg'),
(8, 'product_0008', '高山甜蜜貴妃枇杷', '500g/盒 ±5%，18入/盒，二盒組', '稀有少見甜美多汁超美味', '細心栽種，自然熟成九分熟以上採收。高海拔栽種，純天然高山溪水灌溉，乾淨無汙染，草生栽培，無農藥無化肥栽培，健康安心。', '貴妃枇杷市面少見，相較一般枇杷果粒雖然偏小，但果肉更細緻更甜美喔！', 5, 1, '', '', 699, 'loquat_003.jpg,loquat_004.jpg'),
(9, 'product_0009', '細緻香甜金鑽鳳梨', '9斤/箱，約4-5支', '細緻甜蜜香甜可口', '堅持不使用生長激素，讓大家能吃到最安心的鳳梨，慢慢生長的鳳梨果味更是濃郁香甜。', '果肉非常的細緻，也很多汁，濃郁的鳳梨清香，帶著夏季氣氛，切一切冰過之後更好吃喔！', 1, 1, '', '', 599, 'pineapple_001.jpg,pineapple_002.jpg'),
(10, 'product_0010', '花皮蜜柑', '每箱5台斤，約15-18顆，二箱組', '喝豆漿長大的果樹', '採取友善及減藥栽培法，以新鮮現磨豆漿作為肥料，讓蜜柑樹吸收更多養分，結出高品質的柑橘', '新鮮的蜜柑，堅持完熟後才採收，即使外觀有些許花皮，但不影響果肉的甜美滋味，柑味濃郁的口感，富含豐富營養，高含量的維生素C，飽滿的蜜柑，讓人忍不住一顆接一顆。', 4, 1, '', '', 775, 'orange_001.jpg,orange_002.jpg'),
(11, 'product_0011', '天然果凍黃金果', '3台斤/箱，約6顆入', '金光閃閃甜美多汁', '使用草生栽培、不使用除草劑、無農藥，留給生態與人們最安心的生活環境。', '原產於南美洲的黃金果，含有豐富的維他命C與天然膠質，口感水潤軟綿好似果凍，甜美多汁，老少咸宜。又因為富含鐵質，所以切開會容易快速氧化成褐色，所以最好要盡快食用喔！', 3, 1, '', '', 799, 'gold_001.jpg,gold_002.jpg'),
(12, 'product_0012', '快樂珍珠芭樂', '五斤，約5-9顆', '砂地的多汁高纖芭', '不使用除草劑，搭配微生物、營養劑與酵素，提供果樹更天然無毒的營養，芭樂中吃的到自然的香氣、脆度、還有飽滿的水分！', '種植在砂質的土壤，坡地良好的排水性，讓芭樂水分飽滿，脆度足，吃的到細緻的纖維質呢！', 2, 1, '', '', 499, 'guava_001.jpg,guava_002.jpg'),
(13, 'product_0013', '爽脆紅鑽芭樂', '3.5台斤/箱，約4-6顆入', '口感清爽香氣迷人', '堅持草生栽培，以心葉水薄荷天然防治蚊蟲、農藥未檢出！使用牛奶、豆漿發酵做液肥，成本雖高但芭樂更安心更好吃。', '紅鑽芭樂，營養價值高、果肉鮮紅富含茄紅素與鐵質，口感甘甜帶點花香滋味，籽少肉多，吃起來清爽感增加。重點是高纖低熱量，含有豐富的維他命C及礦物質，營養健康，大人小孩都愛吃！', 1, 1, '', '', 590, 'guava_003.jpg,guava_004.jpg'),
(14, 'product_0014', '安心甘蜜珍珠芭樂', '3.5台斤/箱，約3-5顆入', '草生栽培、減藥管理', '堅持草生栽培，以種植防蟲植物做到減藥管理、農藥未檢出。使用黑糖、牛奶、豆漿發酵做液肥，成本雖高但芭樂更好吃。', '珍珠芭樂清甜帶點香氣，口感爽脆細緻，香甜的果肉中帶著淡淡微鹹，吃起來甘甜甘甜特別好吃夠味！含有豐富的維他命C及礦物質，營養健康，大人小孩都愛吃！', 5, 1, '', '', 400, 'guava_005.jpg,guava_006.jpg'),
(15, 'product_0015', '安心香脆紅心芭樂', '3.5斤/箱，約3-5顆入', '口感自然香氣迷人', '堅持草生栽培，以種植防蟲植物做到減藥管理、農藥未檢出！使用黑糖、牛奶、豆漿發酵做液肥，成本雖高但芭樂更脆更好吃。', '紅心芭樂市面少見，且營養價值高、果肉鮮紅富含茄紅素與鐵質，清甜帶點香氣，口感爽脆而不硬。重點是高纖低熱量，含有豐富的維他命C及礦物質，營養健康，大人小孩都愛吃！', 2, 1, '', '', 529, 'guava_007.jpg,guava_008.jpg'),
(16, 'product_0016', '安心鮮脆帝王芭樂', '3.5台斤/箱，約3-5顆入', '草生栽培、減藥管理', '堅持草生栽培，以種植防蟲植物做到減藥管理、未檢出農藥！使用黑糖、牛奶、豆漿發酵做液肥，成本雖高但芭樂更好吃！', '帝王芭樂甜度高、果肉厚、保鮮期長，是家庭常備水果。口感脆而不硬，香氣十足。纖維高、熱量低，含有豐富的維他命C及礦物質，大人小孩都愛吃！', 1, 1, '', '', 529, 'guava_009.jpg,guava_010.jpg'),
(17, 'product_0017', '老張的紅心芭樂', '五台斤/箱，約8-15顆', '友善環境的清香', '紅心芭樂園多年來減藥栽培，果樹看起來強壯茂盛；草生栽培的果園，土壤踩起來鬆軟有彈性。果園裡生態豐富，果實品質優良。', '紅心芭樂除了有大量的維他命C之外，還有類胡蘿蔔素及茄紅素，讓它的果心呈現粉紅到紅色的漸層。紅心芭樂帶有一絲清香，與珍珠芭樂不太一樣，吃起來層次更豐富喔~', 2, 1, '', '', 629, 'guava_011.jpg,guava_012.jpg'),
(18, 'product_0018', '鹽地玉女小番茄', '4台斤/箱', '神好吃的安心小番茄', '生長於含有鹽份的土壤，不用除草劑栽培，連續採收期不再用藥，改為安全無毒的栽培模式，品管仔細，品質好才敢出宅配，吃得更安心！', '玉女番茄是這幾年非常熱門的品種，皮薄多汁，甜度迷人，完美又多層次的口感，令人回味無窮！', 3, 1, '', '', 980, 'tomato_005.jpg,tomato_006.jpg'),
(19, 'product_0019', '無毒繽紛彩色小番茄', '4台斤', '不使用除草劑自然安心', '堅持不使用除草劑，種出安心的番茄，彩色小番茄有著豐富美麗的外觀，各式品種讓人看了忍不住想嘗一口。', '彩色小番茄外觀顏色繽紛，不同品種也擁有了不同的營養價值，富含豐富的膳食纖維、維他命C、茄紅素，果實肉質細緻，飽滿多汁；料理變化也可以很多，可拿來擺盤、涼拌沙拉蔬食、義大利麵料理等，讓菜色鮮艷好看又好吃。', 6, 1, '', '', 969, 'tomato_007.jpg,tomato_008.jpg'),
(20, 'product_0020', '多汁桶柑', '10斤/箱，約34顆-45顆入', '柑橘味又濃又香', '桶柑又稱為『年柑』，海跋高，溫差大種出來的桶柑果皮較薄、色澤橙橙黃黃、酸甜比例適中、籽也較少，柑橘味特別的濃烈非常的好吃！', '堅持不使用除草劑，自製液肥取代過多的化學肥料，用心照顧，只為了種出更安心又好吃的果實！', 7, 1, '', '', 729, 'orange_003.jpg,orange_004.jpg'),
(21, 'product_0021', '福氣甜茂谷柑', '每箱10斤 ( 腰圍24-25公分 )', '減量用藥更天然', '果園不用除草劑，自製黏蠅工具，降低果蠅危害，不使用藥劑防腐等，提高消費者的購買信心及食安品質，也多一份安心。', '茂谷柑口感豐富有層次，自然果酸，多汁的好滋味，想到就流口水！加上堅持草生栽培、減量用藥，雖然果皮不適很完美光滑，但讓人吃得開心更吃得健康。', 9, 1, '', '', 688, 'orange_005.jpg,orange_006.jpg'),
(22, 'product_0022', '有機安心鮮紅草莓', '300公克18-26顆/盒*2', '最自然原始的風味', '用最健康的方式善待土地、善待果物，因此種植出自然香甜的好味果實，希望把有機的初心推廣給更多人！', '有香水與蜜香兩個品種，每顆都香氣十足，肉質紮實飽滿，甜蜜帶點微果酸，越吃越涮嘴真是迷死人了！', 10, 1, '', '', 999, 'strawberry_001.jpg,strawberry_002.jpg'),
(23, 'product_0023', '友善生態綠保美峰草莓', '每盒350g，約20-34顆入，二盒組', '綠保標章友善生態', '無毒草莓，以對土地最友善的方式種植，不施農藥、化學肥料、除草劑或傷害生物的資材，取得慈心綠保標章，建立友善安全的環境，讓作物與生態共存共榮。', '新品種的美峰草莓，果形較不規則但卻紮實豐厚，有著美麗的紅色，飽滿清脆的口感，微微的花香，酸酸甜甜的滋味，多汁可口，吃一口就戀愛啦！！', 8, 1, '', '', 1180, 'strawberry_003.jpg,strawberry_004.jpg'),
(24, 'product_0024', '蜜香有機無花果', '每箱一台斤，約8-12顆', '富含營養的超級食物', '無花果含有豐富的營養素，能夠幫助腸胃消化，稍微沖洗一下即可連皮一起食用，味道清甜軟綿好入口，非常適合讓老人及小孩食用！', '不管鮮果鮮食還是做蛋糕、甜點都非常適合，是近年網路上極為熱門的超級食物喔！', 6, 1, '', '', 769, 'fig_001.jpg,fig_002.jpg'),
(25, 'product_0025', '花青素果凍牛奶果', '2台斤/箱(含箱重)，約3-5顆入', '稀少珍貴的美味', '牛奶果在台灣市面非常珍稀少見，營養價值高，富有膠原蛋白，還可以與其他水果打成果汁飲用，美味又健康。', '牛奶果層次多，剖開半面有美麗的星芒狀果心，肉質軟嫩香甜多汁，吃起來像是釋迦香氣、荔枝的水嫩感，靠近果皮的深色地方還有滿滿的花青素！', 8, 1, '', '', 599, 'milk_001.jpg,milk_002.jpg'),
(26, 'product_0026', '草生栽培鳳梨釋迦', '每盒5台斤(含箱重)，約4-6顆', '草生栽培友善環境', '堅持不使用除草劑，草生栽培更提升了果品，加上甜度爆表，愛釋迦的人不能錯過。', '鳳梨釋迦有非常飽滿Ｑ彈的肉質，非常多汁，甜而不膩，超好吃！釋迦含有大量的蛋白質、碳水化合物及維生素C等，營養價值也相當高。', 7, 1, '', '', 680, 'sugar_apple_001.jpg,sugar_apple_002.jpg'),
(27, 'product_0027', '細緻珍蜜蜜棗', '5台斤/箱，3.0-3.4兩/顆，約23-28顆入', '香甜皮薄細緻', '搭建網室保護果實，引用乾淨水源灌溉，堅持草生栽培、安全用藥並恪守安全停藥期，讓大家都能吃到最好吃最安心的蜜棗，風味最足！', '珍蜜蜜棗口感細緻又多汁，皮薄回甘，像在吃水梨般的口感，清爽滋味非常適合飯後解膩，健康又好吃，加上細心人工分級包裝美美的送到您的手中！', 9, 1, '', '', 770, 'jujube_001.jpg,jujube_002.jpg'),
(28, 'product_0028', '爽脆珍愛蜜棗', '五台斤/箱，3.5-3.9兩/顆，約22-24顆入', '超脆可口香甜細緻', '搭建網室保護果實，引用乾淨水源灌溉，堅持草生栽培、安全用藥並恪守安全停藥期，讓大家都能吃到最好吃最安心的蜜棗，風味最足！', '珍愛蜜棗口感細緻，爽脆多汁，像在吃水梨般的口感，清爽滋味非常適合飯後解膩，健康又好吃，加上細心人工分級包裝美美的送到您的手中！', 10, 1, '', '', 899, 'jujube_003.jpg,jujube_004.jpg'),
(29, 'product_0029', '草生細緻珍蜜蜜棗', '3.4兩以下/顆，26-35顆左右', '草生栽培、香甜細緻', '以草生栽培、安全用藥並恪守安全停藥期、網室栽培，及在9分熟採收讓大家都能吃到最好吃最安心的蜜棗，風味最足！', '珍蜜蜜棗口感非常細緻，爽脆多汁，清爽口味非常適合飯後解膩，健康又好吃，加上細心人工分級包裝美美的送到您的手中！', 9, 1, '', '', 950, 'jujube_005.jpg,jujube_006.jpg'),
(30, 'product_0030', '有機長實金柑', '每盒2台斤', '酸甜清香最適合煮茶煮果醬', '金柑就是「金棗」，長實金柑冬季限定，果粒大又圓潤，果皮脆甜帶有香氣，果肉帶有微酸的口感，維生素C豐富，濃厚的果香，最適合用來煮水果茶或是果醬。', '以友善無污染的農法種植，每一顆金柑出貨必須人工篩選，挑除受到果蠅叮咬的蛀洞果，優級的才送到消費者手中。', 6, 1, '', '', 600, 'citrus_001.jpg,citrus_002.jpg'),
(31, 'product_0031', '安心清新黃檸檬', '4斤/箱', '安全用藥草生栽培', '堅持草生栽培、安全用藥，讓大家吃得最安心。運用低溫熟成技術，使黃檸檬風味不苦澀、不嗆酸。', '黃檸檬含豐富膳食纖維、維他命C、B1、B2，低熱量好美味，可以沖泡飲品、還能入菜料理，非常適合百味搭配的檸檬絕對是廚房必備！', 7, 1, '', '', 690, 'lemon_001.jpg,lemon_002.jpg'),
(32, 'product_0032', '山坡上的甜木瓜', '含箱重4台斤/箱，約3-6顆入', '自然熟成更香甜', '不使用除草劑，安全減量用藥，搭配「剖頭矮化」，讓木瓜根系發展，果實更加細緻甜美。', '帶有清新的奶香，肉質細密且多汁，甜度滿點，完美比例的滋味，吃過難忘喔！', 10, 1, '', '', 500, 'papaya_001.jpg,papaya_002.jpg'),
(33, 'product_0033', '草生栽培大目釋迦', '每盒5台斤，約5顆入', '草生栽培友善環境', '堅持不使用除草劑，草生栽培更提升了果品，加上甜度爆表，愛釋迦的人不能錯過。', '大目釋迦果肉厚實，肉質Ｑ彈飽滿，色澤白中透粉，加上裕峰家的釋迦非常多汁，甜而不膩，超好吃！釋迦含有大量的蛋白質、碳水化合物及維生素C等，營養價值也相當高。', 6, 1, '', '', 880, 'sugar_apple_003.jpg,sugar_apple_004.jpg'),
(34, 'product_0034', '冠軍黑珍珠蓮霧', '75-100g/顆，4台斤/箱，約20-28顆', '台灣冠軍的驕傲', '堅持草生栽培，熟度夠才採收，參加蓮霧競賽還獲得2020新秀組「冠軍」殊榮！', '南洋種蓮霧雖然是市面普及的蓮霧，卻也是香氣最足、「蓮霧味」最夠的品種。冬天的蓮霧紅黑甜美，果脆又香，果汁豐沛，甜度也很棒，強哥蓮霧是蓮霧界的精品。', 8, 1, '', '', 850, 'wax_apple_001.jpg,wax_apple_002.jpg'),
(35, 'product_0035', '三星豐水梨', '10顆/盒', '一吃成主顧', '堅持無農藥殘留，豐水梨成熟期的果實呈金黃色，汁多、甜度高、肉質細緻、果核細，咬下一口，讓人口齒留香，暑氣全消', '豐水梨多汁、肉質細緻；黃金梨甜度高、口感較脆、散發微微蔗香，兩者各有千秋，因此擁有眾多饕客粉絲，老主顧遍及全台', 8, 1, '', '', 990, 'pear_001.jpg,pear_002.png'),
(36, 'product_0036', '有機蜜蘋果', '610g(3顆)*4袋/箱', '有機栽種、香氣四溢', '採取友善及減藥栽培法，不使用除草劑、無農藥，讓大家吃得安心，也留給生態與人們最安心的生活環境。', '香氣濃郁、營養價值高、口感豐富有層次，一切開就多汁滿滿溢出來，充滿果香，含豐富營養有維生素A、C等等，吃起來一口接一超美味！', 9, 1, '', '', 800, 'apple_001.png,apple_002.jpg'),
(37, 'product_0037', '紅冠蜜蘋果', '2台斤±5%(8顆)/盒', '有機栽種、香氣四溢', '採取友善及減藥栽培法，不使用除草劑、無農藥，讓大家吃得安心，也留給生態與人們最安心的生活環境。', '香氣濃郁、營養價值高、口感豐富有層次，一切開就多汁滿滿溢出來，充滿果香，含豐富營養有維生素A、C等等，吃起來一口接一超美味！', 5, 1, '', '', 760, 'apple_003.png,apple_004.png'),
(38, 'product_0038', '五爪紅蘋果', '3台斤±5%(10~12顆)', '台灣在地美味蘋果', '在高海拔的高山氣候，溫差將近10度的冷熱交替，引用來自於南湖大山的山泉水，使得蘋果如此好吃。', '雖然外表沒有進口蘋果的鮮豔亮麗，果實大小約易開罐瓶口大小，大小不一，但口感相當的爽脆，並帶有水果應該有的微微果酸味道。', 4, 1, '', '', 900, 'apple_005.png,apple_006.png'),
(39, 'product_0039', '青龍青蘋果', '2台斤±5%(6顆)', '人力除草呵護土地', '青龍青蘋果擁有青綠色外皮，果肉清脆、香氣清新，甜中帶酸的爽口滋味吃多了也不覺得膩口。', '以自然無毒方式栽種。在如此自然環境及農場自然無毒栽種下，果實生長緩慢，果肉細，甜且多汁，可以放心連皮一起吃。', 2, 1, '', '', 700, 'apple_007.png,apple_008.png'),
(40, 'product_0040', '早生蜜蘋果津輕', '源自日本津輕', '4台斤(10-12顆)', '日本品種「津輕」蘋果，俗稱早生蜜蘋果，適合台灣高山生長，肉質鬆脆、酸甜又多汁。', '海拔1500公尺的山上日夜溫差大、日照充足，果園引純淨山泉水灌溉，呈現水果的自然原味。', 10, 1, '', '', 1250, 'apple_009.png,apple_010.png'),
(41, 'product_0041', '黑松露彩頭糕', '約600g', '無化學添加物、色素', '素食者的最佳選擇，頂級的蘿蔔糕，松露香!! 蘿蔔香!!', '將大量的蘿蔔再以松露醬拌入調味製作，每一口都吃得到濃濃的蘿蔔松露香', 5, 3, '', '1', 200, 'pro1_001.jpg,pro1_002.jpg'),
(42, 'product_0042', '香芋糕', '約600g', '無化學添加物、色素', '選大甲的芋頭，滿滿的芋頭絲香味十足，口感軟硬適中。', '將大量的芋頭再以紅蔥頭拌入調味製作，每一口都吃得到濃濃的芋頭香', 6, 3, '', '1', 250, 'pro1_003.jpg,pro1_004.jpg'),
(43, 'product_0043', '無毒圓柿餅', '70g*10顆/盒', '傳統樸實手作滋味', '天然日曬風乾，水分甜味自然流入，柔軟香甜可口，純樸的手藝，代代相傳。', '柿餅味飄香，超人氣大眾口味，果皮較粗，果肉較韌，香度濃郁。柿餅表皮產生白色小顆粒是為柿霜，消費者可以安心食用。', 2, 3, '', '1', 500, 'pro1_005.png,pro1_006.jpg'),
(44, 'product_0044', '無毒筆柿餅', '55g*10顆/盒', '傳統樸實手作滋味', '天然日曬風乾，水分甜味自然流入，柔軟香甜可口，純樸的手藝，代代相傳。', '柿餅味飄香，超人氣大眾口味，筆柿餅日本品種，皮薄肉多，口感綿密，香度濃郁。柿餅表皮產生白色小顆粒是為柿霜，消費者可以安心食用。', 4, 3, '', '1', 500, 'pro1_007.png,pro1_008.jpg'),
(45, 'product_0045', '桂圓核桃月餅', '每盒6入，每粒約50g', '減糖少油無添加', '自家農場生產桂圓乾，切碎後揉入帶淡淡芋香及天然微甜的茶豆沙，搭配核桃天然堅果油脂香，整體口感溫潤甘甜。', '經典台式月餅皮，包覆桂圓肉、核桃塊多層次脆感，與黑豆豆茶、韃靼蕎麥茶、玄米茶等穀香系茶飲非常般配！', 8, 3, '', '1', 900, 'pro1_009.jpg,pro1_010.jpg'),
(46, 'product_0046', '包心白菜泡菜', '600g/罐', '自然發酵 手工製作', '以最簡單的原料進行醃漬發酵並絕不添加化學調味料，以嚴謹的態度把關您的安全，讓您享受最佳的爽脆口感與體驗', '辣度適中，獨特的酸辣味道非常入口，做為三餐的配菜都非常適合！最適合懶得煮飯的人了。', 10, 3, '', '2', 250, 'pro2_001.jpg,pro2_002.jpg'),
(47, 'product_0047', '高麗菜泡菜', '600g/罐', '自然發酵 手工製作', '以最簡單的原料進行醃漬發酵並絕不添加化學調味料，以嚴謹的態度把關您的安全，讓您享受最佳的爽脆口感與體驗。', '辣椒含有的辣椒素可以提升飽足感，最重要的是，泡菜中的乳酸菌對於腸道健康很有幫助，這麼多好處怎麼可以不吃呢？', 10, 3, '', '2', 250, 'pro2_003.jpg,pro2_004.jpg'),
(48, 'product_0048', '韓式醃蘿蔔', '470g±10g', '餐桌上不可缺少的配角', '當季蘿蔔，現採新鮮製作，以糖、鹽、醋醃漬入味的蘿蔔塊，清爽解膩，適合搭配任何炸物食用。', '嚴選當季白蘿蔔，既入味又保留完美脆度，在台新鮮手作，酸甜脆口，越吃越涮嘴，停不下來！', 1, 3, '', '2', 300, 'pro2_005.jpg,pro2_006.jpg'),
(49, 'product_0049', '辣醃蘿蔔絲', '450g±10g ', '餐桌上不可缺少的配角', '當季蘿蔔，現採新鮮製作，以糖、鹽、醋醃漬入味的蘿蔔塊，清爽解膩，適合搭配任何炸物食用。', '嚴選當季白蘿蔔，既入味又保留完美脆度，在台新鮮手作，酸甜脆口，越吃越涮嘴，停不下來！', 1, 3, '', '2', 1200, 'pro2_007.jpg,pro2_008.jpg'),
(50, 'product_0050', '筍漬醬筍', '400gx2入', '懷念的古早味', '農場主人手作的農情伴手禮，區別於一般醃醬菜的重鹹口味，只有甘甜復古滋味，循古法製作，融合了健康概念的筍漬，醬菜也可以很食尚。', '嚴選農場鮮採的麻竹筍，選其筍圈部位製作，遵循古法發酵、醃漬，完善保存。', 3, 3, '', '2', 450, 'pro2_009.jpg,pro2_010.jpg'),
(51, 'product_0051', '客家桔醬', '550g/瓶', '古法手工製作', '與酸桔農民配合契種，訴求友善栽培與安全用藥；強調以公平貿易的方式直接向農民購買，實際行動支持在地農民。', '所有桔子產品皆是採用竹東特有的客家酸桔，遵循古法製造，製作過程中絕對不添加防腐劑、人工甘味劑與色素等添加物', 7, 3, '', '3', 180, 'pro3_001.jpg,pro3_002.png'),
(52, 'product_0052', '柑橘風味醬油', '250g/瓶', '用時間淬鍊美味', '將最原始的食材放入甕中沉靜等待10個月，凝煉成為時間的精華。', '家傳一甲子的美味，堅持不添加任何化學人工甘味劑，以柑橘的清香增加風味，讓您的料理更加美味', 2, 3, '', '3', 250, 'pro3_003.jpg,pro3_004.jpg'),
(53, 'product_0053', '風味手釀陳年豆瓣醬', '165g/罐', '古法製作、自然陳釀', '選用高品質「非基因改造」黃豆與健康訴求的天然岩鹽，老師傅每日親自攪拌，家傳老缸曝曬180天，風味自然醇厚，香氣飽滿。', '醬料不比一般食品，需要更多時間來等待熟成，縱使過程艱辛，但做出最好品質的堅定沒退讓。', 2, 3, '', '3', 110, 'pro3_005.jpg,pro3_006.jpg'),
(54, 'product_0054', '風味手釀辣豆瓣醬', '165g/罐', '古法製作、自然陳釀', '選用高品質「非基因改造」黃豆與健康訴求的天然岩鹽，老師傅每日親自攪拌，家傳老缸曝曬180天，風味自然醇厚，香氣飽滿。', '醬料不比一般食品，需要更多時間來等待熟成，縱使過程艱辛，但做出最好品質的堅定沒退讓。', 5, 3, '', '3', 110, 'pro3_007.jpg,pro3_008.jpg'),
(55, 'product_0055', '香菇香椿醬', '240g', '在地友善農產', '使用台灣香菇及香椿，加上營養的大豆纖維及菇王祖傳一甲子的獨門醬料配方，去除生鮮香椿的特殊腥味、保留濃郁的香味，口感絕佳', '完全不添加化學添加物和防腐劑，是重視健康養生的素食者最方便營養的佐料，讓您餐餐營養健康與美味相輔相成', 6, 3, '', '3', 200, 'pro3_009.png,pro3_010.png'),
(56, 'product_0056', '古早味香蔥醬', '155g/瓶', '料理的魔術師', '台灣在地種植紅蔥，香氣十足，純植物油低溫製成，無添加防腐劑，安心食材。', '紅蔥油醬味道香濃千里飄香，用來煎、煮、炒、炸、拌、滷、煮、蒸，料理的魔術師，變化佳餚一級棒。', 9, 3, '', '3', 180, 'pro3_011.jpg,pro3_012.jpg'),
(57, 'product_0057', '桑椹果醬', '240g', '在地友善農產', '水果原料100%使用果園自種桑椹，使用特別訂製的無漂白冰糖，清甜而不膩。', '含有整顆桑椹果粒，搭配麵包、土司、饅頭、餅乾、鬆餅的最佳抹醬。', 10, 3, '', '3', 200, 'pro3_013.jpg,pro3_014.jpg'),
(58, 'product_0058', '桑椹果粒醬', '300g', '在地友善農產', '水果原料100%使用陳稼莊果園自種桑椹\r\n使用特別訂製的無漂白冰糖，清甜而不膩。', '含有整顆桑椹果粒，可作抹醬、淋醬、果汁、果茶等多種應用，搭配原味優格超讚。', 10, 3, '', '3', 250, 'pro3_015.jpg,pro3_016.jpg'),
(59, 'product_0059', '百香果果粒醬', '300g', '在地友善農產', '水果原料100%使用台灣本產，無農藥、無化肥、無除草劑栽培，使用特別訂製的無漂白冰糖，清甜而不膩。', '含有百香果肉，已脫除黑籽，可作抹醬、淋醬、果汁、果茶等多種應用，搭配原味優格超讚。', 2, 3, '', '3', 250, 'pro3_017.jpg,pro3_018.jpg'),
(60, 'product_0060', '無農藥草莓純果醬', '230g', '原色原味無任何人工添加物', '「味道，就是不變的鄉愁」，沒有「農安」就沒有「食安」，這是果園所強調並確實遵守的不變道理。', '因為草莓品質好，所以食光光，其中醞釀了我們味蕾上的美好時光，也滿足了我們最想望的小確幸！', 1, 3, '', '3', 230, 'pro3_019.jpg,pro3_020.png'),
(61, 'product_0061', '鳳梨蘋果果醬', '120ml', '原汁原味手工熬煮', '採用新鮮鳳梨、蘋果而成的水果醬！內含果肉，所含水分全來自于水果本身果汁。堅持天然純手工、原汁又原味、營養不流失、健康零負擔！', '本產品不添加果膠及水。新鮮採摘台灣最甜美的本土果實，產地直送，經過完整篩選程序處理，無添加防腐劑，堅持手工熬煮不失天然美味。', 8, 3, '', '3', 180, 'pro3_021.jpg,pro3_022.jpg'),
(62, 'product_0062', '百香鳳梨果醬', '130g', '新鮮手作純天然無添加', '堅持以最天然的水果原味、低糖量慢火熬煮，將天然水果香及原味保留在瓶中，每一口都能像似吃到新鮮水果一樣，讓吃果醬也可以很健康、時尚。', '採用台灣當季新鮮水果製作，純天然絕無添加防腐劑、香精、香料。', 6, 3, '', '3', 160, 'pro3_023.jpg,pro3_024.jpg'),
(63, 'product_0063', '蘋果果醬', '120ml', '原汁原味手工熬煮', '採用新鮮蘋果而成的水果醬！內含果肉，所含水分全來自于水果本身果汁。堅持天然純手工、原汁又原味、營養不流失、健康零負擔！', '本產品不添加果膠及水。新鮮採摘台灣最甜美的本土果實，產地直送，經過完整篩選程序處理，無添加防腐劑，堅持手工熬煮不失天然美味', 7, 3, '', '3', 180, 'pro3_025.jpg,pro3_026.jpg'),
(64, 'product_0064', '蜜香芭樂果醬', '130g', '新鮮手作純天然無添加', '堅持以最天然的水果原味、低糖量慢火熬煮，將天然水果香及原味保留在瓶中，每一口都能像似吃到新鮮水果一樣，讓吃果醬也可以很健康、時尚。', '採用台灣當季新鮮水果製作，純天然絕無添加防腐劑、香精、香料。', 1, 3, '', '3', 160, 'pro3_027.jpg,pro3_028.jpg'),
(65, 'product_0065', '紅柚果醬', '240g', '古法手工製作', '完全無化學添加的天然果醬，選用麻豆產銷履歷驗證合格文旦柚(紅肉)', '經細心手工去籽、撥下果肉，慢火熬煮，全程無添加，100%呈現自然酸甜的文旦柚風味！', 5, 3, '', '3', 230, 'pro3_029.jpg,pro3_030.png'),
(66, 'product_0066', '無毒無花果果乾', '100g/包*4包', '自然無添加', '農場採用蚯蚓土抑菌、用天然酵素噴灑無花果樹葉、使用自製堆肥灌溉，並將稻草粉撒在果樹根部等多種自然方式。', '堅持不用農藥，無花果也通過國立成功大學永續環境實驗所檢測，373項農藥均零檢出。', 1, 3, '', '4', 1280, 'pro4_001.jpg,pro4_002.jpg'),
(67, 'product_0067', '鳳梨乾', '', '低溫烘焙 營養不流失', '採用新鮮鳳梨研製而成，經篩選已成熟的狀況下，以新鮮低溫烘焙方式，保持水果的香甜及營養成份。', '新鮮採摘台灣最甜美的本土果實，產地直送，烘焙出一片片保留水果營養、卻又方便食用的果乾。', 10, 3, '', '4', 320, 'pro4_003.jpg,pro4_004.jpg'),
(68, 'product_0068', '蘋果鮮果乾', '50g/袋', '完全手作無添加', '蘋果含膳食纖維、維生素C等營養成分。低溫24小時以上乾燥，保留水果豐富的營養及熱量，無任何添加物， 保留水果馥郁的果香與纖維。', '免切，不沾手，可隨時提供與鮮果等 值營養及熱量，適合辦公室茶點、旅 行、登山以及最佳的出國伴手禮', 7, 3, '', '4', 320, 'pro4_005.jpg,pro4_006.jpg'),
(69, 'product_0069', '芒果鮮果乾', '50g/袋', '完全手作無添加', '選用台灣在地友善農作的芒果製作，無任何添加物，低溫24小時以上長時間乾燥，保留水果馥郁的果香與纖維。', '免切，不沾手，可隨時提供與鮮果等 值營養及熱量，適合辦公室茶點、旅 行、登山以及最佳的出國伴手禮', 9, 3, '', '4', 320, 'pro4_007.jpg,pro4_008.jpg'),
(70, 'product_0070', '香蕉鮮果乾', '50g/袋', '完全手作無添加', '來自台灣在地有機耕種自然熟成的新鮮香蕉製作，採用低溫30小時以上長時間乾燥，保留水果豐富的營養及熱量。', '免切，不沾手，可隨時提供與鮮果等 值營養及熱量，適合辦公室茶點、餐 後點心、旅行、登山以及最佳的出國 伴手禮。', 6, 3, '', '4', 300, 'pro4_009.jpg,pro4_010.jpg'),
(71, 'product_0071', '甜柿果乾', '160g', '新鮮水果低溫烘焙', '採用新鮮甜柿研製而成，經篩選已成熟的狀況下，以新鮮低溫烘焙方式，保持水果的香甜及營養成份', '新鮮採摘台灣最甜美的本土果實，產地直送，經歷14-40小時的細心研製，烘焙出一片片保留水果營養、卻又方便食用的果乾。', 2, 3, '', '4', 320, 'pro4_011.jpg,pro4_012.jpg'),
(72, 'product_0072', '芭樂果乾', '160g', '新鮮水果低溫烘焙', '採用新鮮芭樂研製而成，經篩選已成熟的狀況下，以新鮮低溫烘焙方式，保持水果的香甜及營養成份', '新鮮採摘台灣最甜美的本土果實，產地直送，經歷14-40小時的細心研製，烘焙出一片片保留水果營養、卻又方便食用的果乾。', 1, 3, '', '4', 320, 'pro4_013.jpg,pro4_014.jpg'),
(73, 'product_0073', '木瓜乾', '160g', '營養不流失 天然無負擔', '採用新鮮木瓜研製而成，經篩選已成熟的狀況下，以新鮮低溫烘焙方式，保持水果的香甜及營養成份', '新鮮採摘台灣最甜美的本土果實，產地直送，經歷14-40小時的細心研製，烘焙出一片片保留水果營養、卻又方便食用的果乾。', 2, 3, '', '4', 320, 'pro4_015.jpg,pro4_016.jpg'),
(74, 'product_0074', '蔓越莓乾(整粒)', '250g', '自然無添加', '顆粒蔓越莓，原料採用新鮮未經壓榨果汁的新鮮蔓越莓果，整顆烘乾，口感Q嫩，口感酸甜不膩', '無添加防腐劑、人工香料及色素，採低恆溫烘焙，吃得安心同時也守護健康。', 4, 3, '', '4', 300, 'pro4_017.jpg,pro4_018.png'),
(75, 'product_0075', '西瓜鮮果乾', '50g/袋', '完全手作無添加', '西瓜含有大量水份、糖份，以及豐富的維生素和礦物質，有助消化、促進新陳代謝。', '採用在地小農自然農法栽種的無毒新鮮水果，不添加任何東西，連糖也不加，40度低溫烘培完整封存水果原始自然風味在片片的果乾裡。', 5, 3, '', '4', 320, 'pro4_019.jpg,pro4_020.jpg'),
(76, 'product_0076', '手作香水檸檬果乾', '60g/包', '在地友善農產', '嚴選台灣在地香水檸檬，採無毒自然農法栽培，滿滿檸檬果香四溢，果肉不酸澀。', '一份的香水檸檬果乾需要三倍的台灣在地香水檸檬，以老師傅的傳統手法低溫烘焙24小時。採用黃金比例加入糖、甘草、鹽簡單調味而成。', 5, 3, '', '4', 140, 'pro4_021.png,pro4_022.jpg'),
(77, 'product_0077', '甘草蜂蜜檸檬', '60g±4.5g', '天然回甘', '選用屏東自然農法栽種而成的新鮮檸檬，加入蜂蜜、甘草、梅粉、冰糖、鹽', '堅持無添加色素、甜味劑、防腐劑，反覆搓揉醃漬，最後經過陽光日曬\r\n才完成酸甜好滋味的甘草檸檬', 10, 3, '', '4', 220, 'pro4_023.jpg,pro4_024.png'),
(78, 'product_0078', '草莓果脆', '20g', '冷凍真空乾燥技術', '經過-40℃冷凍乾燥，48小時乾燥過程，保留鮮果風味與營養', '採用在地小農自然農法栽種的無毒新鮮水果，不添加任何東西，連糖也不加，完整封存水果原始自然風味在片片的果乾裡。', 1, 3, '', '4', 380, 'pro4_025.png,pro4_026.jpg'),
(79, 'product_0079', '檸檬乾片', '50g±5%', '在地友善農產', '嚴選友善小農（不噴灑農藥、不使用化學肥料及除草劑）栽種的新鮮檸檬，製作成新鮮安心檸檬乾片！', '經陽光日曬製作，保存最完整養分，讓大家保存容易、攜帶方便，隨時都能喝上一杯健康的檸檬水，還能支持台灣友善農業！', 3, 3, '', '4', 199, 'pro4_027.jpg,pro4_028.png'),
(80, 'product_0080', '彩色番茄果乾', '90g±5%', '在地友善農產', '使用台灣在地新鮮番茄，無農藥、無防腐劑、無色素、無甜味劑，低溫烘焙保留營養，重現番茄濃郁果香', '新鮮採摘台灣最甜美的本土果實，產地直送，經歷14-40小時的細心研製，烘焙出一片片保留水果營養、卻又方便食用的果乾。', 1, 3, '', '4', 180, 'pro4_029.jpg,pro4_030.png'),
(81, 'product_0081', '陳釀鳳梨醋', '500cc/瓶', '自然農法栽種水果釀成', '農莊將整顆鳳梨精華，遵循古法二次發酵在老陶甕中用時間釀成，保留食物原始營養與風味，達到酸甜皆美的美妙平衡', '經過陳釀6年熟成後，點滴淬鍊出溫順、醇厚的陳年鳳梨醋，擁有獨特的天然濃郁香氣，口感顛覆一般人對醋飲的刻板印象', 7, 3, '', '5', 600, 'pro5_001.jpg,pro5_002.jpg'),
(82, 'product_0082', '陳釀桑葚醋', '500cc/瓶', '自然農法栽種水果釀成', '使用農莊自然農法栽種的大果桑葚，遵循古法二次發酵在老陶甕中用時間釀成，保留食物原始營養與風味', '點滴淬鍊出溫順、醇厚的陳年桑葚醋，擁有獨特的天然紅寶石光澤，並散發微微酸甜的莓果芬芳，口感顛覆一般人對醋飲的刻板印象', 7, 3, '', '5', 600, 'pro5_003.jpg,pro5_004.jpg'),
(83, 'product_0083', '無糖桑椹汁', '600ml', '無農藥鮮果手工熬煮而成', '桑椹原汁採自農場自然無毒栽種的桑椹，採集後，選果、清洗、風乾、果實急速冷凍，再經人工不加一滴水熬煮4-5個鐘，保證無香料、色素、防腐劑。', '成熟的桑果含有葡萄糖、果糖、蘋果酸、鈣質、花青素甘、胡蘿蔔素、亞油酸、維生素B、C等營養分。', 1, 3, '', '5', 350, 'pro5_005.jpg,pro5_006.jpg'),
(84, 'product_0084', '台灣紅甘蔗檸檬汁', '420ml*9瓶', '純天然冷壓果汁', '完全不施農藥種植紅甘蔗，手工削皮後再冷壓榨汁，加上台灣草生栽培、無農藥新鮮檸檬，3道過濾，處理工序健康又衛生', '100%純天然冷壓果汁，無添加色素、香精、防腐劑，口感香醇甘甜，冰冰涼涼的喝，更好喝', 3, 3, '', '5', 888, 'pro5_007.jpg,pro5_008.jpg'),
(85, 'product_0085', '香桔汁', '550g/瓶', '在地友善農產', '與酸桔農民配合契種，訴求友善栽培與安全用藥；強調以公平貿易的方式直接向農民購買，實際行動支持在地農民。', '所有桔子產品皆是採用竹東特有的客家酸桔，遵循古法製造，製作過程中絕對不添加防腐劑、人工甘味劑與色素等添加物，', 9, 3, '', '5', 250, 'pro5_009.jpg,pro5_010.jpg'),
(86, 'product_0086', '靚梅桂花烏梅汁', '960ml', '濃郁沉香古早味', '嚴選中藥材配方，以過濾的山泉水，熬煮8小時，並添加日本海藻糖，不但甜度降低，還能幫助維持消化道機能。', '熬製完成的烏梅汁有著濃郁沉香的古早味，口感溫順不嗆喉，無添加香料、色素、安定劑、防腐劑等化學物質，融合配方的所有精華，口感溫順、滴滴甘醇。', 5, 3, '', '5', 250, 'pro5_011.jpg,pro5_012.jpg'),
(87, 'product_0087', '可愛小物皂六入裝', '480g±10%六入，含禮盒', '最特別的禮物，給最特別的人', '製皂工人好心情\r\n送一份最特別的禮物，給最特別的人。\r\n製皂工人與乾燥花品牌「好心情」合作的禮盒系列\r\n花材：苔蘚 迷你玫瑰 法國白梅，星辰花，滿天星\r\n香氛：薰衣草或玫瑰天竺葵精油\r\n保存良好觀賞期可1~2年\r\n請勿放置車內溫度過高的環境\r\n香味來自天然植物精油，每個人感受不同，味道也會隨時間變淡，可輕刮表面讓香味出來。\r\n', '貼心小叮嚀:\r\n我們的商品皆為手作商品，每次成品都會有些許的不同，商品樣貌、顏色、形狀、大小皆以實際出貨為主。底部些許色粉沈澱屬正常現象！皂款商品圖片僅供參考，隨機出貨！\r\n☆胺基酸寶石皂商品部份款式含實體裝飾小物、透明貼紙等小物件！\r\n此商品無法寄送日本喔。', 8, 4, '', '', 399, 'Soap_001.jpg,Soap_002.jpg'),
(88, 'product_0088', '皮革手把立體手提包', '33 x 26.5 x 5.5 cm', '繽紛氣質的花草圖騰', '繽紛氣質的花草圖騰\r\n日本棉麻布的好品質\r\n搭配皮革手把\r\nㄧ款別緻、好質感的手提包\r\n\r\n', '雙格內袋\r\n表布：日本布\r\n裡布：8N棉布日本布\r\n植鞣革原皮手把\r\n磁釦\r\n清潔方式：\r\n不建議浸泡與機洗，請於髒污處以中性洗劑洗滌。\r\n', 8, 4, '', '', 1100, 'Bag_001.jpg,Bag_002.jpg'),
(89, 'product_0089', '永生玫瑰胸花', '8*9CM', '天然、獨一無二', '我們用心製作每件作品，若因為寄送造成作品損傷，請第一時間拍照和我們訊息溝通，請不要直接在評價上直接給予負評，後續我們也會盡心處理不用擔心，感謝您體諒我們的手作及設計。\r\n花禮均為手工製作後實品拍攝，無法保證與圖片中完全一樣\r\n如有因季節導致花材缺貨，設計師會適度調整更換花材。\r\n賣場採接單手工製作皆無現貨，如有急件或大量訂製，歡迎來電詢問。\r\n由於乾燥花較脆弱，寄送過程多少會有些許掉落是正常現象喔。', '│小叮嚀│\r\n．天然乾燥花純手作，保存良好可放置1年以上，慢慢隨著時間自然褪色或風化掉落。\r\n．乾燥花請避免放在太潮濕的地方，可延長觀賞期限。\r\n．盡量避免放在太陽可以直射的窗台，會加速褪色風化掉落的時間。', 4, 4, '', '', 450, 'Flower_001.jpg,Flower_002.jpg'),
(90, 'product_0090', '香氛乾燥花圈禮盒', '直徑7公分\n', '最新浪漫風禮盒', '皂款隨機出貨。\r\n（此小鳥花圈正好和禮盒手繪圖一樣 純屬巧合默契）\r\n花材：迷你玫瑰，芒萁，卡斯比亞，野牡丹果，小草……\r\n香氛：薰衣草 或玫瑰 精油 （小鳥可以換其他動物）\r\n保存良好觀賞期為半年\r\n請勿放置車內溫度過高的環境\r\n香味來自天然植物精油，每個人感受不同，味道也會隨時間變淡，可輕刮表面讓香味出來。\r\n', '蠟磚小動物選項有：小鳥，松鼠，獅子，兔子，貓咪，熊，刺蝟 都可選\r\n花材隨季節會有些微調整。\r\n以蠟封存植物精油香氣，以乾燥延續上帝的美好創造。\r\n包材配件請來信詢問庫存。', 4, 4, '', '', 300, 'wreath_001.jpg,wreath_002.jpg'),
(91, 'product_0091', '多肉水泥盆DIY', '外直徑5.5cm / 內直徑4cm / 高4.5cm ', '獨創輕食盒設計DIY材料包', '•三尼水泥盆器為特殊水泥製作，在盆器質感上更為細緻。\n•渲染紋路為自然紋理，所以每個盆器的紋理都是獨一無二。\n•水泥盆器些許孔洞為自然的氣孔、無可避免，只要不影響使用皆不算瑕疵，，完美主義者請慎思下單。\n•手工調色難免有些許色差，盆器顏色以實體產品為主。\n•功能 - 植物種植、筆筒、家飾置物...等。', '買盆附贈 1 吋盆植物1棵，此款我們將為您搭配造型合適的多肉植物（或仙人掌），品種將視季節或養殖狀況而有所不同，因品種繁多故不做挑選請見諒。•由於植株為活體，建議您盡量在收到後第一時間內拆開，並放置通風處。\n\n', 4, 4, '', '', 489, 'Succulents_001.jpg,Succulents_002.jpg'),
(92, 'product_0092', '粉紅多肉植物組合', '12 x 14 x 12 公分', '獨特的粉紅色多肉植物', '● 陶瓷商品請勿強烈撞擊或摔落地面以免產品破損。\r\n● 請勿讓幼小孩童把玩，以免誤食零件。\r\n● 手工藝品特徵不列入瑕疵，因產品為手工製作，無法達到機器製作的精準品質，以實際商品為主。\r\n● 色澤不對稱、螢幕色差、筆觸、折痕、材質手感、針織花紋、 圖案位置等，在不影響正常使用功能與外觀時，皆不列入瑕疵範圍，以實際樣品為主。\r\n● 因產品為手工製作及組裝，重量尺寸會有±5%左右的誤差等皆屬於可接受範圍。', '● 陶瓷商品請勿強烈撞擊或摔落地面以免產品破損。\r\n● 請勿讓幼小孩童把玩，以免誤食零件。\r\n● 手工藝品特徵不列入瑕疵，因產品為手工製作，無法達到機器製作的精準品質，以實際商品為主。\r\n● 色澤不對稱、螢幕色差、筆觸、折痕、材質手感、針織花紋、 圖案位置等，在不影響正常使用功能與外觀時，皆不列入瑕疵範圍，以實際樣品為主。\r\n● 因產品為手工製作及組裝，重量尺寸會有±5%左右的誤差等皆屬於可接受範圍。', 4, 4, '', '', 617, 'Pinksucclents_001.jpg,Pinksucclents_002.jpg'),
(93, 'product_0093', '露薇花多肉盆栽', 'W8×H20cm \n', '與植物的相遇', '•三尼水泥盆器為特殊水泥製作，在盆器質感上更為細緻。', '買盆附贈 1 吋盆植物1棵，此款我們將為您搭配造型合適的多肉植物（或仙人掌），品種將視季節或養殖狀況而有所不同，因品種繁多故不做挑選請見諒。•由於植株為活體，建議您盡量在收到後第一時間內拆開，並放置通風處。', 1, 4, '', '', 790, 'Pinkflower_001.jpg,Pinkflower_002.jpg'),
(94, 'product_0094', ' 多肉植物組合', '12cm x 9cm x  8cm', '回到童年時代的扮家家酒', '{ 小提醒 }\r\n多肉品種為當季植物，我們會依照最佳化去做搭配，每一盆都是獨一無二的，不一定會和照片一模一樣，請您理解，我們會再出貨前照相給您確認，確認過後才會幫您寄出。\r\n', '送禮小貼心：提供明信片代寫祝賀（亦提供空白明信片讓您自行表心意），或英文打標貼紙，貼紙有背膠，可依個人喜好運用喔（ex.自行貼在盆子上或卡片），打標貼紙的部分需全大寫或全小寫，限20個英文字母內，若有需要請在訂單備註欄備註即可\r\n', 6, 4, '', '', 790, 'Lsucculents_001.jpg,Lsucculents_002.jpg'),
(95, 'product_0095', '手工毛線編織永生花', '5支', '送花來表達你的愛', '純手工編織毛線花束，不凋零的永生花， 可客製化顏色及支數，客製訂單需等候編織時間 可下單的皆是現貨，24小時內寄出\n現貨花束24小時內寄出\n純手工一針一線鉤織而成\n送禮或當擺飾都很適合唷', '純手工編織毛線永生花，永遠不會壞，也不會像乾燥花有斷枝的風險\n送花來表達你的愛，是一種非常好的方式\n玫瑰，傳情意給情人的最佳選擇', 4, 4, '', '', 500, 'Weaveflower_001.jpg,Weaveflower_002.jpg'),
(96, 'product_0096', '質感彩紗線材禮盒', '1.5碼', '與眾不同的獨特風格', 'Reborn Story\n【您專屬的質感紗線工作室】\n\n酷愛編織創作的您，想為自己的作品呈現與別不同的獨特風格嗎？\nReborn Story 主理人洞悉到每件創作品背後選用獨特線材的重要性，\n更深信傳遞作品的靈魂是從「材質研究」開始... ...', '這次一口氣設計了七款不同主題色調的線材套裝，而且每款份量比以往的增多了。\n它們可以被創作成為可愛的飾物、編織用的配色線材、手提包、帽子、束口袋、髮帶、 手帳素材……\n', 5, 4, '', '', 740, 'Weavepackge_001.jpg,Weavepackge_002.jpg'),
(97, 'product_0097', '有機棉藍染日式門簾\n', '長145公分/寬84公分\n', '保留最簡單、樸實的天然材質\n\n', '「有機棉藍染日式中門簾 Organic Cotton」\n原胚有機棉混環保紗布料，給你和地球一個無負擔的生活，\n利用天然染，將原胚色的布料染製一層又一層的藍，獨一無二！\n帶有一點厚度的材質，除了耐用之外，門簾更有著自然的垂墜線條，\n穿桿式與中門簾的長度設計，兼具隱密，又不失空間的通透性，\n可以懸掛在房門或窗戶上，讓你的空間裡更有著愜意的清新氛圍！\n\n', '而天然染的款式，不同於市面上大量生產的化學染成品，選擇延續傳統職人的技法，每一件門簾，\n都是透過設計師細心的親手染製，使用天然的染材作為原料進行染色，利用天然染將大地的色彩以\n不同的形式讓生命得以延續，希望能取之於大地，用之於大地，回歸一種對於簡單生活的美好體驗！\n\n', 7, 4, '', '', 2850, 'Dyeing_001.jpg,Dyeing_002.jpg'),
(98, 'product_0098', '藍染手工棉布', '45cm', '手工色織粗布', '我們的藍染\r\n一直堅持著傳統自然發酵的過程\r\n用自然發酵的藍染絕對是一道傳統的高成本苦活與技術活，單從日常的養藍就需要有經驗的師傅才能完成；我們的染缸發酵都取自於山裡的多種藥材，每星期需要採集或者更換一次藥材包，我們不利用化學還原劑，所以成本要比普通藍染高\r\n', '采到的藥材洗淨搗碎後放入木桶，加入適量清水、藍靛膏、燒酒、\r\n草木灰等與其他傳統材料攪拌均勻等待發酵\r\n經過3-15天後染缸發酵良好就可以染色了，每次染色完成後需要\r\n添加一定量的藍靛膏、燒酒、草木固色材料等養藍\r\n您還可以選擇\r\n把想法變成現實 | 訂制 | 屬於自成現實 己的風格', 5, 4, '', '', 335, 'Bdeying_001.jpg,Bdeying_002.jpg'),
(99, 'product_0099', '龜背芋水泥盆栽 ', '8.5cm*8.5cm', '帶來新年好運 室內植物養植', '龜背芋 Monstera deliciosa\n又稱為龜背竹、電信蘭、蓬萊蕉，是天南星科龜背芋屬植物。\n龜背芋適應性強，性喜溫暖、潮濕的環境，但也耐陰、耐陽及有一定的耐旱性，原產於墨西哥熱帶雨林，近年被大量種植的大型觀葉植物。', '嬰兒時期的龜背芋葉子為愛心形，植株新發葉片會逐漸有不規則的裂口（約第5、6片新葉產生裂口，每盆植株、種植環境皆有影響），因裂面葉片像龜背而得名。喜歡溫暖濕潤、通風的環境，有淨化空氣、吸附甲醛的作用（晚間會吸收二氧化碳，對提高含氧量有幫助），是非常適合作為辦公室、室內植物養植！', 2, 4, '', '', 375, 'Monstera_001.jpg,Monstera_002.jpg'),
(100, 'product_0100', '銀杏木泥作系列', '9cm x 8.5cm', '你的幸運星 銀杏木', '銀杏木\n植物介紹\n銀杏木又被稱為樹馬齒莧、幸運樹等等，\n是原產於南非的常綠肉質小灌木，\n翠綠色的肉質葉對生，密生於枝條上部，\n葉片呈現圓潤的可愛姿態，\n', '光線指南\n銀杏木喜歡沐浴在陽光之下，好像縮小版的小樹一般，十分討喜。', 3, 4, '', '', 480, 'Portulacaria_001.jpg,Portulacaria_002.jpg'),
(101, 'product_0101', '編織一條復古花磚毯', '23 x 23 cm', '鉤織屬於自己的復古花磚', '鉤織屬於自己的復古花磚，用粗粗的線快速的完成。\n配色真是讓人傷腦筋，就依照直覺來選擇吧！\n可任意拼接成想要的大小，做成抱枕也超級可愛~', '質感系編織手感體驗，\n將想傳達的心意在編織的緩慢時光中反覆確認。\n兩貓一人，2012年自創品牌，\n著重以新手視角為出發點的編織課程設計，\n遊牧於台灣、香港、日本等地。\n作品以自然素材為起點，\n透過極簡、樸實的概念，\n建立起獨特的品牌氣味，\n也同時在體驗材質的過程中，\n尋找更多設計的玩性與可能。', 2, 4, '', '', 1780, 'Wovemat_001.jpg,Wovemat_002.jpg'),
(102, 'product_0102', '編織專用棉線', '500 g ( 長度約 188公尺 / 捆 )', '觸感柔細 柔軟好刷鬚 ', '特色\n＊觸感柔細\n＊柔軟好刷鬚 , 不用花過多時間處理流蘇並減緩手部操作不適\n＊100%台灣製\n＊100%純棉\n＊環保染劑\n◆◆ 注意 ◆◆\n＊超商取貨者最多四捆 , 有更多需求者請選郵寄配送\n＊商品皆為實品拍攝，已盡量挑選趨近原色圖片\n＊手工棉繩是用手工輔佐機器捲成，線頭處微散為自然現象\n＊綿繩上的小黑點為天然棉籽 , 是自然標章的認證喔\n＊購賣前請 \"務必\" 詢問數量喔 !!\n!!! 若有任何疑慮，請私訊協助比對 !!!', '是不是經常在選線時不知所措 ? 喘口氣棉線初學者或職人都很適合喔!! 21支精梳棉創造柔軟度 / 立體度都能同時展現喔 想創造流蘇效果 , 此款棉線更能節省時間 , 幫助我們在編織時更加輕鬆喘口氣 特色', 3, 4, '', '', 390, 'woolengroup001.jpg,woolengroup002.jpg'),
(103, 'product_0103', '可愛天使綠 ', '4ply襪線/幼羊駝/絲/cashmere', '天然灰幼羊駝 可愛天使綠', '手染線\n可愛天使綠 (4ply襪線/幼羊駝/絲/cashmere)\n編織建議針號：3mm~4.5mm\n材質：\n70% Natural Light Grey/ 20% Silk/10% Cashmere/100g/400M/ Non-superwash\n70% 天然灰幼羊駝 / 20% 真絲/10%羊絨/100公克/400米/非超水洗\n', '幼羊駝的溫柔質感,加上真絲的光澤,羊絨鬆綿,像是天使般的溫柔迷人.\r\n關於色彩：於不同位置拍照呈現光線對於色彩的變化，努力讓顏色真實表現。\r\n電腦螢幕的色差，請務必列入考量哦~', 5, 4, '', '', 1180, 'woolen_001.jpg,woolen_002.jpg'),
(104, 'product_0104', '新手棒針圍巾脖圍', '60cm輪針x1、塑膠毛線縫針', '利用簡單針法，教您快速完成圍巾', '影片為免費公開，也可自行準備工具、線材來編織\n此材料包包含線材、工具、影片觀看，及編織諮詢費用\n購買後若有編織製作上的問題，請於Pinkoi站內信留言，我會盡快回覆\n線材13色可選，請參照圖片線材顏色選擇', '基礎針法、適合新手朋友\n材料包內容：100%美麗諾羊毛線 x 5球(50g/65m)\n基本工具包含：60cm輪針x1、塑膠毛線縫針\n影片觀看：掃描材料包內附的QRcode，即可進入此影片的播放清單觀看，後續若有補充影片，將會更新於此播放清單裡。\n全程影片中文解說，重點式繁體字幕。', 6, 4, '', '', 1380, 'scarf_001.jpg,scarf_002.jpg'),
(105, 'product_0105', '色塊麻纖編織包', '60cm輪針x1、塑膠毛線縫針', '隨心所欲的拼湊色塊混搭\n', '基礎針法、適合新手朋友\n材料包內容：100%美麗諾羊毛線 x 5球(50g/65m)\n基本工具包含：60cm輪針x1、塑膠毛線縫針', '完成大小\n平放尺寸：平放寬度約14cm，長度請於製作時自行決定、調整\n每個人編織手勁鬆緊不同，將造成尺寸上的差異，請知悉\n注意事項：少量上架，若遇缺貨，廠商約3日到貨，不含假日', 7, 4, '', '', 1250, 'BagU_001.jpg,BagU_002.jpg'),
(106, 'product_0106', '編織基礎造型墊組', '20*20cm', '原來編織是這樣有趣', '利用不到一天的時間，幫自己的中的那項「編織」打上勾勾\n『原來編織是這樣有趣』跟著安妮一起編織出屬於自己的手作與無限的成就感。', '一次接觸３大基本線材：介紹, 運用範例, 實際製作\n一次學會３大基本結法：固定結, 平結, 雙繞結\n一次做出３大基本型墊：圓/心/花型墊\n了解線材特性並可輕鬆做出選擇\n掌握打出漂亮結法訣竅\n整理流蘇用梳子分享', 3, 4, '', '', 850, 'coaster_001.jpg,coaster_002.jpg,'),
(107, 'product_0107', '有機轉型青江菜', '1台斤/包', '友善耕作、安心蔬食', '堅持不使用除草劑，搭配微生物、營養劑與酵素，提供蔬菜更天然無毒的營養，採取友善及減藥栽培法，提供更天然無毒的栽培環境，安心食用更放心！', '吃過就愛上的新鮮自然氣息！含豐富的營養滿滿美味又健康。', 3, 2, '1', '', 50, 'vegetable_001.jpg,vegetable_002.jpg'),
(108, 'product_0108', '有機轉型青江菜', '2台斤/一組，每組三包', '友善耕作、安心蔬食', '提供蔬菜更天然無毒的營養、堅持不使用除草劑，搭配微生物、營養劑與酵素，使用草生栽培、不使用除草劑、無農藥，留給生態與人們最安心的生活環境。', '含豐富的營養滿滿美味又健康。吃過就愛上的新鮮自然氣息！', 7, 2, '1', '', 150, 'vegetable_003.jpg,vegetable_004.jpg'),
(109, 'product_0109', '溫室高麗菜', '300g/包 ±5%', '設施栽培、安全無毒', '使用草生栽培、不使用除草劑、無農藥，留給生態與人們最安心的生活環境。採取友善及減藥栽培法，提供更天然無毒的栽培環境，安心食用更放心！', '堅持栽種有機農作，拒絕使用基因改造資材，絕不使用對生態有害的農藥，也不使用化學肥料，品質保證，安心又好吃。', 3, 2, '1', '', 25, 'vegetable_005.jpg,vegetable_006.jpg'),
(110, 'product_0110', '好農高山高麗菜', '600g/一包 ±5%', '設施栽培、安全無毒', '高成本打造栽培設施，乾淨無汙染，草生栽培，無農藥無化肥栽培，健康安心。堅持不使用除草劑，搭配微生物、營養劑與酵素，提供蔬菜更天然無毒的營養', '不使用任何農藥、化學肥料與除草劑，僅用自製液態肥料搭配有機肥補充養份，友善環境也種出安心蔬菜。', 1, 2, '1', '', 100, 'vegetable_007.jpg,vegetable_008.jpg'),
(111, 'product_0111', '甜心萵苣', '半台斤 ±5%', '適地適作、健康茁壯', '採取友善及減藥栽培法，提供更天然無毒的栽培環境，安心食用更放心！用心栽種，溫室栽培品質穩定，堅持栽種有機農作，拒絕使用基因改造資材', '溫室栽培品質穩定，天然滋味料理好食材第一首選！吃過就愛上的新鮮自然氣息！', 7, 2, '1', '', 75, 'vegetable_009.jpg,vegetable_010.jpg'),
(112, 'product_0112', '鮮食沙拉萵苣', '1.5台斤±5%', '適地適作、健康茁壯', '細心栽種，溫室栽培品質穩定，堅持栽種有機農作，拒絕使用基因改造資材，絕不使用對生態有害的農藥，也不使用化學肥料，品質保證，安心又好吃。', '含豐富的營養滿滿美味又健康。不使用任何農藥、化學肥料與除草劑，僅用自製液態肥料搭配有機肥補充養份，友善環境也種出安心蔬菜。', 3, 2, '1', '', 100, 'vegetable_011.jpg,vegetable_012.jpg'),
(113, 'product_0113', '全年好朋友地瓜葉', '150g/包', '無毒、無農藥的安心食材', '絕不使用對生態有害的農藥，也不使用化學肥料，品質保證，安心又好吃。高成本打造栽培設施，乾淨無汙染，草生栽培，無農藥無化肥栽培，健康安心。', '天然滋味料理好食材第一首選！吃過就愛上的新鮮自然氣息！不使用任何農藥、化學肥料與除草劑，僅用自製液態肥料搭配有機肥補充養份，友善環境也種出安心蔬菜。', 5, 2, '1', '', 75, 'vegetable_013.jpg,vegetable_014.jpg'),
(114, 'product_0114', '地瓜葉超值家庭組', '450g/組，每組三包', '無毒、無農藥的安心食材', '堅持不使用除草劑，搭配微生物、營養劑與酵素，提供蔬菜更天然無毒的營養，採取友善及減藥栽培法，提供更天然無毒的栽培環境，安心食用更放心！', '拒絕使用基因改造資材，絕不使用對生態有害的農藥，也不使用化學肥料，品質保證，安心又好吃。天然滋味料理好食材第一首選！', 8, 2, '1', '', 100, 'vegetable_015.jpg,vegetable_016.jpg'),
(115, 'product_0115', '有機轉型青花菜', '1台斤/包', '來自友善農家的贈禮', '提供蔬菜更天然無毒的營養、堅持不使用除草劑，搭配微生物、營養劑與酵素，使用草生栽培、不使用除草劑、無農藥，留給生態與人們最安心的生活環境。', '不使用化學肥料，品質保證，安心又好吃。含豐富的營養滿滿美味又健康。', 2, 2, '1', '', 50, 'vegetable_017.jpg,vegetable_018.jpg'),
(116, 'product_0116', '有機轉型青花菜', '2台斤/一組，每組三包', '來自友善農家的贈禮', '使用草生栽培、不使用除草劑、無農藥，留給生態與人們最安心的生活環境。採取友善及減藥栽培法，提供更天然無毒的栽培環境，安心食用更放心！', '吃過就愛上的新鮮自然氣息！含豐富的營養滿滿美味又健康。', 3, 2, '1', '', 100, 'vegetable_019.jpg,vegetable_020.jpg'),
(117, 'product_0117', '好農白花菜', '300g/包 ±5%', '友善耕作、安心蔬食', '高成本打造栽培設施，乾淨無汙染，草生栽培，無農藥無化肥栽培，健康安心。堅持不使用除草劑，搭配微生物、營養劑與酵素，提供蔬菜更天然無毒的營養', '含豐富的營養滿滿美味又健康。吃過就愛上的新鮮自然氣息！', 6, 2, '1', '', 25, 'vegetable_021.jpg,vegetable_022.jpg'),
(118, 'product_0118', '好農白花菜', '600g/一包 ±5%', '友善耕作、安心蔬食', '採取友善及減藥栽培法，提供更天然無毒的栽培環境，安心食用更放心！用心栽種，溫室栽培品質穩定，堅持栽種有機農作，拒絕使用基因改造資材', '堅持栽種有機農作，拒絕使用基因改造資材，絕不使用對生態有害的農藥，也不使用化學肥料，品質保證，安心又好吃。', 4, 2, '1', '', 150, 'vegetable_023.jpg,vegetable_024.jpg'),
(119, 'product_0119', '鮮嫩芥蘭菜', '半台斤 ±5%', '設施栽培、安全無毒', '細心栽種，溫室栽培品質穩定，堅持栽種有機農作，拒絕使用基因改造資材，絕不使用對生態有害的農藥，也不使用化學肥料，品質保證，安心又好吃。', '不使用任何農藥、化學肥料與除草劑，僅用自製液態肥料搭配有機肥補充養份，友善環境也種出安心蔬菜。', 3, 2, '2', '', 50, 'vegetable_025.jpg,vegetable_026.jpg'),
(120, 'product_0120', '好食芥蘭菜', '1.5台斤±5%', '設施栽培、安全無毒', '絕不使用對生態有害的農藥，也不使用化學肥料，品質保證，安心又好吃。高成本打造栽培設施，乾淨無汙染，草生栽培，無農藥無化肥栽培，健康安心。', '溫室栽培品質穩定，天然滋味料理好食材第一首選！吃過就愛上的新鮮自然氣息！', 9, 2, '2', '', 125, 'vegetable_027.jpg,vegetable_028.jpg'),
(121, 'product_0121', '高山金針花', '150g/包', '適地適作、健康茁壯', '堅持不使用除草劑，搭配微生物、營養劑與酵素，提供蔬菜更天然無毒的營養，採取友善及減藥栽培法，提供更天然無毒的栽培環境，安心食用更放心！', '含豐富的營養滿滿美味又健康。不使用任何農藥、化學肥料與除草劑，僅用自製液態肥料搭配有機肥補充養份，友善環境也種出安心蔬菜。', 6, 2, '2', '', 75, 'vegetable_029.jpg,vegetable_030.jpg'),
(122, 'product_0122', '有機金針花', '450g/組，每組三包', '適地適作、健康茁壯', '提供蔬菜更天然無毒的營養、堅持不使用除草劑，搭配微生物、營養劑與酵素，使用草生栽培、不使用除草劑、無農藥，留給生態與人們最安心的生活環境。', '天然滋味料理好食材第一首選！吃過就愛上的新鮮自然氣息！不使用任何農藥、化學肥料與除草劑，僅用自製液態肥料搭配有機肥補充養份，友善環境也種出安心蔬菜。', 9, 2, '2', '', 100, 'vegetable_031.jpg,vegetable_032.jpg'),
(123, 'product_0123', '金手指轉型蘆筍', '1台斤/包', '無毒、無農藥的安心食材', '使用草生栽培、不使用除草劑、無農藥，留給生態與人們最安心的生活環境。採取友善及減藥栽培法，提供更天然無毒的栽培環境，安心食用更放心！', '拒絕使用基因改造資材，絕不使用對生態有害的農藥，也不使用化學肥料，品質保證，安心又好吃。天然滋味料理好食材第一首選！', 3, 2, '2', '', 25, 'vegetable_033.jpg,vegetable_034.jpg'),
(124, 'product_0124', '青青甜蘆筍', '2台斤/一組，每組三包', '無毒、無農藥的安心食材', '高成本打造栽培設施，乾淨無汙染，草生栽培，無農藥無化肥栽培，健康安心。堅持不使用除草劑，搭配微生物、營養劑與酵素，提供蔬菜更天然無毒的營養', '不使用化學肥料，品質保證，安心又好吃。含豐富的營養滿滿美味又健康。', 4, 2, '2', '', 150, 'vegetable_035.jpg,vegetable_036.jpg'),
(125, 'product_0125', '春來好絲瓜', '300g/包 ±5%', '來自友善農家的贈禮', '採取友善及減藥栽培法，提供更天然無毒的栽培環境，安心食用更放心！用心栽種，溫室栽培品質穩定，堅持栽種有機農作，拒絕使用基因改造資材', '吃過就愛上的新鮮自然氣息！含豐富的營養滿滿美味又健康。', 5, 2, '3', '', 25, 'vegetable_037.jpg,vegetable_038.jpg'),
(126, 'product_0126', '外婆絲瓜', '600g/一包 ±5%', '來自友善農家的贈禮', '細心栽種，溫室栽培品質穩定，堅持栽種有機農作，拒絕使用基因改造資材，絕不使用對生態有害的農藥，也不使用化學肥料，品質保證，安心又好吃。', '含豐富的營養滿滿美味又健康。吃過就愛上的新鮮自然氣息！', 9, 2, '3', '', 100, 'vegetable_039.jpg,vegetable_040.jpg'),
(127, 'product_0127', '友善無毒田冬瓜', '半台斤 ±5%', '友善耕作、安心蔬食', '絕不使用對生態有害的農藥，也不使用化學肥料，品質保證，安心又好吃。高成本打造栽培設施，乾淨無汙染，草生栽培，無農藥無化肥栽培，健康安心。', '堅持栽種有機農作，拒絕使用基因改造資材，絕不使用對生態有害的農藥，也不使用化學肥料，品質保證，安心又好吃。', 4, 2, '3', '', 50, 'vegetable_041.jpg,vegetable_042.jpg'),
(128, 'product_0128', '草生栽培冬瓜', '1.5台斤±5%', '友善耕作、安心蔬食', '堅持不使用除草劑，搭配微生物、營養劑與酵素，提供蔬菜更天然無毒的營養，採取友善及減藥栽培法，提供更天然無毒的栽培環境，安心食用更放心！', '不使用任何農藥、化學肥料與除草劑，僅用自製液態肥料搭配有機肥補充養份，友善環境也種出安心蔬菜。', 4, 2, '3', '', 150, 'vegetable_043.jpg,vegetable_044.jpg'),
(129, 'product_0129', '自然農法匏瓜', '150g/包', '設施栽培、安全無毒', '提供蔬菜更天然無毒的營養、堅持不使用除草劑，搭配微生物、營養劑與酵素，使用草生栽培、不使用除草劑、無農藥，留給生態與人們最安心的生活環境。', '溫室栽培品質穩定，天然滋味料理好食材第一首選！吃過就愛上的新鮮自然氣息！', 3, 2, '3', '', 100, 'vegetable_045.jpg,vegetable_046.jpg'),
(130, 'product_0130', '有機轉型匏瓜', '450g/組，每組三包', '設施栽培、安全無毒', '使用草生栽培、不使用除草劑、無農藥，留給生態與人們最安心的生活環境。採取友善及減藥栽培法，提供更天然無毒的栽培環境，安心食用更放心！', '含豐富的營養滿滿美味又健康。不使用任何農藥、化學肥料與除草劑，僅用自製液態肥料搭配有機肥補充養份，友善環境也種出安心蔬菜。', 3, 2, '3', '', 125, 'vegetable_047.jpg,vegetable_048.jpg'),
(131, 'product_0131', '早春寶小黃瓜', '1台斤/包', '適地適作、健康茁壯', '高成本打造栽培設施，乾淨無汙染，草生栽培，無農藥無化肥栽培，健康安心。堅持不使用除草劑，搭配微生物、營養劑與酵素，提供蔬菜更天然無毒的營養', '天然滋味料理好食材第一首選！吃過就愛上的新鮮自然氣息！不使用任何農藥、化學肥料與除草劑，僅用自製液態肥料搭配有機肥補充養份，友善環境也種出安心蔬菜。', 1, 2, '3', '', 50, 'vegetable_049.jpg,vegetable_050.jpg'),
(132, 'product_0132', '有機 小黃瓜', '2台斤/一組，每組三包', '適地適作、健康茁壯', '採取友善及減藥栽培法，提供更天然無毒的栽培環境，安心食用更放心！用心栽種，溫室栽培品質穩定，堅持栽種有機農作，拒絕使用基因改造資材', '拒絕使用基因改造資材，絕不使用對生態有害的農藥，也不使用化學肥料，品質保證，安心又好吃。天然滋味料理好食材第一首選！', 3, 2, '3', '', 125, 'vegetable_051.jpg,vegetable_052.jpg'),
(133, 'product_0133', '網室四季豆', '300g/包 ±5%', '無毒、無農藥的安心食材', '細心栽種，溫室栽培品質穩定，堅持栽種有機農作，拒絕使用基因改造資材，絕不使用對生態有害的農藥，也不使用化學肥料，品質保證，安心又好吃。', '不使用化學肥料，品質保證，安心又好吃。含豐富的營養滿滿美味又健康。', 2, 2, '3', '', 75, 'vegetable_053.jpg,vegetable_054.jpg'),
(134, 'product_0134', '設施栽培四季豆', '600g/一包 ±5%', '無毒、無農藥的安心食材', '絕不使用對生態有害的農藥，也不使用化學肥料，品質保證，安心又好吃。高成本打造栽培設施，乾淨無汙染，草生栽培，無農藥無化肥栽培，健康安心。', '吃過就愛上的新鮮自然氣息！含豐富的營養滿滿美味又健康。', 5, 2, '3', '', 150, 'vegetable_055.jpg,vegetable_056.jpg'),
(135, 'product_0135', '共生栽培荷蘭豆', '半台斤 ±5%', '來自友善農家的贈禮', '堅持不使用除草劑，搭配微生物、營養劑與酵素，提供蔬菜更天然無毒的營養，採取友善及減藥栽培法，提供更天然無毒的栽培環境，安心食用更放心！', '含豐富的營養滿滿美味又健康。吃過就愛上的新鮮自然氣息！', 6, 2, '3', '', 75, 'vegetable_057.jpg,vegetable_058.jpg'),
(136, 'product_0136', '有機荷蘭豆', '1.5台斤±5%', '來自友善農家的贈禮', '提供蔬菜更天然無毒的營養、堅持不使用除草劑，搭配微生物、營養劑與酵素，使用草生栽培、不使用除草劑、無農藥，留給生態與人們最安心的生活環境。', '堅持栽種有機農作，拒絕使用基因改造資材，絕不使用對生態有害的農藥，也不使用化學肥料，品質保證，安心又好吃。', 6, 2, '3', '', 150, 'vegetable_059.jpg,vegetable_060.jpg'),
(137, 'product_0137', '轉型期輔導甜椒', '150g/包', '友善耕作、安心蔬食', '使用草生栽培、不使用除草劑、無農藥，留給生態與人們最安心的生活環境。採取友善及減藥栽培法，提供更天然無毒的栽培環境，安心食用更放心！', '不使用任何農藥、化學肥料與除草劑，僅用自製液態肥料搭配有機肥補充養份，友善環境也種出安心蔬菜。', 6, 2, '3', '', 100, 'vegetable_061.jpg,vegetable_062.jpg'),
(138, 'product_0138', '友善栽培甜椒', '450g/組，每組三包', '友善耕作、安心蔬食', '高成本打造栽培設施，乾淨無汙染，草生栽培，無農藥無化肥栽培，健康安心。堅持不使用除草劑，搭配微生物、營養劑與酵素，提供蔬菜更天然無毒的營養', '溫室栽培品質穩定，天然滋味料理好食材第一首選！吃過就愛上的新鮮自然氣息！', 1, 2, '3', '', 150, 'vegetable_063.jpg,vegetable_064.jpg'),
(139, 'product_0139', '自然農法青椒', '1台斤/包', '設施栽培、安全無毒', '採取友善及減藥栽培法，提供更天然無毒的栽培環境，安心食用更放心！用心栽種，溫室栽培品質穩定，堅持栽種有機農作，拒絕使用基因改造資材', '含豐富的營養滿滿美味又健康。不使用任何農藥、化學肥料與除草劑，僅用自製液態肥料搭配有機肥補充養份，友善環境也種出安心蔬菜。', 4, 2, '3', '', 100, 'vegetable_065.jpg,vegetable_066.jpg'),
(140, 'product_0140', '好食在青椒', '2台斤/一組，每組三包', '設施栽培、安全無毒', '細心栽種，溫室栽培品質穩定，堅持栽種有機農作，拒絕使用基因改造資材，絕不使用對生態有害的農藥，也不使用化學肥料，品質保證，安心又好吃。', '天然滋味料理好食材第一首選！吃過就愛上的新鮮自然氣息！不使用任何農藥、化學肥料與除草劑，僅用自製液態肥料搭配有機肥補充養份，友善環境也種出安心蔬菜。', 6, 2, '3', '', 150, 'vegetable_067.jpg,vegetable_068.jpg'),
(141, 'product_0141', '草生栽培甜玉米', '300g/包 ±5%', '適地適作、健康茁壯', '絕不使用對生態有害的農藥，也不使用化學肥料，品質保證，安心又好吃。高成本打造栽培設施，乾淨無汙染，草生栽培，無農藥無化肥栽培，健康安心。', '拒絕使用基因改造資材，絕不使用對生態有害的農藥，也不使用化學肥料，品質保證，安心又好吃。天然滋味料理好食材第一首選！', 8, 2, '3', '', 25, 'vegetable_069.jpg,vegetable_070.jpg'),
(142, 'product_0142', '有機甜玉米', '600g/一包 ±5%', '適地適作、健康茁壯', '堅持不使用除草劑，搭配微生物、營養劑與酵素，提供蔬菜更天然無毒的營養，採取友善及減藥栽培法，提供更天然無毒的栽培環境，安心食用更放心！', '不使用化學肥料，品質保證，安心又好吃。含豐富的營養滿滿美味又健康。', 5, 2, '3', '', 125, 'vegetable_071.jpg,vegetable_072.jpg'),
(143, 'product_0143', '友善土壤白蘿蔔', '半台斤 ±5%', '無毒、無農藥的安心食材', '提供蔬菜更天然無毒的營養、堅持不使用除草劑，搭配微生物、營養劑與酵素，使用草生栽培、不使用除草劑、無農藥，留給生態與人們最安心的生活環境。', '吃過就愛上的新鮮自然氣息！含豐富的營養滿滿美味又健康。', 6, 2, '4', '', 25, 'vegetable_073.jpg,vegetable_074.jpg'),
(144, 'product_0144', '好農白蘿蔔', '1.5台斤±5%', '無毒、無農藥的安心食材', '使用草生栽培、不使用除草劑、無農藥，留給生態與人們最安心的生活環境。採取友善及減藥栽培法，提供更天然無毒的栽培環境，安心食用更放心！', '含豐富的營養滿滿美味又健康。吃過就愛上的新鮮自然氣息！', 1, 2, '4', '', 125, 'vegetable_075.jpg,vegetable_076.jpg'),
(145, 'product_0145', '草生栽培紅蘿蔔', '150g/包', '來自友善農家的贈禮', '高成本打造栽培設施，乾淨無汙染，草生栽培，無農藥無化肥栽培，健康安心。堅持不使用除草劑，搭配微生物、營養劑與酵素，提供蔬菜更天然無毒的營養', '堅持栽種有機農作，拒絕使用基因改造資材，絕不使用對生態有害的農藥，也不使用化學肥料，品質保證，安心又好吃。', 5, 2, '4', '', 75, 'vegetable_077.jpg,vegetable_078.jpg'),
(146, 'product_0146', '友善耕作紅蘿蔔', '450g/組，每組三包', '來自友善農家的贈禮', '採取友善及減藥栽培法，提供更天然無毒的栽培環境，安心食用更放心！用心栽種，溫室栽培品質穩定，堅持栽種有機農作，拒絕使用基因改造資材', '不使用任何農藥、化學肥料與除草劑，僅用自製液態肥料搭配有機肥補充養份，友善環境也種出安心蔬菜。', 8, 2, '4', '', 125, 'vegetable_079.jpg,vegetable_080.jpg'),
(147, 'product_0147', '頂呱呱好地瓜', '1台斤/包', '友善耕作、安心蔬食', '細心栽種，溫室栽培品質穩定，堅持栽種有機農作，拒絕使用基因改造資材，絕不使用對生態有害的農藥，也不使用化學肥料，品質保證，安心又好吃。', '溫室栽培品質穩定，天然滋味料理好食材第一首選！吃過就愛上的新鮮自然氣息！', 5, 2, '4', '', 100, 'vegetable_081.jpg,vegetable_082.jpg'),
(148, 'product_0148', '自然農法地瓜', '2台斤/一組，每組三包', '友善耕作、安心蔬食', '絕不使用對生態有害的農藥，也不使用化學肥料，品質保證，安心又好吃。高成本打造栽培設施，乾淨無汙染，草生栽培，無農藥無化肥栽培，健康安心。', '含豐富的營養滿滿美味又健康。不使用任何農藥、化學肥料與除草劑，僅用自製液態肥料搭配有機肥補充養份，友善環境也種出安心蔬菜。', 7, 2, '4', '', 100, 'vegetable_083.jpg,vegetable_084.jpg'),
(149, 'product_0149', '稻田禮作馬鈴薯', '300g/包 ±5%', '設施栽培、安全無毒', '堅持不使用除草劑，搭配微生物、營養劑與酵素，提供蔬菜更天然無毒的營養，採取友善及減藥栽培法，提供更天然無毒的栽培環境，安心食用更放心！', '天然滋味料理好食材第一首選！吃過就愛上的新鮮自然氣息！不使用任何農藥、化學肥料與除草劑，僅用自製液態肥料搭配有機肥補充養份，友善環境也種出安心蔬菜。', 2, 2, '4', '', 100, 'vegetable_085.jpg,vegetable_086.jpg'),
(150, 'product_0150', '春收馬鈴薯', '600g/一包 ±5%', '設施栽培、安全無毒', '提供蔬菜更天然無毒的營養、堅持不使用除草劑，搭配微生物、營養劑與酵素，使用草生栽培、不使用除草劑、無農藥，留給生態與人們最安心的生活環境。', '拒絕使用基因改造資材，絕不使用對生態有害的農藥，也不使用化學肥料，品質保證，安心又好吃。天然滋味料理好食材第一首選！', 9, 2, '4', '', 125, 'vegetable_087.jpg,vegetable_088.jpg'),
(151, 'product_0151', '安心沙地生薑', '半台斤 ±5%', '適地適作、健康茁壯', '使用草生栽培、不使用除草劑、無農藥，留給生態與人們最安心的生活環境。採取友善及減藥栽培法，提供更天然無毒的栽培環境，安心食用更放心！', '不使用化學肥料，品質保證，安心又好吃。含豐富的營養滿滿美味又健康。', 5, 2, '4', '', 100, 'vegetable_089.jpg,vegetable_090.jpg'),
(152, 'product_0152', '有機生薑', '1.5台斤±5%', '適地適作、健康茁壯', '高成本打造栽培設施，乾淨無汙染，草生栽培，無農藥無化肥栽培，健康安心。堅持不使用除草劑，搭配微生物、營養劑與酵素，提供蔬菜更天然無毒的營養', '吃過就愛上的新鮮自然氣息！含豐富的營養滿滿美味又健康。', 3, 2, '4', '', 125, 'vegetable_091.jpg,vegetable_092.jpg'),
(153, 'product_0153', '田園長蒜', '150g/包', '無毒、無農藥的安心食材', '採取友善及減藥栽培法，提供更天然無毒的栽培環境，安心食用更放心！用心栽種，溫室栽培品質穩定，堅持栽種有機農作，拒絕使用基因改造資材', '含豐富的營養滿滿美味又健康。吃過就愛上的新鮮自然氣息！', 8, 2, '4', '', 50, 'vegetable_093.jpg,vegetable_094.jpg'),
(154, 'product_0154', '轉型期蒜', '450g/組，每組三包', '無毒、無農藥的安心食材', '細心栽種，溫室栽培品質穩定，堅持栽種有機農作，拒絕使用基因改造資材，絕不使用對生態有害的農藥，也不使用化學肥料，品質保證，安心又好吃。', '堅持栽種有機農作，拒絕使用基因改造資材，絕不使用對生態有害的農藥，也不使用化學肥料，品質保證，安心又好吃。', 6, 2, '4', '', 125, 'vegetable_095.jpg,vegetable_096.jpg'),
(155, 'product_0155', '好伴友青蒜', '1台斤/包', '來自友善農家的贈禮', '絕不使用對生態有害的農藥，也不使用化學肥料，品質保證，安心又好吃。高成本打造栽培設施，乾淨無汙染，草生栽培，無農藥無化肥栽培，健康安心。', '不使用任何農藥、化學肥料與除草劑，僅用自製液態肥料搭配有機肥補充養份，友善環境也種出安心蔬菜。', 7, 2, '4', '', 25, 'vegetable_097.jpg,vegetable_098.jpg'),
(156, 'product_0156', '草生栽培青蒜', '2台斤/一組，每組三包', '來自友善農家的贈禮', '堅持不使用除草劑，搭配微生物、營養劑與酵素，提供蔬菜更天然無毒的營養，採取友善及減藥栽培法，提供更天然無毒的栽培環境，安心食用更放心！', '溫室栽培品質穩定，天然滋味料理好食材第一首選！吃過就愛上的新鮮自然氣息！', 9, 2, '4', '', 150, 'vegetable_099.jpg,vegetable_100.jpg'),
(157, 'product_0157', '南國洋有機蔥', '300g/包 ±5%', '友善耕作、安心蔬食', '提供蔬菜更天然無毒的營養、堅持不使用除草劑，搭配微生物、營養劑與酵素，使用草生栽培、不使用除草劑、無農藥，留給生態與人們最安心的生活環境。', '含豐富的營養滿滿美味又健康。不使用任何農藥、化學肥料與除草劑，僅用自製液態肥料搭配有機肥補充養份，友善環境也種出安心蔬菜。', 1, 2, '4', '', 100, 'vegetable_101.jpg,vegetable_102.jpg'),
(158, 'product_0158', '有機洋蔥', '600g/一包 ±5%', '友善耕作、安心蔬食', '使用草生栽培、不使用除草劑、無農藥，留給生態與人們最安心的生活環境。採取友善及減藥栽培法，提供更天然無毒的栽培環境，安心食用更放心！', '天然滋味料理好食材第一首選！吃過就愛上的新鮮自然氣息！不使用任何農藥、化學肥料與除草劑，僅用自製液態肥料搭配有機肥補充養份，友善環境也種出安心蔬菜。', 5, 2, '4', '', 150, 'vegetable_103.jpg,vegetable_104.jpg'),
(159, 'product_0159', '設施栽培金針菇', '半台斤 ±5%', '設施栽培、安全無毒', '高成本打造栽培設施，乾淨無汙染，草生栽培，無農藥無化肥栽培，健康安心。堅持不使用除草劑，搭配微生物、營養劑與酵素，提供蔬菜更天然無毒的營養', '拒絕使用基因改造資材，絕不使用對生態有害的農藥，也不使用化學肥料，品質保證，安心又好吃。天然滋味料理好食材第一首選！', 2, 2, '5', '', 100, 'vegetable_105.jpg,vegetable_106.jpg'),
(160, 'product_0160', '高級設施金針菇', '1.5台斤±5%', '設施栽培、安全無毒', '採取友善及減藥栽培法，提供更天然無毒的栽培環境，安心食用更放心！用心栽種，溫室栽培品質穩定，堅持栽種有機農作，拒絕使用基因改造資材', '不使用化學肥料，品質保證，安心又好吃。含豐富的營養滿滿美味又健康。', 1, 2, '5', '', 150, 'vegetable_107.jpg,vegetable_108.jpg'),
(161, 'product_0161', '設施轉型期杏包菇', '150g/包', '適地適作、健康茁壯', '細心栽種，溫室栽培品質穩定，堅持栽種有機農作，拒絕使用基因改造資材，絕不使用對生態有害的農藥，也不使用化學肥料，品質保證，安心又好吃。', '吃過就愛上的新鮮自然氣息！含豐富的營養滿滿美味又健康。', 4, 2, '5', '', 75, 'vegetable_109.jpg,vegetable_110.jpg'),
(162, 'product_0162', '有機資材杏包菇', '450g/組，每組三包', '適地適作、健康茁壯', '絕不使用對生態有害的農藥，也不使用化學肥料，品質保證，安心又好吃。高成本打造栽培設施，乾淨無汙染，草生栽培，無農藥無化肥栽培，健康安心。', '含豐富的營養滿滿美味又健康。吃過就愛上的新鮮自然氣息！', 5, 2, '5', '', 125, 'vegetable_111.jpg,vegetable_112.jpg'),
(163, 'product_0163', '鮮香猴頭菇', '1台斤/包', '無毒、無農藥的安心食材', '堅持不使用除草劑，搭配微生物、營養劑與酵素，提供蔬菜更天然無毒的營養，採取友善及減藥栽培法，提供更天然無毒的栽培環境，安心食用更放心！', '堅持栽種有機農作，拒絕使用基因改造資材，絕不使用對生態有害的農藥，也不使用化學肥料，品質保證，安心又好吃。', 9, 2, '5', '', 100, 'vegetable_113.jpg,vegetable_114.jpg'),
(164, 'product_0164', '高級設施猴頭菇', '2台斤/一組，每組三包', '無毒、無農藥的安心食材', '提供蔬菜更天然無毒的營養、堅持不使用除草劑，搭配微生物、營養劑與酵素，使用草生栽培、不使用除草劑、無農藥，留給生態與人們最安心的生活環境。', '不使用任何農藥、化學肥料與除草劑，僅用自製液態肥料搭配有機肥補充養份，友善環境也種出安心蔬菜。', 3, 2, '5', '', 125, 'vegetable_115.jpg,vegetable_116.jpg'),
(165, 'product_0165', '良資鮮香菇', '300g/包 ±5%', '設施栽培、安全無毒', '使用草生栽培、不使用除草劑、無農藥，留給生態與人們最安心的生活環境。採取友善及減藥栽培法，提供更天然無毒的栽培環境，安心食用更放心！', '溫室栽培品質穩定，天然滋味料理好食材第一首選！吃過就愛上的新鮮自然氣息！', 5, 2, '5', '', 50, 'vegetable_117.jpg,vegetable_118.jpg'),
(166, 'product_0166', '設施鮮香菇', '600g/一包 ±5%', '設施栽培、安全無毒', '高成本打造栽培設施，乾淨無汙染，草生栽培，無農藥無化肥栽培，健康安心。堅持不使用除草劑，搭配微生物、營養劑與酵素，提供蔬菜更天然無毒的營養', '含豐富的營養滿滿美味又健康。不使用任何農藥、化學肥料與除草劑，僅用自製液態肥料搭配有機肥補充養份，友善環境也種出安心蔬菜。', 7, 2, '5', '', 150, 'vegetable_119.jpg,vegetable_120.jpg');

-- --------------------------------------------------------

--
-- 資料表結構 `product_brand`
--

CREATE TABLE `product_brand` (
  `sid` int(11) NOT NULL,
  `brand_name` varchar(255) NOT NULL,
  `brand_slogan` varchar(255) NOT NULL,
  `brand_info_1` varchar(255) NOT NULL,
  `brand_info_2` varchar(255) NOT NULL,
  `brand_img` varchar(255) NOT NULL
) ENGINE=InnoDB DEFAULT CHARSET=utf8mb4 COLLATE=utf8mb4_general_ci;

--
-- 傾印資料表的資料 `product_brand`
--

INSERT INTO `product_brand` (`sid`, `brand_name`, `brand_slogan`, `brand_info_1`, `brand_info_2`, `brand_img`) VALUES
(1, '大樹阿瑋農園', '傳承家業的新世代青農', '高雄市大樹區位於高屏溪西側，為重要的水源重地，居民多為務農人家，農特產相當多元，由於種植技術精良，口感風味絕佳，因此備受消費者青睞。', '大樹阿瑋農園是由八年級生阿瑋建立的自有品牌，堅持草生栽培，以星月水薄荷當作主要草種，花期之後以有機資材取代農藥，並在採收期自行將農產品送驗，達到未檢出的標準才肯出貨。', 'brand1_01.jpg,brand1_02.jpg,brand1_03.jpg'),
(2, '彬哥農園', '跳脫軍旅生涯投入農業', '彬哥擔任軍職多年，與家人聚少離多，為增加陪伴孩子成長的時光，他決定卸下工作，返鄉投入務農的行列，栽培高品質的溫室蔬果。', '堅持不使用除草劑，減少農藥使用，利用有機資材搭配物理防治的方法對抗病蟲害，架設「滴灌管」，以達到更精準地控制水分，也適時採用農作物交替耕作。', 'brand2_01.jpg,brand2_02.jpg,brand2_03.jpg'),
(3, '李家熱帶果園', '安心又美味的熱帶水果', '李大哥從小跟著父母務農，已在這片土地耕作超過三十年，早期種植稻米，後來透過友人介紹，開始嘗試栽培牛奶果、黃金果與紅毛丹等台灣不常見的熱帶水果。', '李大哥以友善耕作的方式，種植出美味又健康的熱帶水果，讓消費者能吃得安心又健康，喜歡紅毛丹、黃金果、牛奶果的你千萬別錯過。', 'brand3_01.jpg,brand3_02.jpg,brand3_03.jpg'),
(4, '美雲姊的蔬果園', '金融業轉換跑道投入農業', '六龜區位於高雄北端，四面環山氣候溫和，主要作物的灌溉用水，均引自荖濃溪清澈無汙染的水源，受天然資源呵護下，優質農產更是遠近馳名。', '荖濃溪旁佔地六公頃多的蔬果園，裡頭有蕃茄、蓮霧、芭樂、芒果、蘿蔔、南瓜、火龍果、稻米等多種作物。美雲姊從金融業轉戰農業接手果園後，也全力轉型經營無毒農業，讓消費者吃得安心。', 'brand4_01.jpg,brand4_02.jpg,brand4_03.jpg'),
(5, '阿賢的溫室農場', '與這片土地做朋友', '阿賢是土生土長的四湖人，對於農業有自己的一套理想，投入高成本提升品質，堅持作物完熟採收，出貨前都會親自挑選，使大家都能品嚐到果實真正的風味。', '溫室內全區採滴灌法，病蟲害管理上遵循有機方式，不使用化學肥料與農藥，依不同作物特性調整植株間距，只要營造舒適的環境，不僅工作更有效率，土地也會給你更好的回饋。', 'brand5_01.jpg,brand5_02.jpg,brand5_03.jpg'),
(6, '洪家有機農場', '傳承家族默默耕耘的精神', '水林洪姓大家族世代以務農為主，洪大哥搭建溫室並遵循適地適種、田間多樣輪做，以人工除草代替除草劑，使用有機資材取代農藥，自製發酵菌種取代化肥等。', '洪大哥表示：「沒有農藥的產品讓消費者安心吃，生產者也跟著健康了起來。」他用關心自身健康的意識，及友善土地的理念，繼承家族耕耘的精神。', 'brand6_01.jpg,brand6_02.jpg,brand6_03.jpg'),
(7, '陳哥有機農園', '有機的生活方式', '水林鄉位在雲林跟嘉義的交界處，每到冬季風大、易缺水，但土壤有濁水溪帶來的黏土，及海水倒灌的鹽地特性，造就此處特殊而肥沃的耕地。', '陳大哥顛覆過去慣行栽種的思維，申請有機驗證，以無農藥、無化肥、無除草劑的方式種田，農場多樣性栽種，加上有機管理，使農場生態越來越好。', 'brand7_01.jpg,brand7_02.jpg,brand7_03.jpg'),
(8, '阿邦有機農園', '新手農夫堅持友善農法', '座落在彰化秀水的農園，是由阿邦與父親聯手建立，在第一年試種洋香瓜與玉女蕃茄，全程採友善的管理方式，用心栽培，與自然和平相處，期望回歸田園打造理想中的零用藥農場。', '堅持不施用農藥與化學肥料，阿邦表示，踏入農業讓他能兼顧家人和消費者的健康，也對台灣這片土地有了更深的情感連結。', 'brand8_01.jpg,brand8_02.jpg,brand8_03.jpg'),
(9, '郭哥有機農園', '宜蘭囝仔用行動愛家鄉', '郭大哥是土生土長的宜蘭人，為了產品安全與守護家鄉土地，堅持採用機農法，不使用任何農藥與化學肥料，以維護宜蘭美好的自然環境。', '郭大哥投入積蓄，回饋自己成長的土地，從最源頭的園區管理，實踐友善農法，掌握現今消費者最重視的食安問題，他堅信宜蘭的有機事業，未來將不斷的成長茁壯，生生不息。', 'brand9_01.jpg,brand9_02.jpg,brand9_03.jpg'),
(10, '芬楊果園', '軍職退役接手家業', '芬園鄉位於彰化縣東北部，擁有優良的水質與盆地氣候，米粉丶鳯梨丶荔枝素有「芬園三寶」的美名，其餘像是番石榴、龍眼、花卉等等，也有小規模的栽培。', '楊大哥過去曾在中山醫學大學擔任教官，退休後回歸山林種水果，以軍人不服輸精神，扭轉夕陽農業，用新型態推銷農產品，讓消費看見農村價值，吸引青年加入，希望未來對台灣農業有所貢獻。', 'brand10_01.jpg,brand10_02.jpg,brand10_03.jpg');

-- --------------------------------------------------------

--
-- 資料表結構 `product_category`
--

CREATE TABLE `product_category` (
  `sid` int(11) NOT NULL,
  `category_name` varchar(20) NOT NULL
) ENGINE=InnoDB DEFAULT CHARSET=utf16 COLLATE=utf16_general_ci;

--
-- 傾印資料表的資料 `product_category`
--

INSERT INTO `product_category` (`sid`, `category_name`) VALUES
(1, '水果'),
(2, '蔬菜'),
(3, '加工品'),
(4, '其他');

-- --------------------------------------------------------

--
-- 資料表結構 `product_processed`
--

CREATE TABLE `product_processed` (
  `sid` int(11) NOT NULL,
  `processed_name` varchar(255) NOT NULL
) ENGINE=InnoDB DEFAULT CHARSET=utf8mb4 COLLATE=utf8mb4_general_ci;

--
-- 傾印資料表的資料 `product_processed`
--

INSERT INTO `product_processed` (`sid`, `processed_name`) VALUES
(1, '糕餅'),
(2, '醃漬'),
(3, '醬料'),
(4, '果乾'),
(5, '飲品');

-- --------------------------------------------------------

--
-- 資料表結構 `product_season`
--

CREATE TABLE `product_season` (
  `sid` int(11) NOT NULL,
  `season_name` varchar(255) NOT NULL
) ENGINE=InnoDB DEFAULT CHARSET=utf8mb4 COLLATE=utf8mb4_general_ci;

--
-- 傾印資料表的資料 `product_season`
--

INSERT INTO `product_season` (`sid`, `season_name`) VALUES
(1, '產季中'),
(2, '非產季');

-- --------------------------------------------------------

--
-- 資料表結構 `product_vegetable`
--

CREATE TABLE `product_vegetable` (
  `sid` int(11) NOT NULL,
  `vegetable_name` varchar(30) NOT NULL
) ENGINE=InnoDB DEFAULT CHARSET=utf8mb4 COLLATE=utf8mb4_general_ci;

--
-- 傾印資料表的資料 `product_vegetable`
--

INSERT INTO `product_vegetable` (`sid`, `vegetable_name`) VALUES
(1, '葉菜'),
(2, '花菜'),
(3, '瓜果'),
(4, '根莖'),
(5, '菌菇');

-- --------------------------------------------------------

--
-- 資料表結構 `sessions`
--

CREATE TABLE `sessions` (
  `session_id` varchar(128) CHARACTER SET utf8mb4 COLLATE utf8mb4_bin NOT NULL,
  `expires` int(11) UNSIGNED NOT NULL,
  `data` mediumtext CHARACTER SET utf8mb4 COLLATE utf8mb4_bin DEFAULT NULL
) ENGINE=InnoDB DEFAULT CHARSET=utf8mb4 COLLATE=utf8mb4_general_ci;

--
-- 傾印資料表的資料 `sessions`
--

INSERT INTO `sessions` (`session_id`, `expires`, `data`) VALUES
('vpz-czBIv-xCNpS7Usj2NdUnKqVX4_MR', 1679727581, '{\"cookie\":{\"originalMaxAge\":null,\"expires\":null,\"httpOnly\":true,\"path\":\"/\"},\"admin\":{\"sid\":2,\"account\":\"farmerwww2\"}}');

-- --------------------------------------------------------

--
-- 資料表結構 `sidebars`
--

CREATE TABLE `sidebars` (
  `sid` int(11) NOT NULL,
  `nid` int(11) NOT NULL,
  `name_key` int(11) NOT NULL,
  `button_name` varchar(255) NOT NULL,
  `button_href` varchar(255) NOT NULL
) ENGINE=InnoDB DEFAULT CHARSET=utf8mb4 COLLATE=utf8mb4_general_ci;

--
-- 傾印資料表的資料 `sidebars`
--

INSERT INTO `sidebars` (`sid`, `nid`, `name_key`, `button_name`, `button_href`) VALUES
(1, 0, 0, '首頁', 'index.php'),
(2, 0, 0, '產品管理', 'product-list.php'),
(3, 0, 0, '課程管理', 'lesson-list.php'),
(4, 0, 0, '訂單管理', 'myorder.php'),
(5, 0, 0, '會員管理', 'member-list.php'),
(6, 0, 0, '優惠券管理', 'coupon-list.php'),
(7, 0, 0, '評論管理', 'comment-list.php'),
(8, 1, 2, '品牌與分類', '#'),
(9, 0, 0, '設定', '');

--
-- 已傾印資料表的索引
--

--
-- 資料表索引 `admins`
--
ALTER TABLE `admins`
  ADD PRIMARY KEY (`sid`),
  ADD UNIQUE KEY `account` (`account`);

--
-- 資料表索引 `all_category`
--
ALTER TABLE `all_category`
  ADD PRIMARY KEY (`sid`);

--
-- 資料表索引 `awards`
--
ALTER TABLE `awards`
  ADD PRIMARY KEY (`sid`);

--
-- 資料表索引 `awards_details`
--
ALTER TABLE `awards_details`
  ADD PRIMARY KEY (`sid`);

--
-- 資料表索引 `bookmark_lesson`
--
ALTER TABLE `bookmark_lesson`
  ADD PRIMARY KEY (`sid`);

--
-- 資料表索引 `bookmark_product`
--
ALTER TABLE `bookmark_product`
  ADD PRIMARY KEY (`sid`);

--
-- 資料表索引 `comment_lesson`
--
ALTER TABLE `comment_lesson`
  ADD PRIMARY KEY (`sid`),
  ADD KEY `member_sid` (`member_sid`);

--
-- 資料表索引 `comment_product`
--
ALTER TABLE `comment_product`
  ADD PRIMARY KEY (`sid`),
  ADD KEY `member_sid` (`member_sid`);

--
-- 資料表索引 `community`
--
ALTER TABLE `community`
  ADD PRIMARY KEY (`sid`);

--
-- 資料表索引 `community_liked`
--
ALTER TABLE `community_liked`
  ADD PRIMARY KEY (`sid`);

--
-- 資料表索引 `community_message`
--
ALTER TABLE `community_message`
  ADD PRIMARY KEY (`sid`);

--
-- 資料表索引 `community_message_replied`
--
ALTER TABLE `community_message_replied`
  ADD PRIMARY KEY (`sid`);

--
-- 資料表索引 `coupon`
--
ALTER TABLE `coupon`
  ADD PRIMARY KEY (`sid`);

--
-- 資料表索引 `coupon_category`
--
ALTER TABLE `coupon_category`
  ADD PRIMARY KEY (`sid`);

--
-- 資料表索引 `coupon_details`
--
ALTER TABLE `coupon_details`
  ADD PRIMARY KEY (`sid`);

--
-- 資料表索引 `coupon_state`
--
ALTER TABLE `coupon_state`
  ADD PRIMARY KEY (`sid`);

--
-- 資料表索引 `coupon_used`
--
ALTER TABLE `coupon_used`
  ADD PRIMARY KEY (`sid`);

--
-- 資料表索引 `lesson`
--
ALTER TABLE `lesson`
  ADD PRIMARY KEY (`sid`);

--
-- 資料表索引 `lesson_category`
--
ALTER TABLE `lesson_category`
  ADD PRIMARY KEY (`sid`);

--
-- 資料表索引 `lesson_onsale`
--
ALTER TABLE `lesson_onsale`
  ADD PRIMARY KEY (`sid`);

--
-- 資料表索引 `lesson_teacher`
--
ALTER TABLE `lesson_teacher`
  ADD PRIMARY KEY (`sid`);

--
-- 資料表索引 `members`
--
ALTER TABLE `members`
  ADD PRIMARY KEY (`sid`),
  ADD UNIQUE KEY `member_email` (`member_email`),
  ADD KEY `member_state_sid` (`member_state_sid`);

--
-- 資料表索引 `member_state`
--
ALTER TABLE `member_state`
  ADD PRIMARY KEY (`sid`);

--
-- 資料表索引 `order`
--
ALTER TABLE `order`
  ADD PRIMARY KEY (`order_id`);

--
-- 資料表索引 `order_lesson`
--
ALTER TABLE `order_lesson`
  ADD PRIMARY KEY (`sid`);

--
-- 資料表索引 `order_lesson_details`
--
ALTER TABLE `order_lesson_details`
  ADD PRIMARY KEY (`sid`),
  ADD KEY `lesson_sid` (`lesson_id`);

--
-- 資料表索引 `order_paid`
--
ALTER TABLE `order_paid`
  ADD PRIMARY KEY (`sid`);

--
-- 資料表索引 `order_product`
--
ALTER TABLE `order_product`
  ADD PRIMARY KEY (`sid`),
  ADD KEY `order_paid` (`order_paid`),
  ADD KEY `order_refund` (`order_refund`),
  ADD KEY `order_sended` (`order_sended`);

--
-- 資料表索引 `order_product_details`
--
ALTER TABLE `order_product_details`
  ADD PRIMARY KEY (`sid`);

--
-- 資料表索引 `order_refund`
--
ALTER TABLE `order_refund`
  ADD PRIMARY KEY (`sid`);

--
-- 資料表索引 `order_sended`
--
ALTER TABLE `order_sended`
  ADD PRIMARY KEY (`sid`);

--
-- 資料表索引 `products`
--
ALTER TABLE `products`
  ADD PRIMARY KEY (`sid`);

--
-- 資料表索引 `product_brand`
--
ALTER TABLE `product_brand`
  ADD PRIMARY KEY (`sid`);

--
-- 資料表索引 `product_category`
--
ALTER TABLE `product_category`
  ADD PRIMARY KEY (`sid`);

--
-- 資料表索引 `product_processed`
--
ALTER TABLE `product_processed`
  ADD PRIMARY KEY (`sid`);

--
-- 資料表索引 `product_season`
--
ALTER TABLE `product_season`
  ADD PRIMARY KEY (`sid`);

--
-- 資料表索引 `product_vegetable`
--
ALTER TABLE `product_vegetable`
  ADD PRIMARY KEY (`sid`);

--
-- 資料表索引 `sessions`
--
ALTER TABLE `sessions`
  ADD PRIMARY KEY (`session_id`);

--
-- 資料表索引 `sidebars`
--
ALTER TABLE `sidebars`
  ADD PRIMARY KEY (`sid`);

--
-- 在傾印的資料表使用自動遞增(AUTO_INCREMENT)
--

--
-- 使用資料表自動遞增(AUTO_INCREMENT) `admins`
--
ALTER TABLE `admins`
  MODIFY `sid` int(11) NOT NULL AUTO_INCREMENT, AUTO_INCREMENT=4;

--
-- 使用資料表自動遞增(AUTO_INCREMENT) `all_category`
--
ALTER TABLE `all_category`
  MODIFY `sid` int(11) NOT NULL AUTO_INCREMENT, AUTO_INCREMENT=3;

--
-- 使用資料表自動遞增(AUTO_INCREMENT) `awards`
--
ALTER TABLE `awards`
  MODIFY `sid` int(11) NOT NULL AUTO_INCREMENT, AUTO_INCREMENT=13;

--
-- 使用資料表自動遞增(AUTO_INCREMENT) `awards_details`
--
ALTER TABLE `awards_details`
  MODIFY `sid` int(11) NOT NULL AUTO_INCREMENT, AUTO_INCREMENT=67;

--
-- 使用資料表自動遞增(AUTO_INCREMENT) `bookmark_lesson`
--
ALTER TABLE `bookmark_lesson`
  MODIFY `sid` int(11) NOT NULL AUTO_INCREMENT, AUTO_INCREMENT=20;

--
-- 使用資料表自動遞增(AUTO_INCREMENT) `bookmark_product`
--
ALTER TABLE `bookmark_product`
  MODIFY `sid` int(11) NOT NULL AUTO_INCREMENT, AUTO_INCREMENT=66;

--
-- 使用資料表自動遞增(AUTO_INCREMENT) `comment_lesson`
--
ALTER TABLE `comment_lesson`
  MODIFY `sid` int(11) NOT NULL AUTO_INCREMENT, AUTO_INCREMENT=224;

--
-- 使用資料表自動遞增(AUTO_INCREMENT) `comment_product`
--
ALTER TABLE `comment_product`
  MODIFY `sid` int(11) NOT NULL AUTO_INCREMENT, AUTO_INCREMENT=3334;

--
-- 使用資料表自動遞增(AUTO_INCREMENT) `community`
--
ALTER TABLE `community`
  MODIFY `sid` int(11) NOT NULL AUTO_INCREMENT, AUTO_INCREMENT=225;

--
-- 使用資料表自動遞增(AUTO_INCREMENT) `community_liked`
--
ALTER TABLE `community_liked`
  MODIFY `sid` int(11) NOT NULL AUTO_INCREMENT, AUTO_INCREMENT=3;

--
-- 使用資料表自動遞增(AUTO_INCREMENT) `community_message`
--
ALTER TABLE `community_message`
  MODIFY `sid` int(11) NOT NULL AUTO_INCREMENT, AUTO_INCREMENT=247;

--
-- 使用資料表自動遞增(AUTO_INCREMENT) `community_message_replied`
--
ALTER TABLE `community_message_replied`
  MODIFY `sid` int(11) NOT NULL AUTO_INCREMENT, AUTO_INCREMENT=3;

--
-- 使用資料表自動遞增(AUTO_INCREMENT) `coupon`
--
ALTER TABLE `coupon`
  MODIFY `sid` int(2) NOT NULL AUTO_INCREMENT, AUTO_INCREMENT=13;

--
-- 使用資料表自動遞增(AUTO_INCREMENT) `coupon_category`
--
ALTER TABLE `coupon_category`
  MODIFY `sid` int(11) NOT NULL AUTO_INCREMENT, AUTO_INCREMENT=3;

--
-- 使用資料表自動遞增(AUTO_INCREMENT) `coupon_details`
--
ALTER TABLE `coupon_details`
  MODIFY `sid` int(11) NOT NULL AUTO_INCREMENT, AUTO_INCREMENT=1082;

--
-- 使用資料表自動遞增(AUTO_INCREMENT) `coupon_state`
--
ALTER TABLE `coupon_state`
  MODIFY `sid` int(11) NOT NULL AUTO_INCREMENT, AUTO_INCREMENT=4;

--
-- 使用資料表自動遞增(AUTO_INCREMENT) `coupon_used`
--
ALTER TABLE `coupon_used`
  MODIFY `sid` int(11) NOT NULL AUTO_INCREMENT, AUTO_INCREMENT=4;

--
-- 使用資料表自動遞增(AUTO_INCREMENT) `lesson`
--
ALTER TABLE `lesson`
  MODIFY `sid` int(11) NOT NULL AUTO_INCREMENT, AUTO_INCREMENT=13;

--
-- 使用資料表自動遞增(AUTO_INCREMENT) `lesson_category`
--
ALTER TABLE `lesson_category`
  MODIFY `sid` int(11) NOT NULL AUTO_INCREMENT, AUTO_INCREMENT=6;

--
-- 使用資料表自動遞增(AUTO_INCREMENT) `lesson_onsale`
--
ALTER TABLE `lesson_onsale`
  MODIFY `sid` int(11) NOT NULL AUTO_INCREMENT, AUTO_INCREMENT=5;

--
-- 使用資料表自動遞增(AUTO_INCREMENT) `lesson_teacher`
--
ALTER TABLE `lesson_teacher`
  MODIFY `sid` int(11) NOT NULL AUTO_INCREMENT, AUTO_INCREMENT=5;

--
-- 使用資料表自動遞增(AUTO_INCREMENT) `members`
--
ALTER TABLE `members`
  MODIFY `sid` int(11) NOT NULL AUTO_INCREMENT, AUTO_INCREMENT=161;

--
-- 使用資料表自動遞增(AUTO_INCREMENT) `member_state`
--
ALTER TABLE `member_state`
  MODIFY `sid` int(11) NOT NULL AUTO_INCREMENT, AUTO_INCREMENT=4;

--
-- 使用資料表自動遞增(AUTO_INCREMENT) `order_lesson`
--
ALTER TABLE `order_lesson`
  MODIFY `sid` int(11) NOT NULL AUTO_INCREMENT, AUTO_INCREMENT=11;

--
-- 使用資料表自動遞增(AUTO_INCREMENT) `order_lesson_details`
--
ALTER TABLE `order_lesson_details`
  MODIFY `sid` int(11) NOT NULL AUTO_INCREMENT, AUTO_INCREMENT=11;

--
-- 使用資料表自動遞增(AUTO_INCREMENT) `order_paid`
--
ALTER TABLE `order_paid`
  MODIFY `sid` int(11) NOT NULL AUTO_INCREMENT, AUTO_INCREMENT=3;

--
-- 使用資料表自動遞增(AUTO_INCREMENT) `order_product`
--
ALTER TABLE `order_product`
  MODIFY `sid` int(11) NOT NULL AUTO_INCREMENT, AUTO_INCREMENT=6;

--
-- 使用資料表自動遞增(AUTO_INCREMENT) `order_product_details`
--
ALTER TABLE `order_product_details`
  MODIFY `sid` int(11) NOT NULL AUTO_INCREMENT, AUTO_INCREMENT=23;

--
-- 使用資料表自動遞增(AUTO_INCREMENT) `order_refund`
--
ALTER TABLE `order_refund`
  MODIFY `sid` int(11) NOT NULL AUTO_INCREMENT, AUTO_INCREMENT=5;

--
-- 使用資料表自動遞增(AUTO_INCREMENT) `order_sended`
--
ALTER TABLE `order_sended`
  MODIFY `sid` int(11) NOT NULL AUTO_INCREMENT, AUTO_INCREMENT=4;

--
-- 使用資料表自動遞增(AUTO_INCREMENT) `products`
--
ALTER TABLE `products`
  MODIFY `sid` int(3) NOT NULL AUTO_INCREMENT, AUTO_INCREMENT=167;

--
-- 使用資料表自動遞增(AUTO_INCREMENT) `product_brand`
--
ALTER TABLE `product_brand`
  MODIFY `sid` int(11) NOT NULL AUTO_INCREMENT, AUTO_INCREMENT=11;

--
-- 使用資料表自動遞增(AUTO_INCREMENT) `product_category`
--
ALTER TABLE `product_category`
  MODIFY `sid` int(11) NOT NULL AUTO_INCREMENT, AUTO_INCREMENT=5;

--
-- 使用資料表自動遞增(AUTO_INCREMENT) `product_processed`
--
ALTER TABLE `product_processed`
  MODIFY `sid` int(11) NOT NULL AUTO_INCREMENT, AUTO_INCREMENT=6;

--
-- 使用資料表自動遞增(AUTO_INCREMENT) `product_season`
--
ALTER TABLE `product_season`
  MODIFY `sid` int(11) NOT NULL AUTO_INCREMENT, AUTO_INCREMENT=3;

--
-- 使用資料表自動遞增(AUTO_INCREMENT) `product_vegetable`
--
ALTER TABLE `product_vegetable`
  MODIFY `sid` int(11) NOT NULL AUTO_INCREMENT, AUTO_INCREMENT=6;

--
-- 使用資料表自動遞增(AUTO_INCREMENT) `sidebars`
--
ALTER TABLE `sidebars`
  MODIFY `sid` int(11) NOT NULL AUTO_INCREMENT, AUTO_INCREMENT=10;

--
-- 已傾印資料表的限制式
--

--
-- 資料表的限制式 `members`
--
ALTER TABLE `members`
  ADD CONSTRAINT `members_ibfk_1` FOREIGN KEY (`member_state_sid`) REFERENCES `member_state` (`sid`);
COMMIT;

/*!40101 SET CHARACTER_SET_CLIENT=@OLD_CHARACTER_SET_CLIENT */;
/*!40101 SET CHARACTER_SET_RESULTS=@OLD_CHARACTER_SET_RESULTS */;
/*!40101 SET COLLATION_CONNECTION=@OLD_COLLATION_CONNECTION */;
